Date,Product_ID,Category,Store_ID,Units_Sold,Price,Discount_Percentage,Promotion_Flag,Stock_Availability,Day_of_Week,Month,Quarter,Holiday_Flag,Is_Weekend,Season,Weather,Local_Event_Flag,Competitor_Price,Economic_Indicator,Sales_Channel,Customer_Segment,Marketing_Spend,Holiday_Name,Lag_1,Lag_7,Lag_14,Rolling_Mean_7,Rolling_Mean_14,Rolling_Mean_30
2024-04-22,P004,Stationery,S02,38,2248.387978358874,0,0,1,Monday,April,Q2,0,0,Spring,Clear,0,2106.473743459802,97.52313877705943,Wholesale,Wholesale,508.7249125442164,None,63.0,58.0,62.0,41.285714285714285,40.357142857142854,39.833333333333336
2024-05-08,P007,Sports,S03,67,3809.408435974676,16,1,1,Wednesday,May,Q2,0,0,Spring,Cloudy,0,3781.932356567186,106.155459249713,Online,Corporate,3103.429742164597,None,11.0,55.0,53.0,41.0,41.07142857142857,39.3
2024-05-14,P007,Sports,S03,39,930.0206670976996,0,0,1,Tuesday,May,Q2,0,0,Spring,Clear,0,939.5221581091528,104.5047649884214,Wholesale,Corporate,310.0255755805596,None,67.0,51.0,9.0,42.714285714285715,42.07142857142857,40.666666666666664
2024-05-15,P004,Stationery,S02,34,4333.172039691838,12,1,1,Wednesday,May,Q2,0,0,Spring,Cloudy,0,4062.399120353157,108.520631679459,In-Store,Corporate,4592.963496492362,None,38.0,26.0,56.0,38.42857142857143,38.642857142857146,38.9
2024-05-20,P006,Apparel,S02,23,3214.387739680046,0,0,1,Monday,May,Q2,0,0,Spring,Stormy,0,3021.295606427923,107.9057873160744,Wholesale,Retail,6.465232566181385,None,39.0,29.0,97.0,51.857142857142854,56.714285714285715,52.03333333333333
2024-05-21,P004,Stationery,S02,31,3000.564101295183,1,0,1,Tuesday,May,Q2,0,0,Spring,Stormy,1,3238.347860593415,105.0405184770921,In-Store,Corporate,690.1026512207926,None,34.0,73.0,46.0,39.57142857142857,37.07142857142857,38.03333333333333
2024-05-21,P006,Apparel,S02,59,1162.217644394811,6,1,1,Tuesday,May,Q2,0,0,Spring,Cloudy,0,1270.01240694879,104.5999181380366,Online,Wholesale,5731.263155197322,None,23.0,46.0,52.0,51.0,51.42857142857143,51.3
2024-05-22,P006,Apparel,S02,50,3491.723998525667,0,1,1,Wednesday,May,Q2,0,0,Spring,Sunny,0,3210.236829468368,96.68433519145388,Wholesale,Corporate,7992.979832765724,None,59.0,22.0,50.0,52.857142857142854,51.92857142857143,51.9
2024-05-25,P002,Electronics,S01,28,1691.674990111379,0,0,1,Saturday,May,Q2,0,1,Spring,Stormy,0,1567.212768368494,106.5906344465534,Wholesale,Corporate,0.0,None,2.0,78.0,59.0,43.714285714285715,40.285714285714285,43.9
2024-05-27,P008,Appliances,S01,62,1932.3,10,1,1,Monday,May,Q2,0,0,Spring,Stormy,1,1789.22,108.26,Online,Corporate,4282.52,None,61.0,52.0,55.0,52.0,51.42857142857143,48.9
2024-05-28,P004,Stationery,S02,63,1143.477194035046,3,1,1,Tuesday,May,Q2,0,0,Spring,Sunny,1,1166.929800284294,109.2461809672589,Online,Retail,9666.048036083741,None,31.0,2.0,2.0,33.57142857142857,36.0,38.86666666666667
2024-05-29,P006,Apparel,S02,2,4414.21,20,1,0,Wednesday,May,Q2,0,0,Spring,Clear,0,4650.62,96.94,Wholesale,Retail,8398.21,None,50.0,96.0,91.0,56.857142857142854,51.92857142857143,51.9
2024-05-30,P004,Stationery,S02,41,3466.058845411948,5,1,1,Thursday,May,Q2,0,0,Spring,Stormy,0,3437.189587642531,99.86420229825383,Wholesale,Retail,7869.153882654949,None,63.0,32.0,45.0,42.285714285714285,40.357142857142854,40.8
2024-06-01,P006,Apparel,S02,100,561.0529913859524,18,1,1,Saturday,June,Q2,0,1,Summer,Clear,1,525.0973965618012,106.9535435467516,In-Store,Wholesale,9138.35819350165,None,2.0,64.0,52.0,43.42857142857143,45.57142857142857,51.0
2024-06-02,P007,Sports,S03,76,2377.01,15,1,1,Sunday,June,Q2,0,1,Summer,Rainy,0,2336.9,101.97,In-Store,Wholesale,1864.85,None,39.0,22.0,46.0,41.0,44.214285714285715,40.9
2024-06-04,P002,Electronics,S01,0,1593.02,5,1,0,Tuesday,June,Q2,0,0,Summer,Stormy,0,1740.43,108.53,In-Store,Wholesale,7350.72,None,28.0,100.0,52.0,36.57142857142857,38.07142857142857,43.03333333333333
2024-06-05,P004,Stationery,S02,69,2591.67,10,1,1,Wednesday,June,Q2,0,0,Summer,Stormy,0,2590.31,96.35,In-Store,Wholesale,4843.69,None,41.0,35.0,6.0,43.57142857142857,40.07142857142857,40.03333333333333
2024-06-05,P007,Sports,S03,1,2358.654273654865,0,1,0,Wednesday,June,Q2,0,0,Summer,Rainy,0,2168.891970647606,99.52718497321217,Wholesale,Wholesale,8272.032822940535,None,76.0,71.0,25.0,48.714285714285715,46.357142857142854,42.166666666666664
2024-06-06,P002,Electronics,S01,58,3763.451449462418,0,0,1,Thursday,June,Q2,0,0,Summer,Sunny,1,3458.142693830851,101.54592770384,Online,Retail,467.6214408546176,None,0.0,52.0,1.0,22.285714285714285,34.357142857142854,41.1
2024-06-06,P004,Stationery,S02,36,3000.05,0,0,1,Thursday,June,Q2,0,0,Summer,Stormy,1,3229.46,104.81,In-Store,Corporate,268.35,None,69.0,63.0,59.0,48.42857142857143,44.57142857142857,42.266666666666666
2024-06-08,P002,Electronics,S01,16,2837.884897865539,11,1,0,Saturday,June,Q2,0,1,Summer,Clear,0,2745.366933678359,107.2749147318474,Online,Wholesale,9400.790020732042,None,58.0,51.0,64.0,23.142857142857142,38.42857142857143,40.9
2024-06-08,P007,Sports,S03,79,2383.680722084025,11,1,1,Saturday,June,Q2,0,1,Summer,Rainy,0,2338.221243588516,102.4010228216865,In-Store,Wholesale,1830.374730593104,None,1.0,1.0,30.0,38.714285714285715,44.642857142857146,40.36666666666667
2024-06-11,P005,Home,S04,30,4115.59,0,0,1,Tuesday,June,Q2,0,0,Summer,Stormy,1,3957.29,108.48,Wholesale,Wholesale,13.32,None,30.0,28.0,59.0,44.42857142857143,41.214285714285715,45.6
2024-06-12,P007,Sports,S03,65,4318.225469926758,9,1,1,Wednesday,June,Q2,0,0,Summer,Sunny,1,4391.489473391219,106.7338556048766,Online,Corporate,1793.645866946408,None,79.0,76.0,70.0,49.857142857142854,48.142857142857146,42.266666666666666
2024-06-14,P007,Sports,S04,59,4389.53,15,1,1,Friday,June,Q2,0,0,Summer,Rainy,1,4132.6,99.88,Wholesale,Corporate,5492.03,None,38.0,83.0,0.0,62.857142857142854,47.57142857142857,40.733333333333334
2024-06-15,P006,Apparel,S02,73,2406.38,10,1,1,Saturday,June,Q2,0,1,Summer,Clear,0,2491.02,108.01,Wholesale,Wholesale,8134.7,None,100.0,67.0,45.0,48.57142857142857,49.0,54.3
2024-06-16,P006,Apparel,S02,30,3219.552251298893,0,0,1,Sunday,June,Q2,0,1,Summer,Stormy,0,3022.722938416363,108.7053374476557,Wholesale,Retail,676.9689194666715,None,73.0,39.0,44.0,49.42857142857143,51.0,54.2
2024-06-16,P005,Home,S04,15,1122.87,0,0,0,Sunday,June,Q2,0,1,Summer,Cloudy,0,1222.02,109.73,In-Store,Wholesale,103.64,None,30.0,55.0,11.0,44.714285714285715,39.142857142857146,43.4
2024-06-18,P002,Electronics,S01,14,2841.613754982021,16,1,0,Tuesday,June,Q2,0,0,Summer,Clear,0,2747.409137260579,107.6930608243415,Online,Wholesale,9387.366662197011,None,16.0,22.0,40.0,18.142857142857142,35.0,39.2
2024-06-19,P002,Electronics,S01,75,713.9755389331115,4,0,1,Wednesday,June,Q2,0,0,Summer,Clear,1,723.5312944413163,103.1514399519578,In-Store,Wholesale,497.3985678792951,None,14.0,1.0,0.0,17.0,33.142857142857146,36.93333333333333
2024-06-19,P004,Stationery,S02,1,4906.698631037696,0,0,1,Wednesday,June,Q2,0,0,Summer,Clear,0,5176.343114153976,101.2958862998461,Online,Corporate,767.1590679390038,None,36.0,38.0,58.0,44.57142857142857,42.92857142857143,42.13333333333333
2024-06-20,P006,Apparel,S04,42,4515.41911644078,8,1,1,Thursday,June,Q2,0,0,Summer,Stormy,0,4946.287218331835,109.1598852231475,In-Store,Corporate,2285.188458653846,None,4.0,1.0,52.0,31.714285714285715,37.214285714285715,46.8
2024-06-21,P005,Home,S04,48,4089.859713375592,10,1,1,Friday,June,Q2,0,0,Summer,Sunny,0,3792.818498400075,104.9229405608708,Online,Corporate,7544.468168374716,None,15.0,45.0,56.0,39.0,39.42857142857143,42.03333333333333
2024-06-21,P007,Sports,S04,3,419.1812942052877,0,0,0,Friday,June,Q2,0,0,Summer,Rainy,0,432.5852008623698,98.03542924283778,Wholesale,Retail,114.9331393399496,None,59.0,62.0,85.0,59.42857142857143,51.785714285714285,41.166666666666664
2024-06-22,P007,Sports,S04,23,1325.417657692434,4,0,1,Saturday,June,Q2,0,1,Summer,Clear,0,1260.962515366284,108.9524557407849,Wholesale,Corporate,29.72147558475058,None,3.0,95.0,14.0,51.0,45.92857142857143,41.233333333333334
2024-06-24,P006,Apparel,S02,45,3493.221643895256,0,1,1,Monday,June,Q2,0,0,Summer,Sunny,0,3204.710577202266,96.79783025856881,Wholesale,Corporate,8418.315048662542,None,30.0,23.0,29.0,48.142857142857146,50.0,55.166666666666664
2024-06-24,P006,Apparel,S02,46,3797.356669838271,16,1,1,Monday,June,Q2,0,0,Summer,Sunny,0,3668.963132279195,101.2622321975618,Wholesale,Retail,2927.585216022017,None,45.0,59.0,46.0,51.285714285714285,51.142857142857146,54.3
2024-06-25,P004,Stationery,S03,16,4401.464196562414,0,1,1,Tuesday,June,Q2,0,0,Summer,Cloudy,0,4340.379566766158,109.5999910771515,Online,Retail,8347.50584609767,None,1.0,45.0,22.0,40.285714285714285,45.214285714285715,47.0
2024-06-25,P004,Stationery,S02,1,3969.318290091258,0,0,0,Tuesday,June,Q2,0,0,Summer,Rainy,1,3750.095082955563,107.7089482902207,In-Store,Retail,578.1176739135421,None,1.0,34.0,26.0,39.285714285714285,38.857142857142854,40.86666666666667
2024-06-25,P004,Stationery,S02,68,3132.58,15,1,1,Tuesday,June,Q2,0,0,Summer,Stormy,1,3024.77,101.01,Online,Retail,9826.01,None,1.0,31.0,73.0,34.57142857142857,37.07142857142857,38.06666666666667
2024-06-26,P008,Appliances,S03,15,4691.96,0,0,1,Wednesday,June,Q2,0,0,Summer,Rainy,0,4930.08,109.31,In-Store,Wholesale,361.44,None,49.0,68.0,67.0,49.0,40.357142857142854,34.833333333333336
2024-06-27,P006,Apparel,S04,29,4944.102295716853,3,1,1,Thursday,June,Q2,0,0,Summer,Cloudy,0,5205.171509216231,102.4662015280236,Wholesale,Retail,3945.608067068274,None,5.0,77.0,33.0,31.571428571428573,36.785714285714285,46.166666666666664
2024-06-27,P006,Apparel,S04,5,2154.060690353211,5,1,0,Thursday,June,Q2,0,0,Summer,Rainy,0,2140.498462356503,97.56855863713669,In-Store,Corporate,8194.220686643876,None,42.0,47.0,1.0,37.57142857142857,36.5,46.8
2024-06-29,P004,Stationery,S02,1,323.4899497855382,1,1,0,Saturday,June,Q2,0,1,Summer,Sunny,0,321.2505800953016,104.6367889924121,Online,Wholesale,7355.644562723988,None,68.0,63.0,2.0,39.857142857142854,36.714285714285715,40.3
2024-06-29,P006,Apparel,S04,5,3569.32,5,1,0,Saturday,June,Q2,0,1,Summer,Rainy,0,3698.06,103.94,Online,Wholesale,4744.11,None,29.0,31.0,40.0,24.714285714285715,36.5,44.86666666666667
2024-06-29,P008,Appliances,S01,19,3169.729316190397,2,0,1,Saturday,June,Q2,0,1,Summer,Sunny,0,3471.425287150379,106.7158473476432,Wholesale,Retail,403.7057552165866,None,62.0,21.0,45.0,53.42857142857143,51.92857142857143,49.43333333333333
2024-07-01,P008,Appliances,S03,39,4526.26169208753,8,1,1,Monday,July,Q3,0,0,Summer,Cloudy,0,4778.268585809586,101.8275546666212,Wholesale,Corporate,6553.404485406806,None,15.0,34.0,25.0,41.42857142857143,36.642857142857146,33.03333333333333
2024-07-01,P008,Appliances,S03,21,3914.179875427993,0,0,1,Monday,July,Q3,0,0,Summer,Rainy,1,3719.313725452148,106.3064070031135,Wholesale,Wholesale,518.8806679241595,None,39.0,71.0,15.0,42.142857142857146,37.642857142857146,33.4
2024-07-01,P004,Stationery,S02,38,2245.045497447278,0,0,1,Monday,July,Q3,0,0,Summer,Clear,0,2113.768144648096,97.0287698356154,Wholesale,Wholesale,730.5182484805289,None,1.0,41.0,32.0,31.0,36.642857142857146,38.833333333333336
2024-07-02,P008,Appliances,S03,3,4840.172531744123,16,1,0,Tuesday,July,Q3,0,0,Summer,Clear,0,5048.933848145267,104.219212509254,Online,Wholesale,6411.049774834558,None,21.0,0.0,57.0,35.0,38.07142857142857,33.733333333333334
2024-07-02,P002,Electronics,S01,62,4194.383174848845,16,1,1,Tuesday,July,Q3,0,0,Summer,Cloudy,0,4056.06673143276,106.9156197889638,Wholesale,Corporate,3824.921820098419,None,75.0,2.0,42.0,27.571428571428573,38.5,37.233333333333334
2024-07-04,P005,Home,S04,77,3704.915909047615,22,1,1,Thursday,July,Q3,0,0,Summer,Sunny,0,3389.588566149454,101.7662073981295,In-Store,Wholesale,6666.430218655692,None,48.0,55.0,50.0,39.42857142857143,38.857142857142854,40.5
2024-07-04,P006,Apparel,S04,38,4967.495045448909,11,1,1,Thursday,July,Q3,0,0,Summer,Stormy,1,5075.153464841642,96.84647403088957,Wholesale,Retail,8473.090953448134,None,5.0,35.0,63.0,21.0,34.0,44.96666666666667
2024-07-04,P007,Sports,S03,29,4965.71,5,1,1,Thursday,July,Q3,0,0,Summer,Stormy,0,4548.84,109.46,Wholesale,Retail,6708.57,None,65.0,11.0,55.0,48.285714285714285,47.785714285714285,43.36666666666667
2024-07-05,P006,Apparel,S01,73,1056.67,10,1,1,Friday,July,Q3,0,0,Summer,Clear,0,1104.82,98.34,Online,Retail,9795.66,None,0.0,48.0,4.0,49.857142857142854,49.92857142857143,46.266666666666666
2024-07-08,P006,Apparel,S04,19,3579.019585132168,9,1,1,Monday,July,Q3,0,0,Summer,Rainy,0,3606.606574899974,102.6830065176964,Wholesale,Retail,6015.102528474841,None,38.0,27.0,32.0,21.428571428571427,32.214285714285715,43.6
2024-07-08,P007,Sports,S04,25,1324.83,0,0,1,Monday,July,Q3,0,0,Summer,Clear,0,1254.39,108.75,Wholesale,Corporate,288.74,None,23.0,44.0,40.0,40.714285714285715,46.57142857142857,41.9
2024-07-08,P006,Apparel,S02,40,4178.148544243138,10,1,1,Monday,July,Q3,0,0,Summer,Stormy,0,4445.313949026059,95.69057004329838,In-Store,Retail,2958.983001977294,None,46.0,50.0,22.0,49.42857142857143,51.142857142857146,53.36666666666667
2024-07-09,P006,Apparel,S04,50,2452.501098529217,0,1,1,Tuesday,July,Q3,0,0,Summer,Sunny,0,2257.847673609391,109.3359652824032,Wholesale,Corporate,8026.157429686648,None,19.0,4.0,78.0,20.285714285714285,31.285714285714285,42.53333333333333
2024-07-09,P007,Sports,S03,86,1099.860349048095,18,1,1,Tuesday,July,Q3,0,0,Summer,Clear,1,1015.055974221179,94.93157642795391,Wholesale,Retail,7506.442125638955,None,29.0,67.0,55.0,50.857142857142854,45.92857142857143,43.266666666666666
2024-07-09,P006,Apparel,S02,30,1648.47,0,0,1,Tuesday,July,Q3,0,0,Summer,Cloudy,0,1503.72,109.23,Wholesale,Retail,313.0,None,40.0,2.0,96.0,48.0,52.42857142857143,51.5
2024-07-10,P007,Sports,S04,7,425.04,0,1,0,Wednesday,July,Q3,0,0,Summer,Cloudy,0,417.24,99.5,Online,Wholesale,4998.43,None,25.0,25.0,2.0,38.0,45.5,40.833333333333336
2024-07-11,P005,Home,S01,25,3264.278464575066,3,0,0,Thursday,July,Q3,0,0,Summer,Rainy,0,3560.944021538692,102.6046989157029,In-Store,Wholesale,113.2537440343779,None,6.0,14.0,41.0,42.42857142857143,45.142857142857146,42.63333333333333
2024-07-11,P004,Stationery,S03,24,4316.2,0,1,1,Thursday,July,Q3,0,0,Summer,Clear,0,4720.01,103.36,Online,Corporate,2807.16,None,16.0,57.0,12.0,36.142857142857146,44.785714285714285,45.43333333333333
2024-07-12,P004,Stationery,S03,41,3304.19,5,1,1,Friday,July,Q3,0,0,Summer,Sunny,1,3452.6,97.86,In-Store,Corporate,6899.88,None,24.0,50.0,93.0,31.428571428571427,45.642857142857146,44.4
2024-07-14,P004,Stationery,S03,61,4731.491437867494,22,1,1,Sunday,July,Q3,0,1,Summer,Cloudy,0,4576.360949279067,94.8408819684137,Wholesale,Corporate,2489.591038686818,None,41.0,61.0,55.0,30.142857142857142,41.92857142857143,44.06666666666667
2024-07-15,P005,Home,S04,56,2438.0,15,1,1,Monday,July,Q3,0,0,Summer,Cloudy,0,2369.56,108.24,In-Store,Retail,8126.76,None,77.0,55.0,11.0,42.57142857142857,40.785714285714285,43.03333333333333
2024-07-15,P007,Sports,S02,66,2594.600186746417,21,1,1,Monday,July,Q3,0,0,Summer,Sunny,0,2787.431200492084,95.61014236742163,Online,Corporate,9166.074530987142,None,1.0,70.0,41.0,21.857142857142858,26.571428571428573,24.2
2024-07-16,P007,Sports,S02,49,875.519682326595,0,0,1,Tuesday,July,Q3,0,0,Summer,Rainy,0,801.9598902024742,98.74192926063833,In-Store,Corporate,810.7130918227726,None,66.0,8.0,52.0,21.285714285714285,28.357142857142858,25.366666666666667
2024-07-16,P008,Appliances,S03,17,4588.79,0,0,1,Tuesday,July,Q3,0,0,Summer,Sunny,1,4922.93,106.12,Online,Corporate,276.66,None,3.0,68.0,1.0,35.42857142857143,34.214285714285715,33.8
2024-07-17,P007,Sports,S03,41,931.57,0,0,1,Wednesday,July,Q3,0,0,Summer,Clear,0,931.44,104.82,Wholesale,Corporate,128.66,None,86.0,39.0,51.0,53.57142857142857,48.142857142857146,45.333333333333336
2024-07-17,P006,Apparel,S01,24,2299.09683447418,4,0,1,Wednesday,July,Q3,0,0,Summer,Clear,0,2298.958704747339,100.6710362498465,In-Store,Wholesale,386.3173412274484,None,73.0,67.0,25.0,53.42857142857143,54.857142857142854,46.266666666666666
2024-07-17,P007,Sports,S04,84,2977.36346517609,17,1,1,Wednesday,July,Q3,0,0,Summer,Stormy,1,3068.884770292404,99.67149621610179,In-Store,Wholesale,2329.386330770371,None,7.0,93.0,83.0,35.42857142857143,45.857142857142854,41.03333333333333
2024-07-18,P007,Sports,S04,1,402.6613135603898,0,0,0,Thursday,July,Q3,0,0,Summer,Rainy,0,450.5285307477598,97.71216968988671,Wholesale,Retail,0.0,None,84.0,38.0,2.0,34.142857142857146,45.92857142857143,42.666666666666664
2024-07-19,P005,Home,S01,6,2523.433626974147,0,1,0,Friday,July,Q3,0,0,Summer,Cloudy,1,2639.121777765722,97.3511767921867,Online,Wholesale,4117.604535908231,None,25.0,37.0,113.0,44.0,44.0,39.733333333333334
2024-07-19,P008,Appliances,S01,1,2939.085366719364,0,0,0,Friday,July,Q3,0,0,Summer,Sunny,0,2984.01147311306,109.9649303895973,Online,Wholesale,253.8768274895195,None,19.0,43.0,44.0,53.142857142857146,50.07142857142857,48.13333333333333
2024-07-20,P007,Sports,S04,66,2860.441473712611,12,1,1,Saturday,July,Q3,0,1,Summer,Sunny,0,2644.925119242047,106.4744910201811,Online,Retail,1540.685327961037,None,1.0,59.0,83.0,28.857142857142858,45.857142857142854,39.43333333333333
2024-07-21,P007,Sports,S02,43,858.0003720817381,0,0,1,Sunday,July,Q3,0,1,Summer,Rainy,0,804.7392528171794,98.69739579394025,In-Store,Corporate,0.0,None,49.0,69.0,6.0,27.142857142857142,28.142857142857142,26.966666666666665
2024-07-23,P002,Electronics,S01,55,648.8,5,1,1,Tuesday,July,Q3,0,0,Summer,Clear,0,591.2,95.14,Online,Retail,5248.65,None,62.0,28.0,78.0,36.142857142857146,39.92857142857143,36.86666666666667
2024-07-23,P008,Appliances,S01,43,630.3685453675643,1,0,1,Tuesday,July,Q3,0,0,Summer,Clear,0,569.6691473261574,108.3869515738178,Online,Retail,143.9680960010331,None,1.0,82.0,90.0,47.142857142857146,47.0,46.2
2024-07-24,P007,Sports,S03,58,2916.11,20,1,1,Wednesday,July,Q3,0,0,Summer,Clear,0,2758.5,108.52,Wholesale,Wholesale,5017.25,None,41.0,76.0,22.0,53.857142857142854,47.42857142857143,46.2
2024-07-24,P003,Furniture,S01,2,1562.609169681401,10,1,0,Wednesday,July,Q3,0,0,Summer,Cloudy,0,1669.635232671487,105.9858031889897,Wholesale,Corporate,2712.552343119641,None,84.0,28.0,118.0,60.57142857142857,60.92857142857143,48.5
2024-07-25,P005,Home,S01,112,415.7341762780331,18,1,1,Thursday,July,Q3,0,0,Summer,Cloudy,0,405.6851737833571,96.73370710452309,Wholesale,Corporate,5465.00692063196,None,6.0,22.0,46.0,39.57142857142857,36.357142857142854,39.43333333333333
2024-07-26,P005,Home,S01,21,3270.930064140677,0,0,0,Friday,July,Q3,0,0,Summer,Rainy,0,3558.625021570936,101.9198453700838,In-Store,Wholesale,449.0970405974594,None,112.0,39.0,49.0,52.42857142857143,41.07142857142857,41.43333333333333
2024-07-27,P001,Electronics,S01,24,4929.947764138913,1,1,1,Saturday,July,Q3,0,1,Summer,Cloudy,0,4614.128938049704,96.99897437005062,Wholesale,Wholesale,7093.796794167462,None,19.0,21.0,41.0,21.285714285714285,26.071428571428573,27.933333333333334
2024-07-27,P006,Apparel,S01,69,668.89,0,0,1,Saturday,July,Q3,0,1,Summer,Clear,1,729.74,100.95,In-Store,Retail,317.06,None,24.0,76.0,1.0,47.285714285714285,54.785714285714285,47.03333333333333
2024-07-27,P004,Stationery,S02,62,3614.044557991392,12,1,1,Saturday,July,Q3,0,1,Summer,Cloudy,0,3349.426940574204,105.7713800327725,In-Store,Corporate,5144.378740411256,None,38.0,69.0,35.0,30.571428571428573,37.07142857142857,39.96666666666667
2024-07-28,P006,Apparel,S04,1,1630.788491261245,5,1,0,Sunday,July,Q3,0,1,Summer,Sunny,0,1502.402426749518,97.07855917859379,Online,Corporate,4690.003012843958,None,50.0,42.0,1.0,26.857142857142858,29.285714285714285,41.233333333333334
2024-07-28,P005,Home,S04,56,4418.482253848755,5,1,1,Sunday,July,Q3,0,1,Summer,Sunny,1,4693.363174017952,105.2078720274863,In-Store,Wholesale,287.1125217000954,None,56.0,43.0,33.0,42.714285714285715,44.0,44.56666666666667
2024-07-28,P006,Apparel,S02,49,3807.277232966587,21,1,1,Sunday,July,Q3,0,1,Summer,Sunny,0,3681.658301498848,101.0559250963746,Wholesale,Retail,2571.734194617172,None,30.0,100.0,64.0,52.0,47.714285714285715,50.93333333333333
2024-07-29,P007,Sports,S04,2,4713.299077217153,0,0,0,Monday,July,Q3,0,0,Summer,Rainy,0,4901.525746137642,99.74708335129932,Wholesale,Wholesale,0.0,None,66.0,3.0,62.0,29.857142857142858,44.642857142857146,41.5
2024-07-29,P007,Sports,S04,37,4509.707900389071,19,1,1,Monday,July,Q3,0,0,Summer,Stormy,0,4736.983413198825,107.2872585797753,In-Store,Wholesale,4661.00972443408,None,2.0,23.0,95.0,29.714285714285715,40.357142857142854,39.7
2024-07-29,P006,Apparel,S04,36,4970.028592656243,9,1,1,Monday,July,Q3,0,0,Summer,Stormy,1,5080.036521546068,96.89488947138747,Wholesale,Retail,8939.644963543094,None,1.0,5.0,47.0,21.0,29.285714285714285,39.03333333333333
2024-07-29,P003,Furniture,S01,30,862.9296292733435,0,0,1,Monday,July,Q3,0,0,Summer,Stormy,0,939.3473016125057,97.57130168313029,Online,Retail,0.0,None,2.0,12.0,58.0,56.857142857142854,52.642857142857146,48.5
2024-07-29,P004,Stationery,S03,68,941.9769906320789,0,0,1,Monday,July,Q3,0,0,Summer,Stormy,1,860.9751931299414,107.4069962715958,Online,Corporate,102.9420465513701,None,61.0,67.0,62.0,30.142857142857142,42.357142857142854,44.1
2024-07-30,P005,Home,S01,78,836.03,0,1,1,Tuesday,July,Q3,0,0,Summer,Clear,1,838.11,96.55,Online,Corporate,5765.09,None,21.0,90.0,21.0,49.857142857142854,39.07142857142857,40.36666666666667
2024-07-31,P006,Apparel,S04,90,259.23,5,1,1,Wednesday,July,Q3,0,0,Summer,Sunny,1,280.24,109.67,Wholesale,Wholesale,2111.04,None,36.0,29.0,77.0,25.428571428571427,28.5,38.46666666666667
2024-07-31,P005,Home,S04,94,1412.577353960727,21,1,1,Wednesday,July,Q3,0,0,Summer,Sunny,0,1502.736524471371,95.6019537045686,In-Store,Retail,6951.870198664893,None,56.0,30.0,46.0,44.57142857142857,45.642857142857146,46.03333333333333
2024-07-31,P008,Appliances,S04,3,1896.700307895947,0,1,0,Wednesday,July,Q3,0,0,Summer,Sunny,1,1909.710283896811,105.9125647576291,Wholesale,Wholesale,2965.197999141949,None,108.0,93.0,65.0,81.42857142857143,58.785714285714285,62.166666666666664
2024-08-01,P007,Sports,S02,47,866.43,0,0,1,Thursday,August,Q3,0,0,Summer,Rainy,0,808.76,99.14,In-Store,Corporate,391.33,None,43.0,1.0,69.0,23.428571428571427,30.785714285714285,27.3
2024-08-02,P003,Furniture,S01,21,2822.771666988781,0,0,0,Friday,August,Q3,0,0,Summer,Clear,0,2933.252660734272,101.1627457011979,Wholesale,Retail,93.0375455185407,None,30.0,104.0,18.0,59.42857142857143,50.642857142857146,49.46666666666667
2024-08-02,P004,Stationery,S02,39,2998.491894830437,2,0,1,Friday,August,Q3,0,0,Summer,Stormy,1,3228.223249024026,104.9388516042135,In-Store,Corporate,227.4413584429039,None,62.0,36.0,63.0,29.571428571428573,39.0,40.9
2024-08-02,P006,Apparel,S01,73,672.8133289101941,0,0,1,Friday,August,Q3,0,0,Summer,Clear,1,732.963235168016,101.3647443887299,In-Store,Retail,354.2561956939205,None,69.0,76.0,75.0,46.285714285714285,59.642857142857146,47.0
2024-08-03,P008,Appliances,S04,97,1006.047915692947,21,1,1,Saturday,August,Q3,0,1,Summer,Rainy,0,1043.908348399308,108.8559625983032,Wholesale,Wholesale,808.6105260061111,None,3.0,106.0,0.0,68.57142857142857,54.357142857142854,59.36666666666667
2024-08-03,P006,Apparel,S04,52,4059.57,0,1,1,Saturday,August,Q3,0,1,Summer,Stormy,1,3764.13,99.81,Wholesale,Retail,5050.59,None,90.0,5.0,31.0,34.142857142857146,29.428571428571427,39.2
2024-08-03,P003,Furniture,S01,25,3079.623191287368,0,0,1,Saturday,August,Q3,0,1,Summer,Cloudy,0,3192.826082601029,105.1363951077486,Online,Wholesale,404.1171789415056,None,21.0,4.0,100.0,47.57142857142857,50.857142857142854,49.1
2024-08-03,P004,Stationery,S03,76,908.6864490493438,16,1,1,Saturday,August,Q3,0,1,Summer,Cloudy,0,908.8096736499169,105.2533165895167,In-Store,Retail,357.0704941952154,None,68.0,1.0,50.0,30.285714285714285,42.785714285714285,44.56666666666667
2024-08-03,P002,Electronics,S01,4,3816.018702479867,4,0,1,Saturday,August,Q3,0,1,Summer,Clear,0,3626.365234732449,102.4056093762539,Online,Wholesale,457.9123277522337,None,55.0,0.0,100.0,40.0,38.285714285714285,38.666666666666664
2024-08-04,P001,Electronics,S01,45,4100.615322962669,13,1,1,Sunday,August,Q3,0,1,Summer,Clear,0,4442.686470370553,103.0630741942491,Wholesale,Wholesale,4784.87696127992,None,24.0,1.0,40.0,21.714285714285715,24.857142857142858,27.033333333333335
2024-08-04,P007,Sports,S04,62,2249.366852724074,5,1,1,Sunday,August,Q3,0,1,Summer,Sunny,0,2269.065831645812,106.4199433297751,Online,Corporate,7367.806285446414,None,37.0,25.0,44.0,31.714285714285715,36.214285714285715,40.13333333333333
2024-08-04,P004,Stationery,S03,63,464.1017011232954,0,0,1,Sunday,August,Q3,0,1,Summer,Stormy,0,416.3721822827399,109.3012172641211,Online,Wholesale,450.6147993374577,None,76.0,1.0,57.0,41.0,44.642857142857146,44.96666666666667
2024-08-05,P004,Stationery,S02,43,3472.22,10,1,1,Monday,August,Q3,0,0,Summer,Stormy,0,3429.48,99.37,Wholesale,Retail,8280.17,None,39.0,1.0,38.0,30.0,37.285714285714285,39.86666666666667
2024-08-06,P005,Home,S01,115,416.62902000311,17,1,1,Tuesday,August,Q3,0,0,Summer,Cloudy,0,416.0540199210158,96.91486006436914,Wholesale,Corporate,5934.212304666865,None,78.0,89.0,26.0,48.142857142857146,43.142857142857146,41.56666666666667
2024-08-06,P007,Sports,S04,37,868.06,0,0,1,Tuesday,August,Q3,0,0,Summer,Rainy,0,918.25,96.11,Wholesale,Corporate,291.12,None,62.0,7.0,25.0,37.0,37.5,39.6
2024-08-07,P004,Stationery,S02,65,770.8529582719382,6,1,1,Wednesday,August,Q3,0,0,Summer,Clear,0,812.580099880701,109.6951060981265,Wholesale,Retail,5073.03483153556,None,43.0,1.0,34.0,36.0,37.642857142857146,38.6
2024-08-07,P004,Stationery,S03,55,3324.110111838969,5,1,1,Wednesday,August,Q3,0,0,Summer,Sunny,0,3608.316569918071,104.9919598235546,Wholesale,Retail,2926.14188515641,None,63.0,16.0,45.0,49.857142857142854,45.07142857142857,46.266666666666666
2024-08-08,P007,Sports,S03,43,4835.44,5,1,1,Thursday,August,Q3,0,0,Summer,Sunny,0,4602.12,102.66,Wholesale,Wholesale,6014.92,None,58.0,1.0,71.0,51.285714285714285,50.0,46.96666666666667
2024-08-08,P008,Appliances,S04,73,2746.652363993417,15,1,1,Thursday,August,Q3,0,0,Summer,Rainy,0,2659.65588455257,99.49027576017478,Wholesale,Retail,632.6386153565559,None,97.0,77.0,4.0,67.28571428571429,61.285714285714285,60.1
2024-08-09,P007,Sports,S03,78,2369.350666912736,17,1,1,Friday,August,Q3,0,0,Summer,Rainy,0,2340.325624129452,101.5660571015178,In-Store,Wholesale,1952.881089972224,None,43.0,79.0,1.0,57.285714285714285,48.0,45.93333333333333
2024-08-10,P002,Electronics,S01,61,4190.33,15,1,1,Saturday,August,Q3,0,1,Summer,Cloudy,0,4058.81,106.76,Wholesale,Corporate,3808.85,None,4.0,58.0,52.0,40.57142857142857,31.428571428571427,38.666666666666664
2024-08-10,P001,Electronics,S01,40,2584.427376201048,1,0,1,Saturday,August,Q3,0,1,Summer,Clear,0,2415.046639323342,104.4080410138076,Online,Retail,0.0,None,45.0,19.0,29.0,28.0,25.214285714285715,27.433333333333334
2024-08-12,P005,Home,S01,66,1561.191254038382,5,1,1,Monday,August,Q3,0,0,Summer,Stormy,0,1550.121309381906,102.930327659396,Online,Wholesale,4026.282884343791,None,115.0,6.0,39.0,51.857142857142854,49.5,44.766666666666666
2024-08-13,P008,Appliances,S04,16,1892.114750582699,22,1,0,Tuesday,August,Q3,0,0,Summer,Sunny,0,1736.311522567127,101.8127339994365,Online,Retail,3056.798286356446,None,73.0,74.0,31.0,66.71428571428571,66.21428571428571,62.4
2024-08-13,P007,Sports,S04,97,340.12,10,1,1,Tuesday,August,Q3,0,0,Summer,Stormy,1,335.33,95.07,Online,Retail,3144.28,None,37.0,84.0,93.0,41.285714285714285,38.357142857142854,39.43333333333333
2024-08-14,P002,Electronics,S01,40,4037.61,10,1,1,Wednesday,August,Q3,0,0,Summer,Cloudy,0,3792.99,96.71,Wholesale,Corporate,5513.29,None,61.0,16.0,51.0,41.0,32.07142857142857,38.53333333333333
2024-08-15,P006,Apparel,S04,70,3134.28,10,1,1,Thursday,August,Q3,1,0,Summer,Cloudy,0,3350.87,104.26,Wholesale,Wholesale,8105.83,Independence Day,52.0,38.0,35.0,40.857142857142854,30.928571428571427,37.833333333333336
2024-08-15,P006,Apparel,S04,4,1635.791084897562,6,1,0,Thursday,August,Q3,1,0,Summer,Sunny,0,1511.353220211482,97.68721844006348,Online,Corporate,4928.373898788664,Independence Day,70.0,19.0,27.0,45.42857142857143,33.42857142857143,38.4
2024-08-15,P006,Apparel,S03,62,1747.782605584385,0,1,1,Thursday,August,Q3,1,0,Summer,Cloudy,0,1827.874419411969,103.7723045855536,Wholesale,Corporate,2445.451435461207,Independence Day,50.0,0.0,5.0,37.142857142857146,29.928571428571427,28.766666666666666
2024-08-17,P001,Electronics,S02,73,962.0278123013386,6,1,1,Saturday,August,Q3,0,1,Summer,Sunny,0,936.3249564345036,101.6189935408803,Wholesale,Corporate,4661.740858067536,None,30.0,2.0,5.0,54.57142857142857,40.357142857142854,35.833333333333336
2024-08-17,P006,Apparel,S01,67,3132.40191799173,17,1,1,Saturday,August,Q3,0,1,Summer,Stormy,1,3225.846174022851,99.25420806688679,Wholesale,Retail,9117.566461760101,None,73.0,70.0,81.0,45.857142857142854,59.5,48.06666666666667
2024-08-17,P007,Sports,S04,5,1091.62,15,1,0,Saturday,August,Q3,0,1,Summer,Rainy,1,1018.89,99.33,Online,Corporate,8498.86,None,97.0,1.0,38.0,43.142857142857146,38.642857142857146,42.53333333333333
2024-08-18,P006,Apparel,S02,4,3604.44578922243,3,0,1,Sunday,August,Q3,0,1,Summer,Rainy,0,3748.17974512003,99.11966259456314,Online,Retail,880.4241141745147,None,49.0,73.0,67.0,44.714285714285715,46.642857142857146,51.03333333333333
2024-08-18,P006,Apparel,S03,5,959.5071264719804,23,1,0,Sunday,August,Q3,0,1,Summer,Cloudy,1,1043.76535255235,107.4293461487218,Wholesale,Retail,7255.785131574048,None,62.0,1.0,46.0,46.0,34.0,30.733333333333334
2024-08-19,P001,Electronics,S02,27,3234.335816921759,2,0,1,Monday,August,Q3,0,0,Summer,Clear,0,3459.341762460776,95.84809586351297,Online,Retail,630.0424761974352,None,73.0,52.0,70.0,64.71428571428571,45.214285714285715,38.166666666666664
2024-08-19,P004,Stationery,S03,75,2472.299288767181,13,1,1,Monday,August,Q3,0,0,Summer,Cloudy,0,2454.52895730516,98.15343319806763,Wholesale,Corporate,3919.679392959921,None,55.0,24.0,57.0,55.42857142857143,45.785714285714285,47.46666666666667
2024-08-19,P007,Sports,S04,26,2545.76,0,0,1,Monday,August,Q3,0,0,Summer,Cloudy,0,2431.13,103.06,Online,Corporate,282.83,None,5.0,66.0,59.0,43.714285714285715,36.285714285714285,42.6
2024-08-20,P005,Home,S02,52,2009.243563087255,5,1,1,Tuesday,August,Q3,0,0,Summer,Clear,0,2011.881755828284,100.9060208549431,Online,Wholesale,4092.933703438167,None,3.0,57.0,38.0,25.571428571428573,41.92857142857143,52.2
2024-08-20,P006,Apparel,S01,7,3581.89239216588,10,1,0,Tuesday,August,Q3,0,0,Summer,Clear,1,3389.342728895055,108.8543665797474,In-Store,Wholesale,5174.446537591719,None,67.0,12.0,83.0,45.42857142857143,58.5,47.86666666666667
2024-08-20,P008,Appliances,S01,0,2949.03,0,0,0,Tuesday,August,Q3,0,0,Summer,Sunny,0,2976.37,109.85,Online,Wholesale,415.04,None,43.0,54.0,55.0,41.57142857142857,43.642857142857146,46.333333333333336
2024-08-20,P006,Apparel,S02,1,3611.50025878035,0,0,1,Tuesday,August,Q3,0,0,Summer,Rainy,0,3737.074387743327,99.91772842653852,Online,Retail,697.895450705631,None,4.0,30.0,39.0,34.857142857142854,42.142857142857146,49.666666666666664
2024-08-21,P004,Stationery,S03,16,4399.09,0,1,1,Wednesday,August,Q3,0,0,Summer,Cloudy,0,4345.48,109.91,Online,Retail,8201.68,None,75.0,41.0,50.0,62.714285714285715,47.07142857142857,48.0
2024-08-22,P006,Apparel,S04,69,996.71,0,0,1,Thursday,August,Q3,0,0,Summer,Sunny,1,966.97,99.22,Wholesale,Retail,161.83,None,4.0,50.0,4.0,43.285714285714285,31.785714285714285,37.4
2024-08-22,P004,Stationery,S03,82,918.076872821916,12,1,1,Thursday,August,Q3,0,0,Summer,Cloudy,0,916.699228824671,105.629573291957,In-Store,Retail,403.9064378542146,None,16.0,61.0,61.0,59.142857142857146,44.642857142857146,47.86666666666667
2024-08-22,P007,Sports,S04,35,4826.325069515252,19,1,1,Thursday,August,Q3,0,0,Summer,Clear,0,4805.346881377672,96.44315382404704,Wholesale,Retail,5739.92911016272,None,26.0,2.0,3.0,38.0,33.92857142857143,41.4
2024-08-23,P008,Appliances,S03,52,4328.196396727714,1,1,1,Friday,August,Q3,0,0,Summer,Clear,1,3955.146199988164,109.7972859810935,Online,Retail,6413.548716776904,None,17.0,53.0,45.0,28.142857142857142,35.357142857142854,33.43333333333333
2024-08-23,P005,Home,S02,87,392.1220374741102,9,1,1,Friday,August,Q3,0,0,Summer,Stormy,0,374.206005873936,95.53492854519648,Online,Retail,8744.463107197487,None,52.0,0.0,28.0,24.857142857142858,42.92857142857143,51.13333333333333
2024-08-23,P005,Home,S01,52,960.7341330244491,1,0,1,Friday,August,Q3,0,0,Summer,Sunny,0,935.9383199788698,103.9203942992489,In-Store,Retail,0.0,None,66.0,25.0,14.0,60.42857142857143,51.42857142857143,46.63333333333333
2024-08-24,P003,Furniture,S01,34,857.4437748286743,0,0,1,Saturday,August,Q3,0,1,Summer,Stormy,0,922.9837109508551,97.48937829284019,Online,Retail,0.0,None,25.0,100.0,12.0,50.57142857142857,45.5,45.96666666666667
2024-08-24,P007,Sports,S03,10,943.7840510633038,0,0,0,Saturday,August,Q3,0,1,Summer,Rainy,0,904.4157018620166,102.5977589831904,Wholesale,Corporate,754.0763884990607,None,78.0,65.0,76.0,57.142857142857146,53.5,46.03333333333333
2024-08-25,P006,Apparel,S01,75,1683.614851815891,7,1,1,Sunday,August,Q3,0,1,Summer,Sunny,0,1795.743291395624,96.5589867198512,Online,Wholesale,6505.970942215944,None,7.0,0.0,81.0,44.714285714285715,53.07142857142857,47.43333333333333
2024-08-25,P008,Appliances,S01,86,3241.41,20,1,1,Sunday,August,Q3,0,1,Summer,Stormy,1,3403.35,105.42,In-Store,Corporate,9527.41,None,0.0,51.0,16.0,33.857142857142854,39.714285714285715,45.6
2024-08-25,P006,Apparel,S03,20,3787.886943634548,2,0,1,Sunday,August,Q3,0,1,Summer,Rainy,0,3991.367166723031,106.302071581537,In-Store,Retail,0.0,None,5.0,54.0,34.0,46.57142857142857,31.071428571428573,30.033333333333335
2024-08-25,P003,Furniture,S01,104,1528.697847992043,22,1,1,Sunday,August,Q3,0,1,Summer,Cloudy,1,1458.83352552509,95.46581933676654,Wholesale,Corporate,8214.650969305845,None,34.0,92.0,62.0,41.142857142857146,47.07142857142857,44.9
2024-08-26,P001,Electronics,S01,50,3409.900614941535,6,1,1,Monday,August,Q3,0,0,Summer,Clear,1,3239.691829357866,95.77745344493502,In-Store,Corporate,9059.72339161309,None,38.0,43.0,38.0,34.0,27.214285714285715,28.533333333333335
2024-08-26,P004,Stationery,S02,1,323.3355166090667,0,1,0,Monday,August,Q3,0,0,Summer,Sunny,0,312.5399875759714,104.1904988097652,Online,Wholesale,7029.25509594209,None,65.0,68.0,31.0,45.142857142857146,39.857142857142854,39.833333333333336
2024-08-26,P001,Electronics,S01,38,2581.141232903464,4,0,1,Monday,August,Q3,0,0,Summer,Clear,0,2403.588377885106,104.6730013833794,Online,Retail,604.8231502700401,None,40.0,17.0,21.0,31.0,26.0,28.0
2024-08-26,P006,Apparel,S01,46,4370.76,20,1,1,Monday,August,Q3,0,0,Summer,Stormy,0,4676.81,106.94,In-Store,Retail,9697.22,None,75.0,73.0,48.0,55.42857142857143,52.642857142857146,49.7
2024-08-27,P007,Sports,S03,69,3807.461051031382,21,1,1,Tuesday,August,Q3,0,0,Summer,Cloudy,0,3794.239394909984,106.1881806293661,Online,Corporate,3022.16702053341,None,10.0,29.0,11.0,49.285714285714285,48.785714285714285,43.96666666666667
2024-08-28,P006,Apparel,S04,1,1634.667849436856,5,1,0,Wednesday,August,Q3,0,0,Summer,Sunny,0,1508.825045448523,97.29529746078502,Online,Corporate,4920.529048211286,None,69.0,1.0,42.0,46.0,36.42857142857143,37.3
2024-08-28,P001,Electronics,S01,82,677.96,20,1,1,Wednesday,August,Q3,0,0,Summer,Sunny,0,736.19,97.37,In-Store,Retail,9922.46,None,50.0,29.0,46.0,35.0,28.071428571428573,29.6
2024-08-28,P003,Furniture,S01,37,3342.874436209871,0,0,1,Wednesday,August,Q3,0,0,Summer,Stormy,0,3500.360105304067,103.5704910547319,Wholesale,Retail,75.08440037599988,None,104.0,84.0,61.0,42.857142857142854,50.07142857142857,48.233333333333334
2024-08-29,P007,Sports,S02,0,4979.33,0,0,1,Thursday,August,Q3,0,0,Summer,Cloudy,0,5133.28,98.76,In-Store,Wholesale,451.9,None,47.0,1.0,0.0,30.0,29.214285714285715,28.8
2024-08-29,P006,Apparel,S02,23,2255.727543708444,0,0,1,Thursday,August,Q3,0,0,Summer,Sunny,0,2132.86173459089,98.32151760763715,Online,Corporate,128.883276800178,None,1.0,45.0,23.0,30.714285714285715,39.42857142857143,47.43333333333333
2024-08-30,P007,Sports,S02,61,1245.586573320347,8,1,1,Friday,August,Q3,0,0,Summer,Rainy,0,1203.786260036233,102.0608048211323,Online,Wholesale,3804.45830495613,None,0.0,3.0,50.0,29.857142857142858,29.214285714285715,28.666666666666668
2024-08-30,P003,Furniture,S01,10,1004.884855946077,4,1,0,Friday,August,Q3,0,0,Summer,Clear,0,1073.867951600296,105.4292948732433,In-Store,Retail,2428.048772550229,None,33.0,30.0,12.0,40.57142857142857,48.714285714285715,47.166666666666664
2024-08-30,P005,Home,S04,47,4080.469726393866,6,1,1,Friday,August,Q3,0,0,Summer,Sunny,0,3781.177893766559,104.9350340628178,Online,Corporate,7544.852215699755,None,94.0,30.0,28.0,53.714285714285715,49.07142857142857,47.2
2024-08-30,P003,Furniture,S01,33,2102.44,0,0,1,Friday,August,Q3,0,0,Summer,Sunny,0,1892.65,102.15,Online,Wholesale,113.1,None,37.0,2.0,28.0,36.142857142857146,48.357142857142854,49.46666666666667
2024-08-31,P008,Appliances,S01,65,238.7,0,0,1,Saturday,August,Q3,0,1,Summer,Rainy,0,218.21,100.75,Wholesale,Retail,51.6,None,86.0,61.0,51.0,38.857142857142854,44.714285714285715,46.3
2024-09-01,P006,Apparel,S04,47,2458.855749199684,3,1,1,Sunday,September,Q3,0,1,Autumn,Sunny,0,2254.988239857347,109.9779458231973,Wholesale,Corporate,8309.845341853565,None,28.0,52.0,5.0,40.857142857142854,37.5,35.666666666666664
2024-09-01,P006,Apparel,S04,28,1717.50162308249,0,0,1,Sunday,September,Q3,0,1,Autumn,Sunny,0,1718.297366372504,104.0507415226215,Wholesale,Corporate,817.6603723748269,None,62.0,90.0,29.0,49.714285714285715,37.57142857142857,36.46666666666667
2024-09-01,P006,Apparel,S04,62,2628.803529780047,16,1,1,Sunday,September,Q3,0,1,Autumn,Sunny,0,2548.039132916249,103.767569137649,Online,Corporate,6402.301874099342,None,1.0,36.0,5.0,46.0,33.5,35.766666666666666
2024-09-01,P006,Apparel,S03,87,858.22,20,1,1,Sunday,September,Q3,0,1,Autumn,Rainy,0,863.46,95.13,Wholesale,Retail,4680.94,None,20.0,60.0,25.0,41.714285714285715,30.071428571428573,30.266666666666666
2024-09-01,P007,Sports,S04,73,3843.566875824627,18,1,1,Sunday,September,Q3,0,1,Autumn,Sunny,1,4065.53682968816,96.06204145600289,Wholesale,Wholesale,3957.598181645194,None,35.0,37.0,23.0,42.714285714285715,36.214285714285715,41.166666666666664
2024-09-01,P006,Apparel,S03,1,962.9112309986574,16,1,0,Sunday,September,Q3,0,1,Autumn,Cloudy,1,1047.668528064619,106.7698549351564,Wholesale,Retail,6626.518762079231,None,87.0,90.0,4.0,45.57142857142857,34.5,30.3
2024-09-02,P006,Apparel,S02,1,4415.605606778881,20,1,0,Monday,September,Q3,0,0,Autumn,Clear,0,4641.031778061157,96.78922608311147,Wholesale,Retail,8471.31452422013,None,23.0,46.0,59.0,27.571428571428573,39.42857142857143,47.36666666666667
2024-09-02,P004,Stationery,S02,31,4615.49,10,1,1,Monday,September,Q3,0,0,Autumn,Rainy,0,4981.58,97.1,Online,Wholesale,7435.09,None,1.0,1.0,63.0,35.57142857142857,37.714285714285715,37.8
2024-09-02,P007,Sports,S02,66,1236.388350761639,14,1,1,Monday,September,Q3,0,0,Autumn,Rainy,0,1208.10611421178,102.0035128237177,Online,Wholesale,3423.733636745085,None,61.0,1.0,1.0,38.142857142857146,30.0,28.366666666666667
2024-09-02,P006,Apparel,S01,56,3279.369983088299,16,1,1,Monday,September,Q3,0,0,Autumn,Sunny,0,3258.167907572429,102.2226398923114,In-Store,Wholesale,9584.086499549676,None,46.0,24.0,67.0,51.57142857142857,52.5,49.1
2024-09-02,P004,Stationery,S03,77,2577.126616375519,24,1,1,Monday,September,Q3,0,0,Autumn,Rainy,1,2474.696490196378,109.9000417994718,Online,Corporate,6442.051087786213,None,82.0,68.0,67.0,62.142857142857146,46.142857142857146,48.6
2024-09-03,P008,Appliances,S01,103,666.5212876373151,17,1,1,Tuesday,September,Q3,0,0,Autumn,Sunny,0,648.4863674518328,104.0465874482265,In-Store,Wholesale,5472.354489170721,None,65.0,62.0,52.0,39.42857142857143,45.714285714285715,46.46666666666667
2024-09-03,P006,Apparel,S04,29,1709.62,0,0,1,Tuesday,September,Q3,0,0,Autumn,Sunny,0,1727.88,104.0,Wholesale,Corporate,389.48,None,47.0,70.0,38.0,40.142857142857146,40.5,37.2
2024-09-04,P001,Electronics,S03,0,1186.14,10,1,0,Wednesday,September,Q3,0,0,Autumn,Rainy,0,1137.64,95.82,Online,Corporate,4165.91,None,1.0,53.0,42.0,39.42857142857143,48.642857142857146,50.733333333333334
2024-09-04,P001,Electronics,S02,102,1119.366204895904,23,1,1,Wednesday,September,Q3,0,0,Autumn,Sunny,0,1012.690474424782,96.11852400399458,In-Store,Wholesale,2613.62081640328,None,102.0,54.0,45.0,63.42857142857143,49.285714285714285,37.833333333333336
2024-09-04,P001,Electronics,S02,102,1134.75218658348,23,1,1,Wednesday,September,Q3,0,0,Autumn,Sunny,0,1020.792109253894,95.76649294102197,In-Store,Wholesale,2795.820165808863,None,27.0,86.0,2.0,61.142857142857146,42.142857142857146,36.8
2024-09-04,P008,Appliances,S03,48,2511.298390007613,14,1,1,Wednesday,September,Q3,0,0,Autumn,Cloudy,0,2533.512910627378,103.2041562038314,In-Store,Corporate,9243.151153740964,None,52.0,49.0,12.0,28.0,35.857142857142854,32.8
2024-09-05,P004,Stationery,S02,1,3977.460772096256,0,0,0,Thursday,September,Q3,0,0,Autumn,Rainy,1,3747.039452662558,108.2199283140266,In-Store,Retail,697.4973450171431,None,31.0,38.0,41.0,39.857142857142854,35.42857142857143,36.96666666666667
2024-09-05,P004,Stationery,S01,72,3448.433254019608,15,1,1,Thursday,September,Q3,0,0,Autumn,Rainy,0,3312.506607029609,96.34347580883035,Wholesale,Wholesale,3323.56666651044,None,2.0,76.0,54.0,44.714285714285715,38.142857142857146,48.13333333333333
2024-09-05,P001,Electronics,S03,82,2960.066840833255,15,1,1,Thursday,September,Q3,0,0,Autumn,Stormy,1,3058.029135701679,108.5801705344733,Online,Wholesale,4584.821630802756,None,0.0,98.0,48.0,31.857142857142858,45.642857142857146,49.266666666666666
2024-09-07,P004,Stationery,S02,71,3129.450569815915,13,1,1,Saturday,September,Q3,0,1,Autumn,Stormy,1,3020.109843033084,100.5722298590838,Online,Retail,9434.416315473518,None,1.0,62.0,69.0,34.57142857142857,32.57142857142857,35.46666666666667
2024-09-07,P006,Apparel,S01,64,665.0746235839937,0,0,1,Saturday,September,Q3,0,1,Autumn,Clear,1,738.5710329219819,100.8252427776849,In-Store,Retail,527.1563940767073,None,56.0,69.0,76.0,56.142857142857146,51.714285714285715,50.9
2024-09-07,P004,Stationery,S02,31,4339.321186493345,14,1,1,Saturday,September,Q3,0,1,Autumn,Cloudy,0,4056.367590856039,109.2576187240135,In-Store,Corporate,5240.161690954914,None,71.0,39.0,36.0,35.857142857142854,32.714285714285715,37.766666666666666
2024-09-07,P007,Sports,S03,48,3217.14,10,1,1,Saturday,September,Q3,0,1,Autumn,Stormy,0,2948.46,103.05,Wholesale,Retail,3135.94,None,69.0,86.0,67.0,55.0,52.92857142857143,45.5
2024-09-08,P005,Home,S01,7,2654.26,0,0,0,Sunday,September,Q3,0,1,Autumn,Cloudy,0,2700.15,106.45,Wholesale,Wholesale,321.58,None,52.0,6.0,37.0,64.28571428571429,54.142857142857146,45.5
2024-09-09,P005,Home,S04,75,3703.8,20,1,1,Monday,September,Q3,0,0,Autumn,Sunny,0,3397.28,101.52,In-Store,Wholesale,6283.91,None,47.0,15.0,55.0,56.142857142857146,50.42857142857143,46.9
2024-09-09,P006,Apparel,S04,69,3127.670299349737,9,1,1,Monday,September,Q3,0,0,Autumn,Cloudy,0,3355.698429261837,104.2000757209402,Wholesale,Wholesale,7957.940123289536,None,29.0,4.0,19.0,34.285714285714285,39.857142857142854,37.06666666666667
2024-09-10,P008,Appliances,S03,31,3801.793248815872,0,1,1,Tuesday,September,Q3,0,0,Autumn,Rainy,0,3963.223144592814,96.92752447657757,Wholesale,Retail,6253.2867125677,None,48.0,15.0,68.0,27.857142857142858,38.42857142857143,33.93333333333333
2024-09-10,P005,Home,S02,52,2898.190268008255,5,1,1,Tuesday,September,Q3,0,0,Autumn,Clear,0,2833.165872096282,106.5245564766203,Wholesale,Wholesale,1530.440860565583,None,88.0,55.0,79.0,49.714285714285715,46.285714285714285,53.96666666666667
2024-09-10,P005,Home,S02,88,773.33,15,1,1,Tuesday,September,Q3,0,0,Autumn,Sunny,0,772.78,100.2,Wholesale,Wholesale,2962.85,None,87.0,1.0,100.0,37.285714285714285,47.142857142857146,51.166666666666664
2024-09-10,P004,Stationery,S02,32,2990.23735801589,0,0,1,Tuesday,September,Q3,0,0,Autumn,Stormy,1,3233.124270748859,104.7289196783085,In-Store,Corporate,0.0,None,31.0,43.0,1.0,34.714285714285715,32.357142857142854,37.3
2024-09-11,P003,Furniture,S01,57,3064.280890678209,15,1,1,Wednesday,September,Q3,0,0,Autumn,Clear,0,3136.275789356762,106.6736851563122,In-Store,Corporate,97.30080391036097,None,10.0,21.0,104.0,37.714285714285715,48.57142857142857,47.5
2024-09-11,P008,Appliances,S04,71,464.0939404946604,14,1,1,Wednesday,September,Q3,0,0,Autumn,Clear,0,481.5894408579545,106.5028472874945,Online,Corporate,5990.945754203723,None,16.0,58.0,61.0,58.42857142857143,65.14285714285714,61.0
2024-09-11,P006,Apparel,S04,1,1946.310642749419,0,1,0,Wednesday,September,Q3,0,0,Autumn,Cloudy,0,2075.388610732575,101.3351647177443,In-Store,Wholesale,3046.57026593314,None,69.0,69.0,50.0,43.57142857142857,43.42857142857143,38.03333333333333
2024-09-11,P007,Sports,S03,79,3350.203231042427,20,1,1,Wednesday,September,Q3,0,0,Autumn,Stormy,1,3450.051713911997,102.5761847392535,Wholesale,Corporate,5261.720628605491,None,48.0,41.0,39.0,49.57142857142857,51.57142857142857,46.166666666666664
2024-09-11,P006,Apparel,S02,45,3798.93,20,1,1,Wednesday,September,Q3,0,0,Autumn,Sunny,0,3673.57,101.44,Wholesale,Retail,2998.02,None,1.0,40.0,50.0,21.142857142857142,35.285714285714285,45.666666666666664
2024-09-11,P007,Sports,S02,1,4112.782112227836,21,1,0,Wednesday,September,Q3,0,0,Autumn,Rainy,0,3745.847325499527,102.485211977932,In-Store,Wholesale,9125.47288140751,None,66.0,66.0,70.0,47.42857142857143,34.642857142857146,29.166666666666668
2024-09-12,P006,Apparel,S02,74,2407.81446859212,12,1,1,Thursday,September,Q3,0,0,Autumn,Clear,0,2491.05583590782,107.7081166065113,Wholesale,Wholesale,7791.721312499021,None,45.0,30.0,2.0,21.857142857142858,34.92857142857143,43.93333333333333
2024-09-12,P001,Electronics,S03,3,1581.724558962357,2,1,0,Thursday,September,Q3,0,0,Autumn,Clear,0,1574.24008070972,101.4272639648711,Online,Wholesale,5389.550050111301,None,82.0,49.0,96.0,29.571428571428573,48.07142857142857,51.86666666666667
2024-09-13,P004,Stationery,S01,8,3173.088452917579,2,0,0,Friday,September,Q3,0,0,Autumn,Cloudy,0,2933.077459984486,100.5163723722352,Wholesale,Retail,104.9458958858185,None,72.0,74.0,3.0,44.142857142857146,39.42857142857143,48.7
2024-09-13,P002,Electronics,S01,29,4662.364105801565,1,1,1,Friday,September,Q3,0,0,Autumn,Stormy,0,4530.602982409866,106.0074700135755,In-Store,Corporate,8067.276752241452,None,40.0,14.0,22.0,44.42857142857143,31.285714285714285,38.233333333333334
2024-09-14,P006,Apparel,S02,40,3346.775351412226,3,1,1,Saturday,September,Q3,0,1,Autumn,Rainy,0,3106.967540962401,106.6175486864782,Wholesale,Corporate,7710.860443830663,None,74.0,49.0,100.0,28.142857142857142,40.07142857142857,44.666666666666664
2024-09-15,P003,Furniture,S01,3,1556.202658633491,17,1,0,Sunday,September,Q3,0,1,Autumn,Cloudy,0,1659.95310596601,106.5799083957375,Wholesale,Corporate,2930.464302374703,None,57.0,25.0,4.0,42.857142857142854,45.214285714285715,45.6
2024-09-15,P007,Sports,S04,29,2555.067036678562,3,0,1,Sunday,September,Q3,0,1,Autumn,Cloudy,0,2434.96303649245,103.0644200794927,Online,Corporate,744.7583374873795,None,73.0,62.0,25.0,47.857142857142854,39.785714285714285,43.6
2024-09-16,P005,Home,S04,47,4076.128142594499,13,1,1,Monday,September,Q3,0,0,Autumn,Sunny,0,3798.119140550181,104.819223291513,Online,Corporate,7988.022802773825,None,75.0,48.0,45.0,64.71428571428571,51.857142857142854,47.86666666666667
2024-09-16,P005,Home,S02,74,2426.85,10,1,1,Monday,September,Q3,0,0,Autumn,Rainy,1,2553.28,98.68,Online,Corporate,727.15,None,52.0,28.0,84.0,49.285714285714285,44.357142857142854,52.86666666666667
2024-09-17,P006,Apparel,S01,10,4764.75,0,1,1,Tuesday,September,Q3,0,0,Autumn,Sunny,0,4793.16,98.57,In-Store,Retail,9739.31,None,64.0,73.0,76.0,55.42857142857143,50.857142857142854,52.13333333333333
2024-09-17,P007,Sports,S02,5,4137.360589812862,0,0,0,Tuesday,September,Q3,0,0,Autumn,Sunny,0,3748.08826327941,99.63799759617288,Online,Corporate,755.4507608933012,None,1.0,49.0,8.0,38.142857142857146,29.714285714285715,29.0
2024-09-17,P006,Apparel,S01,87,587.6745431415965,11,1,1,Tuesday,September,Q3,0,0,Autumn,Cloudy,0,596.0267616808427,101.7973395465957,Wholesale,Corporate,4097.927077265107,None,10.0,67.0,70.0,46.42857142857143,46.142857142857146,50.2
2024-09-17,P004,Stationery,S01,47,1353.865085705713,3,1,1,Tuesday,September,Q3,0,0,Autumn,Clear,0,1417.284401590443,104.4910835601332,In-Store,Corporate,7682.862887402011,None,8.0,49.0,60.0,34.714285714285715,39.785714285714285,47.36666666666667
2024-09-18,P008,Appliances,S04,7,2720.48036957406,19,1,0,Wednesday,September,Q3,0,0,Autumn,Cloudy,0,2705.094437773964,98.81659197782027,Online,Corporate,3365.262596104545,None,71.0,54.0,1.0,60.285714285714285,65.85714285714286,63.13333333333333
2024-09-18,P005,Home,S01,18,4706.193434200077,4,0,1,Wednesday,September,Q3,0,0,Autumn,Sunny,1,4374.738583371582,99.28654049266937,Online,Wholesale,0.0,None,7.0,112.0,22.0,64.42857142857143,52.0,45.43333333333333
2024-09-18,P002,Electronics,S01,68,720.1952873589709,3,0,1,Wednesday,September,Q3,0,0,Autumn,Clear,1,737.7479754184733,103.665532814307,In-Store,Wholesale,232.466214247024,None,29.0,75.0,1.0,46.57142857142857,31.785714285714285,37.166666666666664
2024-09-19,P007,Sports,S02,1,4634.562103439929,0,0,1,Thursday,September,Q3,0,0,Autumn,Stormy,0,4343.048834785395,108.9100367281076,In-Store,Wholesale,177.9095518475955,None,5.0,43.0,69.0,31.857142857142858,29.5,29.133333333333333
2024-09-20,P005,Home,S02,0,558.5,0,0,0,Friday,September,Q3,0,0,Autumn,Sunny,0,514.45,101.74,In-Store,Corporate,60.37,None,74.0,35.0,1.0,55.857142857142854,43.642857142857146,53.96666666666667
2024-09-21,P008,Appliances,S01,35,240.4056385264039,0,0,1,Saturday,September,Q3,0,1,Autumn,Rainy,0,262.7452505147965,106.23247999654,In-Store,Retail,221.3920185991815,None,103.0,19.0,21.0,45.285714285714285,49.357142857142854,48.03333333333333
2024-09-21,P003,Furniture,S01,1,2463.221601160015,3,0,0,Saturday,September,Q3,0,1,Autumn,Stormy,0,2631.450988513327,107.6836282753929,Wholesale,Corporate,252.9244893232122,None,3.0,34.0,100.0,39.714285714285715,45.142857142857146,44.733333333333334
2024-09-21,P006,Apparel,S02,57,2369.2,5,1,1,Saturday,September,Q3,0,1,Autumn,Sunny,0,2206.96,105.29,Wholesale,Wholesale,6231.37,None,40.0,4.0,73.0,26.857142857142858,35.785714285714285,44.333333333333336
2024-09-21,P006,Apparel,S01,73,3120.471169065349,19,1,1,Saturday,September,Q3,0,1,Autumn,Stormy,1,3212.982814951407,99.61530382926492,Wholesale,Retail,9045.120757755301,None,87.0,7.0,12.0,49.285714285714285,47.357142857142854,53.1
2024-09-22,P004,Stationery,S03,78,911.95,15,1,1,Sunday,September,Q3,0,1,Autumn,Cloudy,0,914.4,105.16,In-Store,Retail,795.28,None,77.0,76.0,1.0,63.42857142857143,46.857142857142854,48.43333333333333
2024-09-22,P005,Home,S04,85,285.0725369667983,3,1,1,Sunday,September,Q3,0,1,Autumn,Sunny,0,291.7476598802705,98.98818348867471,Wholesale,Corporate,9042.932124295845,None,47.0,77.0,55.0,64.57142857142857,52.0,46.3
2024-09-22,P004,Stationery,S02,35,4331.786042576273,12,1,1,Sunday,September,Q3,0,1,Autumn,Cloudy,0,4053.848156188041,108.6812616294666,In-Store,Corporate,4479.475440091945,None,32.0,65.0,1.0,33.142857142857146,34.57142857142857,38.166666666666664
2024-09-22,P007,Sports,S03,49,4162.860535779791,19,1,1,Sunday,September,Q3,0,1,Autumn,Cloudy,1,3938.282491338359,98.17684698642924,Online,Retail,967.9959857141632,None,79.0,58.0,76.0,55.0,54.42857142857143,48.1
2024-09-23,P001,Electronics,S02,73,946.8179686795128,6,1,1,Monday,September,Q3,0,0,Autumn,Sunny,0,947.5898412678671,101.2486577611484,Wholesale,Corporate,4632.85290926877,None,102.0,90.0,0.0,70.28571428571429,53.357142857142854,39.06666666666667
2024-09-23,P004,Stationery,S03,1,1071.110822854827,0,0,0,Monday,September,Q3,0,0,Autumn,Clear,0,1078.825713451536,110.0129914694151,Wholesale,Wholesale,0.0,None,78.0,63.0,1.0,63.714285714285715,52.357142857142854,49.0
2024-09-23,P008,Appliances,S03,13,4515.171138978369,0,0,1,Monday,September,Q3,0,0,Autumn,Cloudy,0,4822.705585355928,107.9067865724316,Wholesale,Retail,350.7727840341291,None,15.0,21.0,71.0,26.714285714285715,34.42857142857143,34.666666666666664
2024-09-23,P008,Appliances,S03,15,3884.805780096779,0,0,1,Monday,September,Q3,0,0,Autumn,Cloudy,0,3948.4298964502,109.3531560645033,Wholesale,Wholesale,197.0049636822848,None,31.0,39.0,34.0,30.142857142857142,35.785714285714285,34.7
2024-09-23,P007,Sports,S04,64,2868.58,10,1,1,Monday,September,Q3,0,0,Autumn,Sunny,0,2640.19,106.91,Online,Retail,1085.86,None,29.0,37.0,7.0,43.142857142857146,40.07142857142857,41.733333333333334
2024-09-24,P003,Furniture,S01,100,1518.63968866554,20,1,1,Tuesday,September,Q3,0,0,Autumn,Cloudy,1,1457.081932160509,95.20345389300188,Wholesale,Corporate,8035.235313485248,None,1.0,104.0,92.0,35.0,38.07142857142857,44.733333333333334
2024-09-24,P004,Stationery,S02,62,1151.04,5,1,1,Tuesday,September,Q3,0,0,Autumn,Sunny,1,1170.87,108.76,Online,Retail,9973.03,None,35.0,1.0,68.0,28.857142857142858,37.0,37.36666666666667
2024-09-24,P005,Home,S04,81,281.1507735753526,0,1,1,Tuesday,September,Q3,0,0,Autumn,Sunny,0,291.5167956676781,98.72950834150598,Wholesale,Corporate,9240.855199378038,None,85.0,56.0,55.0,65.71428571428571,54.142857142857146,48.3
2024-09-24,P004,Stationery,S01,89,2399.359464006852,20,1,1,Tuesday,September,Q3,0,0,Autumn,Clear,1,2442.029901861397,109.6955654685876,In-Store,Wholesale,8376.306238699082,None,47.0,64.0,0.0,34.42857142857143,38.857142857142854,48.833333333333336
2024-09-25,P002,Electronics,S01,30,4657.70662652473,0,1,1,Wednesday,September,Q3,0,0,Autumn,Stormy,0,4540.186361316487,106.1899524224223,In-Store,Corporate,8206.17959618719,None,32.0,55.0,28.0,41.285714285714285,38.714285714285715,40.43333333333333
2024-09-25,P002,Electronics,S01,32,1694.864284494604,4,0,1,Wednesday,September,Q3,0,0,Autumn,Stormy,0,1559.992978693369,106.1629794937867,Wholesale,Corporate,40.04487416002404,None,68.0,62.0,2.0,45.57142857142857,36.57142857142857,39.4
2024-09-25,P001,Electronics,S01,1,1093.418098692957,23,1,0,Wednesday,September,Q3,0,0,Autumn,Clear,0,1104.688574315475,108.1925715934606,In-Store,Corporate,9239.757328848094,None,82.0,19.0,1.0,42.57142857142857,30.642857142857142,31.533333333333335
2024-09-26,P007,Sports,S04,42,4504.377199512814,17,1,1,Thursday,September,Q3,0,0,Autumn,Stormy,0,4727.737278431295,107.2736205072616,In-Store,Wholesale,4772.730340384422,None,64.0,97.0,84.0,47.0,44.142857142857146,43.4
2024-09-27,P005,Home,S02,1,561.6236168206073,1,0,0,Friday,September,Q3,0,0,Autumn,Sunny,0,504.9669215269964,101.5349473995692,In-Store,Corporate,0.0,None,0.0,3.0,78.0,50.857142857142854,43.57142857142857,52.56666666666667
2024-09-27,P007,Sports,S03,6,1409.441638761401,23,1,0,Friday,September,Q3,0,0,Autumn,Rainy,0,1296.84136780583,104.9396086989485,In-Store,Corporate,9754.615270249666,None,49.0,43.0,1.0,53.714285714285715,52.5,47.96666666666667
2024-09-27,P004,Stationery,S03,71,2585.236244195195,15,1,1,Friday,September,Q3,0,0,Autumn,Rainy,1,2489.311670001426,109.2487364772841,Online,Corporate,6318.47067324055,None,1.0,55.0,16.0,54.857142857142854,52.357142857142854,48.166666666666664
2024-09-27,P004,Stationery,S03,66,2594.68,10,1,1,Friday,September,Q3,0,0,Autumn,Sunny,0,2480.4,97.06,Online,Wholesale,8904.2,None,71.0,75.0,24.0,57.142857142857146,56.285714285714285,50.06666666666667
2024-09-28,P004,Stationery,S01,56,4949.14,20,1,1,Saturday,September,Q3,0,1,Autumn,Stormy,1,5227.71,100.16,Wholesale,Wholesale,3555.24,None,89.0,1.0,51.0,38.0,45.214285714285715,50.166666666666664
2024-09-28,P007,Sports,S04,7,3067.06506517923,3,1,0,Saturday,September,Q3,0,1,Autumn,Cloudy,1,3280.226678461212,95.26347487217438,Wholesale,Retail,7446.020762292091,None,42.0,5.0,1.0,39.142857142857146,41.142857142857146,43.46666666666667
2024-09-29,P005,Home,S02,96,325.1,10,1,1,Sunday,September,Q3,0,1,Autumn,Sunny,0,296.4,109.87,Wholesale,Corporate,7785.0,None,1.0,52.0,57.0,50.57142857142857,38.07142857142857,52.56666666666667
2024-09-29,P001,Electronics,S03,1,2214.92247072904,0,0,0,Sunday,September,Q3,0,1,Autumn,Clear,0,2178.967592675639,108.0398911493813,Wholesale,Wholesale,506.8688607434693,None,3.0,1.0,51.0,23.0,41.42857142857143,49.266666666666666
2024-09-29,P006,Apparel,S03,17,3573.441400599917,2,0,1,Sunday,September,Q3,0,1,Autumn,Rainy,0,3738.019159820716,100.066690327806,Wholesale,Wholesale,874.3456545406154,None,1.0,5.0,2.0,32.857142857142854,34.285714285714285,29.6
2024-09-29,P007,Sports,S03,6,4542.822702747695,0,0,0,Sunday,September,Q3,0,1,Autumn,Cloudy,0,4883.504667334818,99.34748180870018,In-Store,Retail,712.4345158509591,None,6.0,78.0,79.0,48.42857142857143,52.857142857142854,47.86666666666667
2024-09-30,P003,Furniture,S01,1,2460.390411982573,0,0,0,Monday,September,Q3,0,0,Autumn,Stormy,0,2618.675286590752,107.30552363829,Wholesale,Corporate,905.4139083087446,None,100.0,37.0,84.0,34.42857142857143,38.642857142857146,47.8
2024-09-30,P004,Stationery,S03,59,463.8725842667731,0,0,1,Monday,September,Q3,0,0,Autumn,Stormy,0,417.8836784011614,108.6957537921959,Online,Wholesale,0.0,None,66.0,16.0,41.0,55.857142857142854,59.285714285714285,50.1
2024-09-30,P004,Stationery,S02,93,680.64,15,1,1,Monday,September,Q3,0,0,Autumn,Cloudy,1,723.7,108.76,Online,Retail,5969.08,None,62.0,31.0,1.0,37.57142857142857,36.57142857142857,37.5
2024-10-01,P006,Apparel,S03,48,4726.225196948159,15,1,1,Tuesday,October,Q4,0,0,Autumn,Clear,1,4446.036761073757,96.34468895046045,In-Store,Retail,9014.020097782017,None,22.0,62.0,0.0,30.571428571428573,33.857142857142854,30.8
2024-10-01,P005,Home,S01,5,2524.029383955294,8,1,0,Tuesday,October,Q4,0,0,Autumn,Cloudy,1,2623.129035424032,97.8563807866763,Online,Wholesale,3313.768338452714,None,18.0,21.0,39.0,51.0,51.714285714285715,45.2
2024-10-01,P007,Sports,S03,58,1982.50486952729,10,1,1,Tuesday,October,Q4,0,0,Autumn,Stormy,0,1976.528530575935,108.2677511381914,Wholesale,Wholesale,9610.456420640865,None,6.0,10.0,65.0,38.142857142857146,47.642857142857146,46.53333333333333
2024-10-01,P007,Sports,S03,40,4688.99,20,1,1,Tuesday,October,Q4,0,0,Autumn,Rainy,0,4775.75,107.09,Wholesale,Corporate,9182.81,None,58.0,69.0,29.0,45.0,47.142857142857146,47.63333333333333
2024-10-01,P006,Apparel,S03,22,3791.04810318067,0,0,1,Tuesday,October,Q4,0,0,Autumn,Rainy,0,3987.972721675626,105.9260611191447,In-Store,Retail,90.22587295574606,None,17.0,50.0,43.0,34.57142857142857,35.357142857142854,30.133333333333333
2024-10-01,P002,Electronics,S01,58,643.8533026394134,3,1,1,Tuesday,October,Q4,0,0,Autumn,Clear,0,581.2039080596576,95.1903443431395,Online,Retail,5349.203591884541,None,30.0,4.0,0.0,37.714285714285715,38.857142857142854,39.8
2024-10-02,P005,Home,S04,15,4824.870626563335,3,1,1,Wednesday,October,Q4,1,0,Autumn,Rainy,0,4928.510149514544,108.7969763318641,Wholesale,Corporate,8981.874233604121,Gandhi Jayanti,81.0,56.0,43.0,69.28571428571429,56.0,49.53333333333333
2024-10-02,P001,Electronics,S03,66,4748.28,10,1,1,Wednesday,October,Q4,1,0,Autumn,Clear,0,5068.03,107.16,In-Store,Wholesale,3436.0,Gandhi Jayanti,1.0,45.0,71.0,23.0,37.857142857142854,47.6
2024-10-03,P003,Furniture,S03,71,265.8216739795308,10,1,1,Thursday,October,Q4,0,0,Autumn,Cloudy,0,293.0872759451792,103.2666467949953,Wholesale,Retail,6353.147253755071,None,47.0,51.0,50.0,63.42857142857143,52.642857142857146,52.6
2024-10-03,P005,Home,S02,1,3885.806792346797,7,1,0,Thursday,October,Q4,0,0,Autumn,Sunny,0,4176.903611601129,103.3011313557274,Wholesale,Corporate,4742.032735896907,None,96.0,87.0,0.0,56.857142857142854,40.857142857142854,52.63333333333333
2024-10-03,P008,Appliances,S01,45,633.24,0,0,1,Thursday,October,Q4,0,0,Autumn,Clear,0,570.0,108.77,Online,Retail,170.38,None,35.0,1.0,43.0,47.57142857142857,50.357142857142854,47.266666666666666
2024-10-03,P004,Stationery,S03,65,2107.599142950819,17,1,1,Thursday,October,Q4,0,0,Autumn,Stormy,1,2085.3142498271,98.37240459640581,Online,Corporate,564.0744312415757,None,59.0,82.0,61.0,62.0,60.57142857142857,51.333333333333336
2024-10-04,P002,Electronics,S01,1,1626.713149382844,0,1,0,Friday,October,Q4,0,0,Autumn,Clear,1,1571.442550405671,108.1790516706588,Online,Corporate,10251.82343378692,None,58.0,61.0,58.0,45.42857142857143,43.0,39.8
2024-10-04,P003,Furniture,S03,40,485.87,0,0,1,Friday,October,Q4,0,0,Autumn,Clear,0,530.62,100.6,Wholesale,Corporate,293.01,None,71.0,43.0,19.0,66.28571428571429,54.142857142857146,52.46666666666667
2024-10-05,P003,Furniture,S01,16,2828.17706842805,0,0,0,Saturday,October,Q4,0,1,Autumn,Clear,0,2935.909063198585,101.1455810645795,Wholesale,Retail,231.0063848326164,None,121.0,10.0,30.0,41.857142857142854,41.214285714285715,48.46666666666667
2024-10-05,P003,Furniture,S01,121,1620.410654812533,16,1,1,Saturday,October,Q4,0,1,Autumn,Clear,1,1738.116065880317,108.3677912896453,Online,Wholesale,3522.49108624341,None,1.0,33.0,2.0,29.285714285714285,32.714285714285715,46.6
2024-10-05,P006,Apparel,S03,58,1748.5,0,1,1,Saturday,October,Q4,0,1,Autumn,Cloudy,0,1820.95,103.43,Wholesale,Corporate,2620.75,None,48.0,5.0,1.0,28.571428571428573,37.285714285714285,32.3
2024-10-06,P008,Appliances,S03,84,2243.189813313167,22,1,1,Sunday,October,Q4,0,1,Autumn,Cloudy,1,2278.318601482584,104.7844006980141,Online,Wholesale,6100.620580871075,None,13.0,3.0,0.0,25.571428571428573,30.285714285714285,35.06666666666667
2024-10-06,P005,Home,S04,29,4116.202840976099,2,0,1,Sunday,October,Q4,0,1,Autumn,Stormy,1,3959.797512335605,108.0848375543357,Wholesale,Wholesale,471.7325193523411,None,15.0,94.0,30.0,63.42857142857143,54.0,47.06666666666667
2024-10-06,P008,Appliances,S03,37,3568.812693616073,6,1,1,Sunday,October,Q4,0,1,Autumn,Cloudy,0,3323.032278550324,109.9756201381714,Online,Retail,9524.547956874236,None,84.0,17.0,68.0,37.142857142857146,36.285714285714285,36.2
2024-10-07,P001,Electronics,S02,1,3091.47,20,1,0,Monday,October,Q4,0,0,Autumn,Rainy,1,2846.69,102.44,In-Store,Wholesale,1239.16,None,73.0,68.0,32.0,67.85714285714286,58.57142857142857,38.666666666666664
2024-10-07,P001,Electronics,S01,1,2251.619825182655,0,1,0,Monday,October,Q4,0,0,Autumn,Cloudy,0,2174.720623838454,98.29287361651586,Wholesale,Wholesale,1224.452924155539,None,1.0,24.0,21.0,40.0,30.642857142857142,30.366666666666667
2024-10-07,P008,Appliances,S03,52,2502.064292556085,9,1,1,Monday,October,Q4,0,0,Autumn,Cloudy,0,2540.143392264885,102.9618625726117,In-Store,Corporate,9694.641057275374,None,37.0,52.0,53.0,40.0,34.07142857142857,36.833333333333336
2024-10-07,P007,Sports,S03,84,3135.955826307973,16,1,1,Monday,October,Q4,0,0,Autumn,Stormy,0,2894.236823032245,101.1442589750694,Online,Retail,3248.012808570242,None,62.0,79.0,41.0,42.857142857142854,46.214285714285715,47.7
2024-10-07,P004,Stationery,S02,74,1180.546490332889,7,1,1,Monday,October,Q4,0,0,Autumn,Clear,0,1197.49476786133,109.9643035545121,Wholesale,Wholesale,7277.599713896196,None,93.0,1.0,38.0,46.42857142857143,43.142857142857146,39.733333333333334
2024-10-07,P007,Sports,S03,62,4887.966945141597,19,1,1,Monday,October,Q4,0,0,Autumn,Rainy,1,4436.614157463356,97.58495154469097,Online,Wholesale,4980.583299855797,None,40.0,48.0,86.0,40.857142857142854,47.92857142857143,47.96666666666667
2024-10-08,P006,Apparel,S03,45,1005.86,0,0,1,Tuesday,October,Q4,0,0,Autumn,Sunny,0,947.46,105.4,In-Store,Corporate,393.51,None,58.0,20.0,54.0,36.142857142857146,41.357142857142854,34.2
2024-10-08,P007,Sports,S02,44,860.9100372401338,0,0,1,Tuesday,October,Q4,0,0,Autumn,Rainy,0,801.908198430742,98.89314613594566,In-Store,Corporate,0.0,None,1.0,47.0,1.0,25.857142857142858,24.642857142857142,28.133333333333333
2024-10-09,P001,Electronics,S01,44,1768.74244908509,0,1,1,Wednesday,October,Q4,0,0,Autumn,Stormy,1,1863.049543684923,105.5541566473453,In-Store,Retail,5536.856320799652,None,1.0,45.0,1.0,36.714285714285715,29.214285714285715,28.833333333333332
2024-10-09,P001,Electronics,S01,80,2052.5,15,1,1,Wednesday,October,Q4,0,0,Autumn,Rainy,0,2049.66,100.68,Wholesale,Corporate,1463.57,None,44.0,40.0,19.0,36.57142857142857,32.285714285714285,28.833333333333332
2024-10-09,P008,Appliances,S01,55,2459.750506297831,1,1,1,Wednesday,October,Q4,0,0,Autumn,Cloudy,0,2627.55617257975,99.96284809286873,Wholesale,Corporate,2881.817017597634,None,45.0,43.0,82.0,53.857142857142854,50.5,48.733333333333334
2024-10-09,P006,Apparel,S04,1,1648.598431500984,12,1,0,Wednesday,October,Q4,0,0,Autumn,Sunny,0,1502.378246208893,97.49177710043585,Online,Corporate,4950.368363828465,None,1.0,1.0,1.0,33.857142857142854,39.92857142857143,35.96666666666667
2024-10-09,P006,Apparel,S03,60,1748.26417311462,2,1,1,Wednesday,October,Q4,0,0,Autumn,Cloudy,0,1826.235702144499,103.4986865014515,Wholesale,Corporate,2747.685119701484,None,45.0,87.0,60.0,39.714285714285715,40.714285714285715,32.8
2024-10-10,P001,Electronics,S02,1,3645.344052628447,13,1,0,Thursday,October,Q4,0,0,Autumn,Stormy,0,3596.307628172744,98.80170920009539,Online,Retail,7547.793617766223,None,1.0,30.0,29.0,58.285714285714285,56.357142857142854,38.63333333333333
2024-10-10,P004,Stationery,S02,55,3311.163481066184,5,1,1,Thursday,October,Q4,0,0,Autumn,Rainy,0,3056.524830730347,103.7800424430467,Online,Wholesale,5113.11655558307,None,74.0,71.0,62.0,56.857142857142854,45.714285714285715,39.766666666666666
2024-10-10,P001,Electronics,S03,64,2758.110320626204,19,1,1,Thursday,October,Q4,0,0,Autumn,Sunny,1,2833.532273806562,95.29484022353425,In-Store,Corporate,1604.384145964575,None,66.0,29.0,45.0,26.0,37.5,46.53333333333333
2024-10-10,P003,Furniture,S03,8,348.0078014641555,1,0,0,Thursday,October,Q4,0,0,Autumn,Cloudy,0,327.0824039397614,102.8742288631103,Wholesale,Wholesale,104.7947428453752,None,40.0,89.0,42.0,65.85714285714286,55.642857142857146,50.833333333333336
2024-10-10,P005,Home,S04,98,1403.073964705496,22,1,1,Thursday,October,Q4,0,0,Autumn,Sunny,0,1500.519884067969,95.98754709610334,In-Store,Retail,6610.569697434918,None,29.0,47.0,30.0,54.142857142857146,53.92857142857143,48.03333333333333
2024-10-10,P005,Home,S01,49,3547.502623222099,14,1,1,Thursday,October,Q4,0,0,Autumn,Cloudy,0,3595.085008590527,99.63223558622775,Online,Corporate,1383.405661102487,None,5.0,78.0,90.0,48.714285714285715,49.285714285714285,44.766666666666666
2024-10-10,P007,Sports,S02,86,892.3580248174466,11,1,1,Thursday,October,Q4,0,0,Autumn,Stormy,0,838.710299203154,102.2221395913411,Wholesale,Wholesale,5520.424450259588,None,44.0,0.0,1.0,25.428571428571427,27.714285714285715,29.4
2024-10-11,P001,Electronics,S02,82,2209.698921997515,24,1,1,Friday,October,Q4,0,0,Autumn,Sunny,0,2342.669544742412,97.30647796033047,Wholesale,Corporate,8711.58130678927,None,1.0,73.0,2.0,54.142857142857146,54.357142857142854,38.56666666666667
2024-10-11,P003,Furniture,S01,17,2825.82,0,0,0,Friday,October,Q4,0,0,Autumn,Clear,0,2941.4,101.47,Wholesale,Retail,303.66,None,16.0,57.0,21.0,42.714285714285715,40.214285714285715,48.266666666666666
2024-10-11,P007,Sports,S04,35,876.6542141236822,2,0,1,Friday,October,Q4,0,0,Autumn,Rainy,0,919.7117576710763,95.88622264877317,Wholesale,Corporate,619.846634282201,None,7.0,26.0,66.0,39.42857142857143,41.57142857142857,43.63333333333333
2024-10-11,P006,Apparel,S03,91,943.1198593532226,17,1,1,Friday,October,Q4,0,0,Autumn,Sunny,0,927.4048085145024,100.3359023238549,In-Store,Wholesale,2796.185735078009,None,60.0,1.0,90.0,35.857142857142854,40.714285714285715,31.766666666666666
2024-10-11,P004,Stationery,S02,74,1172.711979787268,8,1,1,Friday,October,Q4,0,0,Autumn,Clear,0,1216.953139674062,110.1413034873783,Wholesale,Wholesale,7111.892006899559,None,55.0,31.0,39.0,54.57142857142857,45.214285714285715,41.53333333333333
2024-10-12,P002,Electronics,S01,1,1587.546317074562,0,1,0,Saturday,October,Q4,0,1,Autumn,Stormy,0,1740.231171512907,108.8569804934956,In-Store,Wholesale,7501.708689647331,None,1.0,40.0,16.0,36.857142857142854,38.92857142857143,37.86666666666667
2024-10-12,P007,Sports,S02,52,457.07,0,0,1,Saturday,October,Q4,0,1,Autumn,Stormy,1,477.37,105.95,In-Store,Wholesale,140.76,None,86.0,61.0,3.0,37.714285714285715,33.785714285714285,32.266666666666666
2024-10-13,P004,Stationery,S01,0,438.25,10,1,0,Sunday,October,Q4,0,1,Autumn,Stormy,0,399.2,95.06,Online,Corporate,8327.02,None,56.0,47.0,52.0,45.857142857142854,45.57142857142857,52.0
2024-10-13,P004,Stationery,S01,70,3448.43735141288,16,1,1,Sunday,October,Q4,0,1,Autumn,Rainy,0,3318.216932279895,96.98055715562776,Wholesale,Wholesale,3222.779119778824,None,0.0,2.0,1.0,39.142857142857146,41.857142857142854,49.53333333333333
2024-10-14,P008,Appliances,S04,86,1365.489858638092,11,1,1,Monday,October,Q4,0,0,Autumn,Sunny,0,1291.073137597653,107.4904695305538,Wholesale,Wholesale,4722.280768810074,None,7.0,108.0,91.0,53.57142857142857,66.28571428571429,61.0
2024-10-14,P007,Sports,S03,9,1411.584448200023,22,1,0,Monday,October,Q4,0,0,Autumn,Rainy,0,1298.823003185031,105.3060818987316,In-Store,Corporate,9976.784967531852,None,84.0,49.0,58.0,43.57142857142857,49.285714285714285,48.666666666666664
2024-10-15,P007,Sports,S02,6,3108.710825790378,0,1,0,Tuesday,October,Q4,0,0,Autumn,Clear,0,3345.175520795028,102.9161022776615,Online,Retail,5033.12992601072,None,52.0,66.0,1.0,36.42857142857143,37.285714285714285,33.96666666666667
2024-10-15,P008,Appliances,S01,2,545.8963109684593,0,1,0,Tuesday,October,Q4,0,0,Autumn,Clear,0,526.0001191435265,106.6363114054438,In-Store,Retail,7934.333617707968,None,55.0,0.0,54.0,55.57142857142857,48.57142857142857,49.03333333333333
2024-10-15,P005,Home,S01,42,3280.96,5,1,1,Tuesday,October,Q4,0,0,Autumn,Cloudy,0,3195.26,101.69,In-Store,Corporate,4918.05,None,49.0,115.0,89.0,44.57142857142857,46.357142857142854,44.93333333333333
2024-10-15,P006,Apparel,S02,49,4438.491440858558,19,1,1,Tuesday,October,Q4,0,0,Autumn,Cloudy,0,4264.40027862374,109.2456593212635,Wholesale,Wholesale,4552.53893115244,None,59.0,23.0,45.0,42.714285714285715,36.714285714285715,43.43333333333333
2024-10-15,P006,Apparel,S02,59,1170.268941482053,5,1,1,Tuesday,October,Q4,0,0,Autumn,Cloudy,0,1273.926895285477,104.4913890528509,Online,Wholesale,5362.488510012642,None,57.0,1.0,30.0,34.42857142857143,34.642857142857146,43.2
2024-10-16,P004,Stationery,S03,28,2908.38,0,0,1,Wednesday,October,Q4,0,0,Autumn,Cloudy,1,2858.35,106.35,Online,Wholesale,30.49,None,65.0,77.0,68.0,59.57142857142857,60.857142857142854,53.1
2024-10-16,P006,Apparel,S04,21,3569.907044286212,3,1,1,Wednesday,October,Q4,0,0,Autumn,Rainy,0,3597.960394985161,103.0579970363725,Wholesale,Retail,5375.050185046777,None,1.0,62.0,36.0,33.857142857142854,39.92857142857143,34.93333333333333
2024-10-16,P003,Furniture,S01,14,2821.090486254141,0,0,0,Wednesday,October,Q4,0,0,Autumn,Clear,0,2932.92236377994,101.7265197469597,Wholesale,Retail,453.7065494052719,None,17.0,3.0,25.0,37.0,39.92857142857143,44.9
2024-10-17,P008,Appliances,S04,33,1321.475348395225,2,0,1,Thursday,October,Q4,0,0,Autumn,Clear,0,1331.196311910546,99.0076405571219,Wholesale,Corporate,76.30757484093266,None,86.0,3.0,93.0,50.42857142857143,65.92857142857143,61.03333333333333
2024-10-17,P003,Furniture,S03,12,4677.902232576224,0,0,1,Thursday,October,Q4,0,0,Autumn,Clear,0,4764.374353332919,103.0838108729184,Wholesale,Wholesale,120.8308412855021,None,8.0,68.0,43.0,54.285714285714285,53.214285714285715,49.8
2024-10-17,P007,Sports,S04,37,4835.01,15,1,1,Thursday,October,Q4,0,0,Autumn,Clear,0,4812.06,96.18,Wholesale,Retail,5269.96,None,35.0,35.0,2.0,40.714285714285715,39.357142857142854,42.03333333333333
2024-10-17,P004,Stationery,S02,4,3984.685052301205,0,0,0,Thursday,October,Q4,0,0,Autumn,Rainy,1,3749.304273657104,107.888413573639,In-Store,Retail,360.6694306034207,None,74.0,32.0,43.0,60.714285714285715,47.714285714285715,42.93333333333333
2024-10-18,P001,Electronics,S03,1,1189.208079238957,7,1,0,Friday,October,Q4,0,0,Autumn,Rainy,0,1146.535830706156,95.82561531521812,Online,Corporate,3985.232684209812,None,64.0,1.0,52.0,31.0,38.857142857142854,46.03333333333333
2024-10-18,P001,Electronics,S03,31,4765.307521791333,5,1,1,Friday,October,Q4,0,0,Autumn,Rainy,0,5218.201689576722,102.2630715105492,In-Store,Corporate,7062.009586661981,None,1.0,0.0,53.0,31.0,35.214285714285715,44.766666666666666
2024-10-18,P003,Furniture,S01,21,4756.42,5,1,1,Friday,October,Q4,0,0,Autumn,Rainy,0,5049.85,96.89,In-Store,Retail,9888.66,None,14.0,1.0,34.0,38.57142857142857,39.142857142857146,43.43333333333333
2024-10-18,P008,Appliances,S03,63,3406.854142527312,18,1,1,Friday,October,Q4,0,0,Autumn,Cloudy,1,3168.781370159256,101.2606218523803,In-Store,Wholesale,3072.079475454577,None,52.0,48.0,49.0,40.0,34.0,38.1
2024-10-19,P008,Appliances,S02,1,879.6801788787623,0,0,0,Saturday,October,Q4,0,1,Autumn,Rainy,0,862.093486134048,106.6407744849197,Wholesale,Corporate,709.04475230958,None,48.0,43.0,37.0,37.0,43.714285714285715,40.266666666666666
2024-10-19,P006,Apparel,S02,25,2258.364218115867,0,0,1,Saturday,October,Q4,0,1,Autumn,Sunny,0,2138.520652066936,98.58638514037358,Online,Corporate,672.4308095584981,None,49.0,1.0,46.0,46.42857142857143,37.0,43.56666666666667
2024-10-19,P007,Sports,S02,43,4986.89,15,1,1,Saturday,October,Q4,0,1,Autumn,Clear,0,4807.11,105.91,Online,Retail,4186.94,None,6.0,1.0,66.0,27.857142857142858,37.642857142857146,33.2
2024-10-20,P007,Sports,S03,66,4311.8,10,1,1,Sunday,October,Q4,0,1,Autumn,Sunny,1,4387.32,106.73,Online,Corporate,1921.6,None,9.0,6.0,43.0,37.857142857142854,45.785714285714285,47.13333333333333
2024-10-21,P008,Appliances,S04,19,2892.791707918266,0,0,1,Monday,October,Q4,0,0,Autumn,Cloudy,0,2960.242892578678,100.347553873678,Wholesale,Corporate,106.8806722571557,None,33.0,97.0,106.0,54.714285714285715,61.642857142857146,59.13333333333333
2024-10-21,P002,Electronics,S01,3,2900.88,0,0,0,Monday,October,Q4,0,0,Autumn,Cloudy,0,2764.04,104.82,Wholesale,Wholesale,236.52,None,1.0,29.0,14.0,31.285714285714285,37.857142857142854,36.166666666666664
2024-10-21,P001,Electronics,S02,90,2215.239521584611,21,1,1,Monday,October,Q4,0,0,Autumn,Sunny,0,2327.083229878878,97.7448264489178,Wholesale,Corporate,8786.371353901033,None,82.0,27.0,52.0,55.42857142857143,60.07142857142857,40.13333333333333
2024-10-22,P005,Home,S01,44,3274.489128203747,8,1,1,Tuesday,October,Q4,0,0,Autumn,Cloudy,0,3191.192775565976,101.2906641196135,In-Store,Corporate,5165.741343815859,None,8.0,52.0,25.0,25.857142857142858,43.142857142857146,44.43333333333333
2024-10-22,P003,Furniture,S03,0,2134.28,10,1,0,Tuesday,October,Q4,0,0,Autumn,Stormy,0,2089.8,108.18,Wholesale,Retail,968.26,None,12.0,58.0,10.0,46.285714285714285,51.0,47.3
2024-10-22,P005,Home,S01,8,2654.675108521027,0,0,0,Tuesday,October,Q4,0,0,Autumn,Cloudy,0,2695.756765478188,106.3528185476027,Wholesale,Wholesale,400.8729810576261,None,42.0,66.0,6.0,34.142857142857146,43.0,44.7
2024-10-22,P004,Stationery,S03,70,2592.401742032786,17,1,1,Tuesday,October,Q4,0,0,Autumn,Rainy,1,2482.313370262346,109.6148205410114,Online,Corporate,6085.999739250493,None,28.0,78.0,76.0,52.57142857142857,58.0,50.93333333333333
2024-10-22,P001,Electronics,S01,29,2092.82533009297,2,0,1,Tuesday,October,Q4,0,0,Autumn,Stormy,0,2254.475903063552,109.9846964396357,Wholesale,Wholesale,547.7426579731793,None,80.0,38.0,17.0,42.285714285714285,36.642857142857146,31.466666666666665
2024-10-22,P002,Electronics,S04,58,654.1396143049016,3,0,1,Tuesday,October,Q4,0,0,Autumn,Stormy,0,586.9253888935582,97.88225701119542,In-Store,Corporate,567.439318289448,None,50.0,18.0,32.0,36.42857142857143,33.57142857142857,34.93333333333333
2024-10-23,P008,Appliances,S03,12,4505.75,0,0,1,Wednesday,October,Q4,0,0,Autumn,Cloudy,0,4814.71,107.87,Wholesale,Retail,486.25,None,63.0,31.0,15.0,42.142857142857146,35.0,39.0
2024-10-23,P002,Electronics,S04,32,3370.978014316402,0,1,1,Wednesday,October,Q4,0,0,Autumn,Stormy,0,3614.605194105526,103.0163688357931,Wholesale,Retail,271.3915647206532,None,58.0,33.0,5.0,42.142857142857146,35.42857142857143,36.1
2024-10-23,P008,Appliances,S02,1,4767.033491592759,22,1,0,Wednesday,October,Q4,0,0,Autumn,Sunny,0,5144.950376987641,104.6937406125511,In-Store,Corporate,3442.390983363213,None,1.0,1.0,50.0,31.0,41.142857142857146,38.4
2024-10-24,P005,Home,S02,57,2911.457341572477,5,1,1,Thursday,October,Q4,0,0,Autumn,Clear,0,2846.547200503152,106.1026056173323,Wholesale,Wholesale,1461.978012789513,None,1.0,88.0,1.0,44.57142857142857,40.92857142857143,52.63333333333333
2024-10-24,P005,Home,S01,51,4534.985368257232,10,1,1,Thursday,October,Q4,0,0,Autumn,Stormy,0,4543.949700158012,102.1212154774894,Wholesale,Corporate,4717.817947560514,None,44.0,7.0,6.0,24.714285714285715,44.5,44.2
2024-10-24,P004,Stationery,S02,74,1642.31,15,1,1,Thursday,October,Q4,0,0,Autumn,Cloudy,0,1717.46,104.07,Online,Retail,4696.31,None,4.0,35.0,65.0,56.714285714285715,44.92857142857143,41.9
2024-10-24,P008,Appliances,S03,92,1830.428252408663,19,1,1,Thursday,October,Q4,0,0,Autumn,Rainy,0,1676.92825957844,110.1666968755481,In-Store,Wholesale,2004.884506828391,None,12.0,15.0,39.0,39.42857142857143,34.785714285714285,37.8
2024-10-25,P004,Stationery,S03,92,973.816389087499,18,1,1,Friday,October,Q4,0,0,Autumn,Stormy,0,1029.284658885203,98.65478669748168,In-Store,Corporate,3039.732996825437,None,70.0,1.0,63.0,51.42857142857143,57.57142857142857,51.43333333333333
2024-10-25,P007,Sports,S04,20,1318.743857902758,0,0,1,Friday,October,Q4,0,0,Autumn,Clear,0,1257.165186146977,108.4785705958951,Wholesale,Corporate,422.4802419280171,None,75.0,29.0,62.0,41.285714285714285,44.57142857142857,42.93333333333333
2024-10-25,P006,Apparel,S01,79,1686.81600855402,2,1,1,Friday,October,Q4,0,0,Autumn,Sunny,0,1794.910160784015,95.79325936714574,Online,Wholesale,5788.285430486819,None,73.0,75.0,0.0,58.714285714285715,51.714285714285715,55.0
2024-10-25,P007,Sports,S04,75,3845.57,20,1,1,Friday,October,Q4,0,0,Autumn,Sunny,1,4069.76,95.98,Wholesale,Wholesale,4332.16,None,37.0,73.0,37.0,41.0,41.857142857142854,43.2
2024-10-25,P006,Apparel,S01,1,4595.063878869867,0,0,0,Friday,October,Q4,0,0,Autumn,Clear,0,4666.459995512009,97.42677714060423,In-Store,Wholesale,659.0644830776112,None,79.0,46.0,73.0,59.285714285714285,57.357142857142854,55.56666666666667
2024-10-26,P003,Furniture,S01,65,1504.120698362811,8,1,1,Saturday,October,Q4,0,1,Autumn,Sunny,0,1445.877978433542,104.3860009735832,Online,Wholesale,2768.446464790831,None,21.0,100.0,104.0,41.42857142857143,38.214285714285715,43.53333333333333
2024-10-26,P001,Electronics,S02,99,1125.26,20,1,1,Saturday,October,Q4,0,1,Autumn,Sunny,0,1020.18,95.76,In-Store,Wholesale,2391.54,None,90.0,102.0,86.0,64.42857142857143,62.785714285714285,43.1
2024-10-26,P008,Appliances,S04,72,4028.705641472943,12,1,1,Saturday,October,Q4,0,1,Autumn,Stormy,0,4123.0648923943,108.1469119407948,Wholesale,Corporate,5078.033757494441,None,19.0,73.0,77.0,43.57142857142857,55.42857142857143,56.4
2024-10-26,P005,Home,S04,60,4207.261210375573,1,1,1,Saturday,October,Q4,0,1,Autumn,Stormy,1,3911.275985307551,97.71915397315453,Wholesale,Wholesale,7611.506309051629,None,98.0,75.0,15.0,61.42857142857143,58.785714285714285,49.43333333333333
2024-10-27,P005,Home,S03,1,868.6855988629912,9,1,0,Sunday,October,Q4,0,1,Autumn,Rainy,0,774.2846748744508,108.9069316299512,Online,Wholesale,3196.620264928706,None,64.0,66.0,43.0,55.714285714285715,42.142857142857146,51.13333333333333
2024-10-27,P007,Sports,S02,39,4994.437288824624,13,1,1,Sunday,October,Q4,0,1,Autumn,Clear,0,4807.584716906137,106.2071634806618,Online,Retail,4478.36105812795,None,43.0,5.0,49.0,33.857142857142854,36.0,33.56666666666667
2024-10-27,P006,Apparel,S04,65,2624.61,15,1,1,Sunday,October,Q4,0,1,Autumn,Sunny,0,2557.66,103.91,Online,Corporate,6075.36,None,21.0,28.0,90.0,28.0,38.857142857142854,33.03333333333333
2024-10-27,P002,Electronics,S01,64,4131.916450502121,21,1,1,Sunday,October,Q4,0,1,Autumn,Clear,0,4305.168421125921,109.3975396164779,Online,Wholesale,441.320415536951,None,3.0,68.0,75.0,27.571428571428573,37.07142857142857,36.233333333333334
2024-10-27,P001,Electronics,S03,1,4784.491589999607,4,0,1,Sunday,October,Q4,0,1,Autumn,Sunny,0,5250.299390256106,97.76823273505795,In-Store,Retail,434.6339370133296,None,31.0,82.0,98.0,35.42857142857143,33.642857142857146,42.733333333333334
2024-10-28,P007,Sports,S02,69,1122.572433909542,10,1,1,Monday,October,Q4,0,0,Autumn,Clear,0,1139.014283878798,103.3385803170425,Wholesale,Retail,7767.907760536035,None,39.0,1.0,43.0,38.714285714285715,35.285714285714285,32.7
2024-10-28,P006,Apparel,S03,36,984.87,0,0,1,Monday,October,Q4,0,0,Autumn,Sunny,0,896.16,107.81,Online,Retail,323.69,None,91.0,17.0,5.0,48.714285714285715,40.785714285714285,33.93333333333333
2024-10-29,P004,Stationery,S02,36,2990.061782810166,0,0,1,Tuesday,October,Q4,0,0,Autumn,Stormy,1,3222.434625981366,105.0121739019314,In-Store,Corporate,163.8712754531943,None,74.0,62.0,1.0,62.285714285714285,45.57142857142857,42.266666666666666
2024-10-29,P008,Appliances,S03,45,4327.719289678897,2,1,1,Tuesday,October,Q4,0,0,Autumn,Clear,1,3950.961366138637,109.1307715444641,Online,Retail,6698.207196664768,None,92.0,13.0,21.0,50.42857142857143,38.57142857142857,38.63333333333333
2024-10-29,P008,Appliances,S02,49,2613.020461267978,12,1,1,Tuesday,October,Q4,0,0,Autumn,Cloudy,0,2789.404725074342,101.9355511671165,Online,Retail,2112.75840669453,None,1.0,33.0,55.0,31.0,37.642857142857146,38.4
2024-10-29,P004,Stationery,S03,53,3327.62,10,1,1,Tuesday,October,Q4,0,0,Autumn,Sunny,0,3601.49,104.71,Wholesale,Retail,2625.82,None,92.0,71.0,55.0,64.42857142857143,59.642857142857146,52.43333333333333
2024-10-29,P008,Appliances,S01,96,663.9230348354987,12,1,1,Tuesday,October,Q4,0,0,Autumn,Sunny,0,643.0256088677348,104.4299038938127,In-Store,Wholesale,5756.274524642493,None,2.0,86.0,51.0,55.857142857142854,44.857142857142854,47.2
2024-10-29,P008,Appliances,S04,1,2485.454854204088,14,1,0,Tuesday,October,Q4,0,0,Autumn,Stormy,0,2605.525166610288,106.9112299703403,Wholesale,Retail,4560.77267078552,None,72.0,16.0,74.0,43.42857142857143,55.07142857142857,55.6
2024-10-29,P001,Electronics,S01,38,4296.657268915753,12,1,1,Tuesday,October,Q4,0,0,Autumn,Cloudy,0,4636.103767383601,109.0015418116056,In-Store,Wholesale,1008.835939619059,None,29.0,50.0,43.0,41.0,37.5,31.266666666666666
2024-10-30,P006,Apparel,S04,2,3567.170959346511,7,1,0,Wednesday,October,Q4,0,0,Autumn,Rainy,0,3706.35017282715,104.3451686869461,Online,Wholesale,5023.367981457927,None,65.0,47.0,52.0,33.285714285714285,37.07142857142857,35.166666666666664
2024-10-30,P002,Electronics,S01,37,4044.380471137584,12,1,1,Wednesday,October,Q4,0,0,Autumn,Cloudy,0,3788.477789500374,96.25394161327897,Wholesale,Corporate,5873.726046901875,None,64.0,32.0,62.0,27.0,36.285714285714285,36.233333333333334
2024-10-30,P001,Electronics,S03,1,2218.297033644375,1,0,0,Wednesday,October,Q4,0,0,Autumn,Clear,0,2187.061512035079,108.7522805821863,Wholesale,Wholesale,614.5864883169886,None,1.0,3.0,49.0,23.857142857142858,26.714285714285715,41.833333333333336
2024-10-30,P007,Sports,S04,87,2990.305640752039,21,1,1,Wednesday,October,Q4,0,0,Autumn,Stormy,1,3082.444814863129,100.0887925606823,In-Store,Wholesale,2296.570261839096,None,20.0,64.0,37.0,40.0,41.57142857142857,41.53333333333333
2024-10-30,P005,Home,S03,55,2234.27,5,1,1,Wednesday,October,Q4,0,0,Autumn,Stormy,0,2108.35,99.53,Wholesale,Wholesale,4272.95,None,1.0,53.0,1.0,46.42857142857143,39.142857142857146,49.63333333333333
2024-10-30,P001,Electronics,S02,68,961.3473827071066,7,1,1,Wednesday,October,Q4,0,0,Autumn,Sunny,0,948.1414915597127,101.0452389671664,Wholesale,Corporate,4434.220626176627,None,99.0,102.0,54.0,64.0,63.714285714285715,46.36666666666667
2024-10-31,P005,Home,S01,4,2528.887268210166,3,1,0,Thursday,October,Q4,0,0,Autumn,Cloudy,1,2635.731898844354,97.96524202614447,Online,Wholesale,3615.45582838582,None,51.0,18.0,112.0,31.0,47.714285714285715,44.36666666666667
2024-10-31,P006,Apparel,S03,1,3819.127223513829,0,1,0,Thursday,October,Q4,0,0,Autumn,Sunny,0,3470.555683004571,105.7784223424819,In-Store,Wholesale,5217.869131184839,None,36.0,22.0,50.0,51.42857142857143,43.0,35.1
2024-10-31,P002,Electronics,S01,103,2655.27,15,1,1,Thursday,October,Q4,0,0,Autumn,Clear,1,2713.18,99.48,Online,Corporate,1106.45,None,34.0,58.0,4.0,28.285714285714285,33.0,37.266666666666666
2024-10-31,P002,Electronics,S01,34,1685.427272337413,0,0,1,Thursday,October,Q4,0,0,Autumn,Stormy,0,1554.620194676991,106.7662113187663,Wholesale,Corporate,0.0,None,37.0,30.0,55.0,27.714285714285715,34.5,36.13333333333333
2024-10-31,P008,Appliances,S02,51,2614.951523996986,13,1,1,Thursday,October,Q4,0,0,Autumn,Cloudy,0,2803.361481067653,101.9173496742148,Online,Retail,2108.866089259564,None,49.0,46.0,54.0,33.285714285714285,37.214285714285715,37.93333333333333
2024-10-31,P001,Electronics,S04,60,1337.780613384814,10,1,1,Thursday,October,Q4,0,0,Autumn,Stormy,0,1336.16708441039,103.7980269102092,Online,Retail,8799.579370065532,None,61.0,34.0,61.0,37.714285714285715,45.142857142857146,50.833333333333336
2024-11-01,P004,Stationery,S03,75,2579.665991615273,23,1,1,Friday,November,Q4,1,0,Autumn,Rainy,1,2476.388906710595,109.544322432602,Online,Corporate,6157.699234470399,Diwali,53.0,66.0,75.0,61.857142857142854,59.5,52.53333333333333
2024-11-01,P008,Appliances,S04,51,2415.964126988878,16,1,1,Friday,November,Q4,1,0,Autumn,Rainy,0,2516.650875254717,102.0125827355832,Wholesale,Wholesale,9398.14758870482,Diwali,1.0,71.0,58.0,41.285714285714285,49.857142857142854,53.13333333333333
2024-11-01,P008,Appliances,S04,75,457.0880347846535,13,1,1,Friday,November,Q4,1,0,Autumn,Clear,0,469.1384809145048,106.8217635972006,Online,Corporate,5766.13997644823,Diwali,51.0,7.0,54.0,38.42857142857143,49.357142857142854,54.733333333333334
2024-11-01,P006,Apparel,S02,1,1038.262878158124,15,1,0,Friday,November,Q4,1,0,Autumn,Sunny,0,1007.709305487252,97.10845224703547,Online,Retail,5355.316513295481,Diwali,25.0,45.0,40.0,49.857142857142854,35.5,42.93333333333333
2024-11-01,P005,Home,S03,20,4335.16,0,0,1,Friday,November,Q4,1,0,Autumn,Rainy,1,4565.33,108.5,Wholesale,Corporate,330.27,Diwali,55.0,81.0,5.0,46.714285714285715,43.0,49.13333333333333
2024-11-02,P005,Home,S03,62,726.1385872266446,6,1,1,Saturday,November,Q4,0,1,Autumn,Stormy,0,810.5323717944325,107.866325842365,In-Store,Wholesale,7273.649398624252,None,20.0,5.0,0.0,38.0,44.07142857142857,47.333333333333336
2024-11-02,P003,Furniture,S01,37,3345.92,0,0,1,Saturday,November,Q4,0,1,Autumn,Stormy,0,3504.34,103.75,Wholesale,Retail,171.58,None,65.0,1.0,37.0,36.42857142857143,35.42857142857143,42.36666666666667
2024-11-02,P007,Sports,S03,36,4694.484328780562,16,1,1,Saturday,November,Q4,0,1,Autumn,Rainy,0,4779.201168791034,107.5843432707166,Wholesale,Corporate,9323.615651848144,None,66.0,6.0,78.0,46.42857142857143,47.42857142857143,47.63333333333333
2024-11-02,P004,Stationery,S02,46,3477.864726843079,9,1,1,Saturday,November,Q4,0,1,Autumn,Stormy,0,3422.983628490749,99.70328609903518,Wholesale,Retail,8633.701426429152,None,36.0,93.0,31.0,58.57142857142857,48.07142857142857,42.2
2024-11-03,P006,Apparel,S02,75,2408.514404904673,14,1,1,Sunday,November,Q4,0,1,Autumn,Clear,0,2491.350686809376,107.8370084057758,Wholesale,Wholesale,8512.34396779539,None,1.0,74.0,30.0,43.57142857142857,32.714285714285715,42.0
2024-11-03,P008,Appliances,S02,55,4377.438912201515,13,1,1,Sunday,November,Q4,0,1,Autumn,Stormy,1,4438.237096599542,108.0048652675011,Online,Retail,2078.705515326631,None,51.0,58.0,1.0,34.0,37.0,37.7
2024-11-04,P004,Stationery,S04,1,2179.589121562437,0,0,0,Monday,November,Q4,0,0,Autumn,Rainy,0,2252.525196117015,104.9879956395919,In-Store,Retail,359.0974337773112,None,47.0,31.0,1.0,26.285714285714285,34.642857142857146,40.766666666666666
2024-11-04,P008,Appliances,S02,4,3756.41,15,1,0,Monday,November,Q4,0,0,Autumn,Rainy,0,3872.43,98.33,Online,Wholesale,8778.61,None,55.0,30.0,77.0,33.57142857142857,40.857142857142854,37.9
2024-11-04,P003,Furniture,S01,1,1572.014419848409,19,1,0,Monday,November,Q4,0,0,Autumn,Cloudy,0,1657.400308043133,106.1610404603359,Wholesale,Corporate,2596.253621365404,None,37.0,121.0,33.0,41.57142857142857,35.42857142857143,43.2
2024-11-05,P007,Sports,S03,59,1984.08,10,1,1,Tuesday,November,Q4,0,0,Autumn,Stormy,0,1972.39,108.0,Wholesale,Wholesale,9470.86,None,36.0,58.0,10.0,50.714285714285715,44.42857142857143,48.1
2024-11-05,P001,Electronics,S01,17,4940.135431931516,9,1,1,Tuesday,November,Q4,0,0,Autumn,Cloudy,0,4618.787705538256,97.51847797329603,Wholesale,Wholesale,6302.185277090144,None,38.0,82.0,29.0,39.285714285714285,37.142857142857146,31.333333333333332
2024-11-05,P006,Apparel,S04,51,2449.319789303705,2,1,1,Tuesday,November,Q4,0,0,Autumn,Sunny,0,2258.245396842069,110.0072157855629,Wholesale,Corporate,8558.688847786012,None,2.0,29.0,70.0,26.857142857142858,33.5,33.666666666666664
2024-11-06,P002,Electronics,S01,43,4042.802251332719,11,1,1,Wednesday,November,Q4,0,0,Autumn,Cloudy,0,3791.492368457806,96.56263872780917,Wholesale,Corporate,5181.935055372113,None,103.0,1.0,61.0,34.714285714285715,40.07142857142857,39.3
2024-11-06,P002,Electronics,S04,46,4469.25,10,1,1,Wednesday,November,Q4,0,0,Autumn,Stormy,1,4289.01,95.81,Online,Retail,9927.3,None,32.0,22.0,29.0,42.0,37.357142857142854,36.333333333333336
2024-11-07,P007,Sports,S03,84,1113.067787633935,17,1,1,Thursday,November,Q4,0,0,Autumn,Clear,1,1024.537799880745,94.88363818465379,Wholesale,Retail,7153.202289602684,None,59.0,40.0,69.0,50.857142857142854,47.92857142857143,47.7
2024-11-07,P008,Appliances,S01,102,676.9419237994705,13,1,1,Thursday,November,Q4,0,0,Autumn,Sunny,0,647.4642143447364,104.81447192065,In-Store,Wholesale,5112.453094699223,None,96.0,65.0,61.0,57.285714285714285,48.07142857142857,48.9
2024-11-07,P001,Electronics,S03,41,3408.236808260175,7,1,1,Thursday,November,Q4,0,0,Autumn,Stormy,0,3735.791463394704,104.2542556211542,In-Store,Retail,6419.626403251274,None,1.0,1.0,1.0,23.571428571428573,23.285714285714285,41.86666666666667
2024-11-07,P006,Apparel,S04,32,4938.52,5,1,1,Thursday,November,Q4,0,0,Autumn,Cloudy,0,5214.03,102.31,Wholesale,Retail,3477.43,None,51.0,69.0,4.0,30.0,32.142857142857146,32.8
2024-11-08,P008,Appliances,S03,70,3397.217802197479,19,1,1,Friday,November,Q4,0,0,Autumn,Cloudy,1,3164.577988449435,101.3998147540891,In-Store,Wholesale,2900.53672486511,None,45.0,84.0,3.0,55.0,40.285714285714285,37.9
2024-11-08,P001,Electronics,S01,7,2369.86,0,0,0,Friday,November,Q4,0,0,Autumn,Rainy,0,2505.04,106.7,Online,Wholesale,216.86,None,17.0,1.0,19.0,30.0,36.285714285714285,31.066666666666666
2024-11-09,P004,Stationery,S02,34,4578.003184564659,2,1,1,Saturday,November,Q4,0,1,Autumn,Sunny,0,4796.541521262142,102.1757908994683,In-Store,Wholesale,3847.676074165698,None,46.0,74.0,1.0,51.857142857142854,49.142857142857146,42.6
2024-11-09,P008,Appliances,S04,86,2775.836591062215,22,1,1,Saturday,November,Q4,0,1,Autumn,Clear,0,2998.602931853217,107.1342312182758,In-Store,Wholesale,2089.049388900944,None,75.0,86.0,108.0,48.142857142857146,50.857142857142854,54.06666666666667
2024-11-09,P007,Sports,S04,66,2259.32,5,1,1,Saturday,November,Q4,0,1,Autumn,Sunny,0,2274.59,105.96,Online,Corporate,7690.05,None,87.0,42.0,97.0,43.285714285714285,45.142857142857146,41.266666666666666
2024-11-10,P001,Electronics,S03,39,3411.274301232505,7,1,1,Sunday,November,Q4,0,1,Autumn,Stormy,0,3742.256880822345,104.3276434179875,In-Store,Retail,5635.053392284315,None,41.0,66.0,45.0,29.285714285714285,26.142857142857142,41.733333333333334
2024-11-10,P004,Stationery,S01,73,3448.39,15,1,1,Sunday,November,Q4,0,1,Autumn,Rainy,0,3318.79,96.54,Wholesale,Wholesale,3408.09,None,70.0,72.0,76.0,48.857142857142854,46.785714285714285,49.43333333333333
2024-11-10,P001,Electronics,S01,27,2089.907723529607,4,0,1,Sunday,November,Q4,0,1,Autumn,Stormy,0,2243.348875290774,109.2719471166139,Wholesale,Wholesale,725.3225500424606,None,7.0,1.0,24.0,30.857142857142858,35.42857142857143,31.266666666666666
2024-11-10,P004,Stationery,S02,34,4335.976057391759,7,1,1,Sunday,November,Q4,0,1,Autumn,Cloudy,0,4051.893314890838,109.038535556828,In-Store,Corporate,5258.363012774749,None,34.0,55.0,71.0,46.142857142857146,51.5,42.7
2024-11-10,P008,Appliances,S02,45,2759.986427159149,3,1,1,Sunday,November,Q4,0,1,Autumn,Cloudy,1,3024.277375189678,102.1109140408577,In-Store,Corporate,5450.988076941002,None,4.0,48.0,79.0,29.857142857142858,35.642857142857146,37.766666666666666
2024-11-11,P002,Electronics,S01,0,1631.37,0,1,0,Monday,November,Q4,0,0,Autumn,Clear,1,1578.46,108.32,Online,Corporate,9963.32,None,43.0,1.0,40.0,40.714285714285715,38.785714285714285,38.13333333333333
2024-11-12,P008,Appliances,S03,32,3800.55,0,1,1,Tuesday,November,Q4,0,0,Autumn,Rainy,0,3973.22,96.97,Wholesale,Retail,6102.08,None,70.0,37.0,17.0,53.0,45.07142857142857,39.4
2024-11-13,P003,Furniture,S01,65,1959.64,15,1,1,Wednesday,November,Q4,0,0,Autumn,Stormy,0,2065.95,104.35,Wholesale,Retail,6788.71,None,1.0,16.0,10.0,24.428571428571427,33.142857142857146,41.166666666666664
2024-11-14,P006,Apparel,S04,1,1635.190119329745,6,1,0,Thursday,November,Q4,0,0,Autumn,Sunny,0,1501.444280414443,97.45980149772832,Online,Corporate,5061.575317796831,None,32.0,1.0,69.0,24.714285714285715,34.142857142857146,32.833333333333336
2024-11-14,P001,Electronics,S01,40,3510.8,5,1,1,Thursday,November,Q4,0,0,Autumn,Stormy,0,3544.0,102.12,Online,Retail,7104.32,None,27.0,44.0,45.0,34.57142857142857,35.642857142857146,30.8
2024-11-15,P008,Appliances,S02,2,4765.548488096028,16,1,0,Friday,November,Q4,0,0,Autumn,Sunny,0,5132.625459272698,104.7410814056061,In-Store,Corporate,2771.02139100987,None,45.0,1.0,43.0,29.428571428571427,33.214285714285715,39.266666666666666
2024-11-15,P001,Electronics,S03,0,2220.18,0,0,0,Friday,November,Q4,0,0,Autumn,Clear,0,2184.14,108.48,Wholesale,Wholesale,308.85,None,39.0,64.0,29.0,25.428571428571427,25.714285714285715,40.8
2024-11-16,P005,Home,S01,44,3966.85,5,1,1,Saturday,November,Q4,0,1,Autumn,Clear,0,4187.37,107.47,Online,Corporate,7182.65,None,4.0,5.0,21.0,29.0,40.0,43.13333333333333
2024-11-16,P005,Home,S02,89,1624.678187599739,22,1,1,Saturday,November,Q4,0,1,Autumn,Sunny,1,1756.961588917911,97.31755654980057,Online,Retail,6215.682461707651,None,57.0,52.0,55.0,40.142857142857146,44.92857142857143,51.5
2024-11-16,P001,Electronics,S01,27,2473.508145680736,0,1,1,Saturday,November,Q4,0,1,Autumn,Rainy,0,2622.689652455615,104.1899695584445,Online,Wholesale,1732.683004044993,None,40.0,80.0,40.0,34.0,35.285714285714285,30.933333333333334
2024-11-16,P001,Electronics,S01,44,3775.71078777641,2,1,1,Saturday,November,Q4,0,1,Autumn,Cloudy,1,3813.524786915218,104.3623858339771,Wholesale,Retail,2805.125290597226,None,27.0,29.0,38.0,26.428571428571427,34.357142857142854,30.466666666666665
2024-11-16,P004,Stationery,S02,34,2994.176496390982,0,0,1,Saturday,November,Q4,0,1,Autumn,Stormy,1,3232.98839372926,104.3323592594324,In-Store,Corporate,682.0684371605732,None,34.0,74.0,31.0,43.142857142857146,48.857142857142854,41.733333333333334
2024-11-16,P008,Appliances,S04,8,3897.598466228267,16,1,0,Saturday,November,Q4,0,1,Autumn,Sunny,0,4266.937138354437,105.0900856663273,In-Store,Corporate,7095.619206313368,None,86.0,33.0,3.0,48.142857142857146,49.285714285714285,55.733333333333334
2024-11-16,P003,Furniture,S01,21,4747.035123973066,7,1,1,Saturday,November,Q4,0,1,Autumn,Rainy,0,5052.835039048376,97.36854458869018,In-Store,Retail,9770.868337077862,None,65.0,17.0,57.0,31.428571428571427,37.07142857142857,41.3
2024-11-17,P008,Appliances,S01,52,2448.272605454528,2,1,1,Sunday,November,Q4,0,1,Autumn,Cloudy,0,2629.169171003363,99.58847019384406,Wholesale,Corporate,3250.381331563205,None,102.0,103.0,62.0,62.57142857142857,51.0,50.7
2024-11-17,P005,Home,S02,83,389.15,5,1,1,Sunday,November,Q4,0,1,Autumn,Stormy,0,368.49,95.19,Online,Retail,8434.71,None,89.0,74.0,28.0,45.42857142857143,47.357142857142854,52.5
2024-11-17,P007,Sports,S01,18,4599.149915917255,1,0,1,Sunday,November,Q4,0,1,Autumn,Cloudy,0,4719.213944067566,96.10702785083106,In-Store,Corporate,462.0090284622914,None,34.0,63.0,34.0,35.0,33.714285714285715,44.36666666666667
2024-11-18,P008,Appliances,S02,0,4757.34,20,1,0,Monday,November,Q4,0,0,Autumn,Sunny,0,5142.47,104.67,In-Store,Corporate,3009.19,None,2.0,1.0,1.0,29.571428571428573,30.285714285714285,38.166666666666664
2024-11-19,P001,Electronics,S01,71,4103.26,20,1,1,Tuesday,November,Q4,0,0,Autumn,Cloudy,0,4350.77,99.69,Wholesale,Retail,1402.49,None,44.0,38.0,50.0,28.571428571428573,34.785714285714285,30.6
2024-11-20,P002,Electronics,S01,33,1697.823018024814,0,0,1,Wednesday,November,Q4,0,0,Autumn,Stormy,0,1549.097951710809,106.7045350064837,Wholesale,Corporate,0.0,None,0.0,3.0,29.0,40.57142857142857,35.92857142857143,34.8
2024-11-20,P001,Electronics,S01,37,4289.59,15,1,1,Wednesday,November,Q4,0,0,Autumn,Cloudy,0,4628.06,109.33,In-Store,Wholesale,1383.04,None,71.0,17.0,82.0,33.285714285714285,36.285714285714285,32.0
2024-11-20,P006,Apparel,S02,33,1654.74295286766,4,0,1,Wednesday,November,Q4,0,0,Autumn,Cloudy,0,1509.153112614228,109.2528449703098,Wholesale,Retail,397.8520069151931,None,75.0,40.0,49.0,43.714285714285715,35.92857142857143,42.96666666666667
2024-11-21,P006,Apparel,S02,55,746.39,5,1,1,Thursday,November,Q4,0,0,Autumn,Cloudy,0,774.74,102.17,In-Store,Wholesale,8918.18,None,32.0,59.0,1.0,39.142857142857146,36.785714285714285,41.2
2024-11-21,P006,Apparel,S03,2,966.3592794319824,20,1,0,Thursday,November,Q4,0,0,Autumn,Cloudy,1,1039.92340911548,106.8022227720351,Wholesale,Retail,6753.231602710503,None,1.0,48.0,62.0,48.42857142857143,39.5,33.0
2024-11-21,P006,Apparel,S02,32,3225.699118234283,0,0,1,Thursday,November,Q4,0,0,Autumn,Stormy,0,3024.16423246367,108.2806956238425,Wholesale,Retail,210.9413359934496,None,33.0,57.0,4.0,42.714285714285715,34.785714285714285,43.333333333333336
2024-11-22,P002,Electronics,S01,5,3721.901711803331,1,1,0,Friday,November,Q4,0,0,Autumn,Stormy,1,3448.102179664857,106.7435640971953,Wholesale,Corporate,2120.007452729743,None,33.0,64.0,68.0,44.857142857142854,36.214285714285715,34.166666666666664
2024-11-22,P003,Furniture,S01,88,836.06,15,1,1,Friday,November,Q4,0,0,Autumn,Rainy,0,822.02,103.86,Wholesale,Wholesale,4662.55,None,21.0,14.0,3.0,32.0,34.5,41.06666666666667
2024-11-22,P006,Apparel,S01,44,4377.960537958271,20,1,1,Friday,November,Q4,0,0,Autumn,Stormy,0,4674.95391550749,107.4228072468073,In-Store,Retail,10166.76257602928,None,1.0,56.0,24.0,52.857142857142854,52.214285714285715,52.96666666666667
2024-11-22,P005,Home,S04,66,4529.566689619653,22,1,1,Friday,November,Q4,0,0,Autumn,Stormy,1,4186.194569211034,96.62936363775917,Wholesale,Corporate,7330.858956887585,None,60.0,47.0,48.0,59.285714285714285,62.0,49.666666666666664
2024-11-22,P008,Appliances,S04,20,1886.805533754724,16,1,0,Friday,November,Q4,0,0,Autumn,Sunny,0,1740.886436434318,102.3700262346542,Online,Retail,2893.987249075461,None,8.0,19.0,97.0,44.57142857142857,49.642857142857146,53.4
2024-11-23,P002,Electronics,S01,7,895.2085961106194,9,1,0,Saturday,November,Q4,0,1,Autumn,Sunny,0,804.8056254670022,109.3478317112143,In-Store,Retail,6269.144864670017,None,5.0,37.0,32.0,36.42857142857143,31.714285714285715,32.63333333333333
2024-11-23,P007,Sports,S03,80,3134.52,20,1,1,Saturday,November,Q4,0,1,Autumn,Stormy,0,2891.87,101.17,Online,Retail,2985.32,None,84.0,62.0,48.0,57.142857142857146,49.0,50.46666666666667
2024-11-23,P006,Apparel,S01,1,4594.912089563389,0,0,0,Saturday,November,Q4,0,1,Autumn,Stormy,0,4961.087816484221,104.7876702686307,In-Store,Wholesale,704.5904578708115,None,44.0,64.0,69.0,51.142857142857146,53.642857142857146,51.56666666666667
2024-11-23,P005,Home,S02,46,1727.927879245101,0,0,1,Saturday,November,Q4,0,1,Autumn,Clear,1,1567.209288109746,96.2901460753207,Wholesale,Wholesale,607.8793309502314,None,83.0,0.0,35.0,46.714285714285715,51.285714285714285,54.13333333333333
2024-11-24,P008,Appliances,S03,4,4360.620939237311,7,1,0,Sunday,November,Q4,0,1,Autumn,Rainy,0,4390.593055862933,101.3377254374545,In-Store,Wholesale,4299.626035205106,None,32.0,52.0,52.0,52.285714285714285,46.142857142857146,39.96666666666667
2024-11-24,P006,Apparel,S01,5,3581.93,15,1,0,Sunday,November,Q4,0,1,Autumn,Clear,1,3384.2,109.34,In-Store,Wholesale,5469.48,None,1.0,10.0,73.0,42.142857142857146,48.785714285714285,51.46666666666667
2024-11-24,P003,Furniture,S03,40,3502.40414909435,11,1,1,Sunday,November,Q4,0,1,Autumn,Stormy,0,3614.677907490057,103.4239735773523,Online,Corporate,1069.650708367631,None,0.0,88.0,52.0,38.0,50.285714285714285,44.9
2024-11-24,P004,Stationery,S04,27,3472.739401601598,4,1,1,Sunday,November,Q4,0,1,Autumn,Cloudy,0,3505.028593046249,101.6795415955659,In-Store,Corporate,3978.083426721899,None,1.0,1.0,33.0,22.0,34.642857142857146,38.06666666666667
2024-11-24,P005,Home,S04,10,2678.645958729976,10,1,0,Sunday,November,Q4,0,1,Autumn,Sunny,0,2672.495941541449,106.4404975233212,Wholesale,Retail,7380.006084436629,None,66.0,85.0,77.0,62.0,63.285714285714285,49.9
2024-11-25,P001,Electronics,S01,40,4287.023145040172,15,1,1,Monday,November,Q4,0,0,Autumn,Cloudy,0,4618.450491751467,109.6641979245356,In-Store,Wholesale,1801.233994729326,None,37.0,7.0,1.0,36.142857142857146,33.07142857142857,32.53333333333333
2024-11-25,P001,Electronics,S01,73,606.3600398051601,0,1,1,Monday,November,Q4,0,0,Autumn,Stormy,0,593.8009790870634,95.7949344471382,Wholesale,Retail,8810.475164073345,None,40.0,27.0,1.0,40.857142857142854,35.857142857142854,32.6
2024-11-25,P002,Electronics,S04,36,3376.22,0,1,1,Monday,November,Q4,0,0,Autumn,Stormy,0,3605.15,103.38,Wholesale,Retail,610.63,None,46.0,44.0,48.0,45.42857142857143,38.57142857142857,36.36666666666667
2024-11-25,P006,Apparel,S01,72,662.292480471175,0,0,1,Monday,November,Q4,0,0,Autumn,Clear,1,723.2476628093577,101.0136992514142,In-Store,Retail,778.5753825870149,None,5.0,87.0,67.0,41.42857142857143,43.92857142857143,50.8
2024-11-25,P001,Electronics,S04,67,1342.969328185357,14,1,1,Monday,November,Q4,0,0,Autumn,Stormy,0,1331.882741643951,104.315051033878,Online,Retail,8714.18688198839,None,60.0,0.0,64.0,41.42857142857143,45.07142857142857,51.4
2024-11-26,P006,Apparel,S03,85,850.9223577574634,20,1,1,Tuesday,November,Q4,0,0,Autumn,Rainy,0,872.6315528062156,94.98303399545372,Wholesale,Retail,4270.46115983657,None,2.0,58.0,5.0,41.857142857142854,35.214285714285715,33.03333333333333
2024-11-27,P008,Appliances,S04,23,4084.022487563454,8,1,1,Wednesday,November,Q4,0,0,Autumn,Cloudy,0,3665.572052411529,95.00871844866076,Wholesale,Retail,7054.041415841066,None,20.0,72.0,73.0,44.714285714285715,44.142857142857146,51.36666666666667
2024-11-27,P007,Sports,S04,17,4122.1,0,1,1,Wednesday,November,Q4,0,0,Autumn,Clear,0,3782.46,102.48,In-Store,Retail,9816.37,None,66.0,7.0,5.0,46.714285714285715,42.92857142857143,42.0
2024-11-27,P005,Home,S04,47,2844.400527171075,4,0,1,Wednesday,November,Q4,0,0,Autumn,Rainy,1,2673.282025301155,105.631214235291,Wholesale,Retail,44.43528377605332,None,10.0,81.0,56.0,51.285714285714285,58.5,49.86666666666667
2024-11-28,P001,Electronics,S01,41,2136.51,0,0,1,Thursday,November,Q4,0,0,Autumn,Clear,1,2195.28,108.35,Wholesale,Retail,327.3,None,73.0,40.0,44.0,47.42857142857143,41.0,33.5
2024-11-29,P004,Stationery,S01,53,4956.138967777554,24,1,1,Friday,November,Q4,0,0,Autumn,Stormy,1,5222.303958830827,99.98278937180609,Wholesale,Wholesale,3517.320009274475,None,73.0,8.0,74.0,49.0,46.57142857142857,49.9
2024-11-29,P008,Appliances,S01,39,3033.381915035492,5,1,1,Friday,November,Q4,0,0,Autumn,Clear,0,3234.243831182017,97.27576514880035,In-Store,Retail,6524.24796763983,None,52.0,35.0,19.0,55.285714285714285,50.285714285714285,50.86666666666667
2024-11-29,P008,Appliances,S03,37,1944.04,0,0,1,Friday,November,Q4,0,0,Autumn,Cloudy,1,2048.01,104.0,Wholesale,Wholesale,181.65,None,4.0,63.0,48.0,45.42857142857143,42.714285714285715,38.2
2024-11-30,P006,Apparel,S04,54,4057.223033524377,4,1,1,Saturday,November,Q4,0,1,Autumn,Stormy,1,3767.588358190609,100.2027198544571,Wholesale,Retail,4960.038062689275,None,1.0,1.0,1.0,24.714285714285715,29.285714285714285,31.7
2024-11-30,P005,Home,S01,39,2620.922543735017,0,0,1,Saturday,November,Q4,0,1,Autumn,Clear,1,2529.402156672949,108.7818593687958,Online,Retail,492.0851953477279,None,44.0,49.0,78.0,34.57142857142857,41.642857142857146,40.833333333333336
2024-11-30,P008,Appliances,S01,99,667.7,15,1,1,Saturday,November,Q4,0,1,Autumn,Sunny,0,648.36,104.5,In-Store,Wholesale,5458.86,None,39.0,45.0,1.0,55.857142857142854,51.714285714285715,50.833333333333336
2024-12-01,P001,Electronics,S03,26,4760.153736867347,2,1,1,Sunday,December,Q4,0,1,Winter,Rainy,0,5207.492578837933,102.841611030616,In-Store,Corporate,6982.737424506928,None,0.0,1.0,1.0,16.285714285714285,23.642857142857142,37.93333333333333
2024-12-01,P002,Electronics,S01,36,4505.01,5,1,1,Sunday,December,Q4,0,1,Winter,Stormy,0,4283.62,97.94,Online,Corporate,2548.1,None,7.0,34.0,30.0,32.142857142857146,29.928571428571427,32.13333333333333
2024-12-01,P004,Stationery,S04,95,1480.779723012573,19,1,1,Sunday,December,Q4,0,1,Winter,Cloudy,1,1520.268890960492,103.2150683879044,In-Store,Corporate,9452.281894876765,None,27.0,13.0,4.0,25.714285714285715,34.214285714285715,36.1
2024-12-02,P003,Furniture,S02,34,1619.336509379968,3,0,1,Monday,December,Q4,0,0,Winter,Sunny,0,1646.400999226374,102.623274005281,Wholesale,Retail,0.0,None,81.0,3.0,66.0,49.42857142857143,61.714285714285715,65.43333333333334
2024-12-02,P004,Stationery,S03,55,271.3220715948823,0,0,1,Monday,December,Q4,0,0,Winter,Stormy,1,259.906422206326,96.14232763710756,In-Store,Corporate,0.0,None,75.0,59.0,16.0,63.142857142857146,59.5,53.13333333333333
2024-12-02,P004,Stationery,S03,59,717.28,5,1,1,Monday,December,Q4,0,0,Winter,Clear,0,756.32,101.76,Wholesale,Wholesale,9583.81,None,55.0,65.0,82.0,62.57142857142857,62.285714285714285,53.46666666666667
2024-12-02,P005,Home,S01,16,4712.084765000529,0,0,1,Monday,December,Q4,0,0,Winter,Sunny,1,4385.244641621014,98.74876344051668,Online,Wholesale,262.3887006792848,None,39.0,42.0,115.0,33.142857142857146,38.857142857142854,40.6
2024-12-02,P005,Home,S04,41,2539.579034324246,3,1,1,Monday,December,Q4,0,0,Winter,Sunny,0,2348.710129172056,96.6313662429314,In-Store,Corporate,6295.825473068768,None,58.0,29.0,94.0,52.57142857142857,58.0,49.833333333333336
2024-12-02,P005,Home,S04,58,1158.501770766239,0,0,1,Monday,December,Q4,0,0,Winter,Rainy,0,1270.545685847862,107.0975150352928,In-Store,Wholesale,0.0,None,47.0,15.0,56.0,46.42857142857143,57.857142857142854,49.56666666666667
2024-12-03,P001,Electronics,S04,68,1349.037908974424,7,1,1,Tuesday,December,Q4,0,0,Winter,Stormy,0,1333.401224208368,103.8108217293685,Online,Retail,8713.116377163771,None,67.0,27.0,63.0,51.0,45.285714285714285,52.53333333333333
2024-12-03,P001,Electronics,S04,11,3721.02046547842,0,0,0,Tuesday,December,Q4,0,0,Winter,Rainy,0,3882.549961153079,104.6454964142472,Wholesale,Corporate,250.1611708871496,None,68.0,16.0,41.0,56.857142857142854,45.642857142857146,52.833333333333336
2024-12-03,P004,Stationery,S02,36,3826.837754314035,3,1,1,Tuesday,December,Q4,0,0,Winter,Rainy,1,4178.2938802476,104.7376022322101,Online,Wholesale,7593.93420256197,None,34.0,4.0,32.0,37.42857142857143,49.07142857142857,41.5
2024-12-03,P008,Appliances,S01,47,3202.482146948405,6,1,1,Tuesday,December,Q4,0,0,Winter,Sunny,0,3466.159037105808,100.7141917754219,Wholesale,Retail,7865.323103939377,None,99.0,55.0,43.0,63.57142857142857,58.714285714285715,52.3
2024-12-04,P003,Furniture,S02,3,697.06,15,1,0,Wednesday,December,Q4,0,0,Winter,Clear,0,697.63,100.77,Wholesale,Wholesale,7742.56,None,34.0,67.0,43.0,53.857142857142854,59.42857142857143,64.0
2024-12-04,P006,Apparel,S04,51,4061.291956463527,0,1,1,Wednesday,December,Q4,0,0,Winter,Stormy,1,3766.578869106276,99.6614770369748,Wholesale,Retail,5257.064992673082,None,54.0,21.0,62.0,32.285714285714285,33.07142857142857,32.6
2024-12-04,P005,Home,S01,53,3544.993365023211,9,1,1,Wednesday,December,Q4,0,0,Winter,Cloudy,0,3583.738378047375,99.41667608205992,Online,Corporate,1858.283687332065,None,16.0,8.0,66.0,29.428571428571427,31.785714285714285,39.5
2024-12-05,P005,Home,S02,81,399.1079444560313,2,1,1,Thursday,December,Q4,0,0,Winter,Stormy,0,366.7480008300869,95.15430151754173,Online,Retail,8164.863010594004,None,46.0,1.0,3.0,53.285714285714285,52.07142857142857,52.53333333333333
2024-12-05,P005,Home,S04,12,4825.25,0,1,1,Thursday,December,Q4,0,0,Winter,Rainy,0,4924.19,108.3,Wholesale,Corporate,8509.21,None,41.0,98.0,47.0,54.285714285714285,54.214285714285715,50.833333333333336
2024-12-06,P001,Electronics,S01,15,3891.989394870628,0,0,1,Friday,December,Q4,0,0,Winter,Sunny,0,4160.508380375077,95.70284429647214,In-Store,Retail,0.0,None,41.0,27.0,80.0,47.57142857142857,40.785714285714285,34.833333333333336
2024-12-06,P007,Sports,S01,50,1432.643753052299,0,0,1,Friday,December,Q4,0,0,Winter,Clear,0,1296.428954177126,105.308497530875,Online,Retail,443.7917794454391,None,18.0,37.0,82.0,28.571428571428573,32.57142857142857,42.8
2024-12-06,P004,Stationery,S03,59,4737.918156457697,22,1,1,Friday,December,Q4,0,0,Winter,Cloudy,0,4574.987544782422,95.37862651065576,Wholesale,Corporate,1872.97879252001,None,59.0,28.0,77.0,61.714285714285715,60.642857142857146,53.53333333333333
2024-12-06,P006,Apparel,S01,62,746.9146627933284,0,0,1,Friday,December,Q4,0,0,Winter,Clear,1,815.2376811971535,107.6143903948022,Online,Corporate,594.5795833274012,None,72.0,73.0,7.0,39.285714285714285,44.285714285714285,53.166666666666664
2024-12-06,P006,Apparel,S02,62,1164.27,10,1,1,Friday,December,Q4,0,0,Winter,Cloudy,0,1276.35,104.75,Online,Wholesale,5653.67,None,55.0,49.0,23.0,38.57142857142857,40.642857142857146,40.9
2024-12-07,P006,Apparel,S01,65,3851.72,10,1,1,Saturday,December,Q4,0,1,Winter,Clear,1,4192.73,105.65,Wholesale,Wholesale,8991.73,None,67.0,1.0,46.0,36.0,47.642857142857146,52.266666666666666
2024-12-07,P006,Apparel,S01,67,3854.301966281426,12,1,1,Saturday,December,Q4,0,1,Winter,Clear,1,4184.228201669874,105.7187438387191,Wholesale,Wholesale,9272.362609857539,None,62.0,79.0,75.0,37.714285714285715,48.214285714285715,52.733333333333334
2024-12-07,P003,Furniture,S03,22,3478.982864831672,2,0,1,Saturday,December,Q4,0,1,Winter,Rainy,1,3145.672398297804,107.5982635549355,Online,Wholesale,831.6410457054882,None,40.0,47.0,77.0,31.142857142857142,49.42857142857143,46.2
2024-12-07,P007,Sports,S04,1,3066.520523670351,1,1,0,Saturday,December,Q4,0,1,Winter,Cloudy,1,3283.224385889277,95.64759044728194,Wholesale,Retail,7118.550950270543,None,17.0,35.0,26.0,48.142857142857146,43.785714285714285,41.733333333333334
2024-12-08,P006,Apparel,S04,1,1636.638617764077,5,1,0,Sunday,December,Q4,0,1,Winter,Sunny,0,1512.284639063998,97.2750938434447,Online,Corporate,5364.463968590238,None,51.0,65.0,28.0,36.57142857142857,32.285714285714285,34.166666666666664
2024-12-08,P005,Home,S01,110,414.9250339778398,23,1,1,Sunday,December,Q4,0,1,Winter,Cloudy,0,411.9449780214165,97.35481845718445,Wholesale,Corporate,5914.935284344106,None,53.0,44.0,52.0,35.857142857142854,30.857142857142858,40.56666666666667
2024-12-08,P003,Furniture,S01,46,2733.498078458867,1,1,1,Sunday,December,Q4,0,1,Winter,Clear,0,2716.911285805441,101.0990727487296,Wholesale,Retail,4508.789197264217,None,88.0,21.0,1.0,42.57142857142857,40.57142857142857,43.6
2024-12-08,P005,Home,S04,51,4079.86,10,1,1,Sunday,December,Q4,0,1,Winter,Sunny,0,3790.46,105.05,Online,Corporate,7626.76,None,12.0,60.0,75.0,42.0,51.714285714285715,50.13333333333333
2024-12-09,P003,Furniture,S03,23,3480.27,0,0,1,Monday,December,Q4,0,0,Winter,Rainy,1,3154.73,107.21,Online,Wholesale,434.02,None,22.0,71.0,51.0,27.571428571428573,45.5,44.0
2024-12-09,P003,Furniture,S01,3,805.2898789506447,4,0,0,Monday,December,Q4,0,0,Winter,Cloudy,0,836.6540974735183,95.75578807575305,In-Store,Corporate,719.3050499796893,None,46.0,65.0,100.0,46.142857142857146,43.785714285714285,41.666666666666664
2024-12-09,P008,Appliances,S04,1,2485.291493662509,13,1,0,Monday,December,Q4,0,0,Winter,Stormy,0,2609.97144631102,107.2060988080033,Wholesale,Retail,4338.017113173874,None,23.0,1.0,16.0,37.714285714285715,40.57142857142857,49.96666666666667
2024-12-09,P005,Home,S01,10,2646.040710722865,0,0,0,Monday,December,Q4,0,0,Winter,Cloudy,0,2706.230823190699,106.2531122070413,Wholesale,Wholesale,805.5078681220675,None,110.0,51.0,7.0,45.285714285714285,35.0,43.36666666666667
2024-12-09,P006,Apparel,S01,1,4596.030385994474,2,0,0,Monday,December,Q4,0,0,Winter,Stormy,0,4946.611387027157,105.3260945728186,In-Store,Wholesale,667.1789798222261,None,65.0,44.0,56.0,45.142857142857146,49.0,51.666666666666664
2024-12-09,P004,Stationery,S02,5,4903.096084393437,0,0,1,Monday,December,Q4,0,0,Winter,Clear,0,5172.227530817723,101.2838606049109,Online,Corporate,674.6566704905874,None,36.0,74.0,35.0,42.0,49.357142857142854,40.4
2024-12-09,P008,Appliances,S01,69,244.4795028159496,3,0,1,Monday,December,Q4,0,0,Winter,Rainy,0,209.2245117888455,100.7463808305517,Wholesale,Retail,0.0,None,47.0,2.0,0.0,62.42857142857143,59.0,52.36666666666667
2024-12-10,P008,Appliances,S04,71,461.6094174164548,12,1,1,Tuesday,December,Q4,0,0,Winter,Clear,0,466.5595204565121,106.0702239404721,Online,Corporate,5397.524704212364,None,1.0,51.0,71.0,37.714285714285715,39.5,50.0
2024-12-10,P003,Furniture,S01,120,1610.151043355125,20,1,1,Tuesday,December,Q4,0,0,Winter,Clear,1,1734.091713908305,108.3227161446316,Online,Wholesale,3364.129702298556,None,3.0,37.0,1.0,37.285714285714285,36.857142857142854,41.63333333333333
2024-12-10,P004,Stationery,S04,78,1340.46,20,1,1,Tuesday,December,Q4,0,0,Winter,Sunny,0,1310.31,109.35,Wholesale,Corporate,9675.42,None,95.0,6.0,99.0,37.42857142857143,40.714285714285715,39.2
2024-12-10,P007,Sports,S01,1,4203.287386434537,1,0,0,Tuesday,December,Q4,0,0,Winter,Clear,0,3962.071117472424,105.3624651613269,In-Store,Retail,955.0197578554096,None,50.0,70.0,0.0,30.428571428571427,30.285714285714285,42.5
2024-12-10,P002,Electronics,S01,27,1683.743106094809,0,0,1,Tuesday,December,Q4,0,0,Winter,Stormy,0,1550.0594554718,106.4618417509691,Wholesale,Corporate,381.6034639293446,None,36.0,103.0,58.0,32.42857142857143,30.357142857142858,33.3
2024-12-11,P002,Electronics,S04,53,1850.107972701008,0,1,1,Wednesday,December,Q4,0,0,Winter,Sunny,0,1757.57999780644,104.5734709121828,Wholesale,Retail,9271.703586484582,None,36.0,48.0,81.0,44.285714285714285,37.714285714285715,36.96666666666667
2024-12-11,P001,Electronics,S01,41,3769.62,0,1,1,Wednesday,December,Q4,0,0,Winter,Cloudy,1,3804.76,104.05,Wholesale,Retail,3294.69,None,15.0,44.0,29.0,45.857142857142854,36.142857142857146,34.63333333333333
2024-12-11,P005,Home,S02,94,324.5696834475098,12,1,1,Wednesday,December,Q4,0,0,Winter,Sunny,0,298.7491088747642,109.4541361163608,Wholesale,Corporate,7379.451219842228,None,81.0,96.0,52.0,64.71428571428571,57.642857142857146,52.46666666666667
2024-12-11,P004,Stationery,S01,2,2528.641074500706,0,0,0,Wednesday,December,Q4,0,0,Winter,Stormy,0,2536.485604340118,105.1233650297765,In-Store,Retail,432.5965761362823,None,53.0,47.0,49.0,55.42857142857143,45.07142857142857,48.63333333333333
2024-12-11,P006,Apparel,S01,24,2304.991963574247,0,0,1,Wednesday,December,Q4,0,0,Winter,Clear,0,2306.726662222921,101.0963108648542,In-Store,Wholesale,596.058484474939,None,1.0,1.0,64.0,39.0,45.07142857142857,49.0
2024-12-12,P003,Furniture,S01,36,3347.664009683827,8,1,1,Thursday,December,Q4,0,0,Winter,Rainy,0,3502.097284223795,101.5509674373694,Online,Retail,5743.142717670178,None,120.0,1.0,121.0,49.142857142857146,45.357142857142854,42.3
2024-12-12,P003,Furniture,S01,27,1097.49,0,0,1,Thursday,December,Q4,0,0,Winter,Sunny,0,1049.01,98.96,Online,Wholesale,423.01,None,36.0,65.0,16.0,54.142857142857146,39.285714285714285,40.43333333333333
2024-12-12,P005,Home,S02,1,3666.762793803915,0,1,0,Thursday,December,Q4,0,0,Winter,Clear,0,3480.010643605678,100.9387600949484,Online,Retail,2163.271492435421,None,94.0,1.0,87.0,64.42857142857143,60.642857142857146,52.833333333333336
2024-12-12,P008,Appliances,S02,35,3139.016636805963,0,1,1,Thursday,December,Q4,0,0,Winter,Sunny,0,3162.304544512887,96.13125586943787,Online,Retail,8869.06906691296,None,0.0,49.0,33.0,29.428571428571427,30.214285714285715,36.86666666666667
2024-12-13,P001,Electronics,S01,22,3475.917995145337,4,0,1,Friday,December,Q4,0,0,Winter,Cloudy,0,3803.211307603562,103.8896675473533,Wholesale,Corporate,297.8612545177233,None,41.0,71.0,38.0,45.42857142857143,37.0,35.96666666666667
2024-12-13,P006,Apparel,S02,46,3793.780870884989,22,1,1,Friday,December,Q4,0,0,Winter,Sunny,0,3674.867085495633,101.6706117126478,Wholesale,Retail,2680.882347442595,None,62.0,25.0,1.0,40.42857142857143,43.42857142857143,40.733333333333334
2024-12-13,P007,Sports,S01,3,4214.862225726922,0,0,0,Friday,December,Q4,0,0,Winter,Clear,0,3955.321841244761,105.3200535636093,In-Store,Retail,656.6683012708515,None,1.0,1.0,1.0,20.571428571428573,30.357142857142858,41.36666666666667
2024-12-13,P001,Electronics,S03,26,2438.39,0,0,1,Friday,December,Q4,0,0,Winter,Cloudy,1,2219.35,108.99,Wholesale,Wholesale,150.58,None,26.0,31.0,0.0,19.857142857142858,25.428571428571427,36.06666666666667
2024-12-14,P001,Electronics,S01,48,4637.738604016159,15,1,1,Saturday,December,Q4,0,1,Winter,Rainy,0,4624.983959188303,98.32393669638984,In-Store,Retail,1986.473961643672,None,22.0,37.0,17.0,38.42857142857143,35.857142857142854,36.06666666666667
2024-12-14,P003,Furniture,S03,1,1220.027531171104,6,1,0,Saturday,December,Q4,0,1,Winter,Cloudy,1,1190.248255750629,104.2332230920174,Online,Retail,9126.207652834322,None,23.0,40.0,43.0,20.714285714285715,43.5,41.666666666666664
2024-12-14,P001,Electronics,S03,67,2268.166847146227,2,1,1,Saturday,December,Q4,0,1,Winter,Sunny,1,2251.065139196806,100.5140924527017,Online,Wholesale,2323.872607903499,None,26.0,1.0,82.0,19.142857142857142,27.285714285714285,35.43333333333333
2024-12-14,P007,Sports,S03,66,1690.757450329074,5,1,1,Saturday,December,Q4,0,1,Winter,Rainy,0,1630.045897241449,100.2329690497476,In-Store,Retail,5315.060733327316,None,80.0,84.0,79.0,59.714285714285715,51.285714285714285,50.6
2024-12-14,P006,Apparel,S01,15,3963.35,0,0,1,Saturday,December,Q4,0,1,Winter,Clear,0,4190.26,97.39,Wholesale,Wholesale,201.71,None,24.0,5.0,10.0,42.285714285714285,42.214285714285715,48.2
2024-12-14,P008,Appliances,S04,88,2789.163223409601,20,1,1,Saturday,December,Q4,0,1,Winter,Clear,0,3003.888882616317,106.9513700508948,In-Store,Wholesale,1260.053511803978,None,71.0,75.0,7.0,40.57142857142857,39.5,52.233333333333334
2024-12-14,P005,Home,S02,69,2436.635660115889,14,1,1,Saturday,December,Q4,0,1,Winter,Rainy,1,2550.876204736954,98.26364999305896,Online,Corporate,656.8259507099051,None,1.0,57.0,88.0,64.42857142857143,54.5,49.63333333333333
2024-12-15,P005,Home,S03,54,809.0076661905097,3,1,1,Sunday,December,Q4,0,1,Winter,Rainy,0,747.7013792260203,102.6163897647816,In-Store,Corporate,3008.729311927212,None,62.0,56.0,1.0,46.142857142857146,48.5,47.233333333333334
2024-12-15,P003,Furniture,S01,89,1641.480001693841,15,1,1,Sunday,December,Q4,0,1,Winter,Cloudy,1,1514.923392549725,104.5532507910506,In-Store,Wholesale,2462.851786543235,None,27.0,21.0,17.0,48.714285714285715,40.07142857142857,38.53333333333333
2024-12-15,P004,Stationery,S01,3,1860.544351013468,4,0,0,Sunday,December,Q4,0,1,Winter,Stormy,1,1910.896046471579,96.09744571288884,In-Store,Wholesale,32.79285964106147,None,2.0,89.0,64.0,49.0,41.714285714285715,45.6
2024-12-15,P007,Sports,S04,5,1091.61713792919,13,1,0,Sunday,December,Q4,0,1,Winter,Rainy,1,1010.336762116715,99.26082789563114,Online,Corporate,8967.14595427328,None,1.0,37.0,35.0,43.285714285714285,42.0,38.666666666666664
2024-12-15,P006,Apparel,S03,39,992.0738674429881,4,0,1,Sunday,December,Q4,0,1,Winter,Sunny,0,891.8313351761803,107.3336469085815,Online,Retail,381.8427576616799,None,85.0,45.0,20.0,45.714285714285715,40.92857142857143,35.3
2024-12-15,P006,Apparel,S02,51,4440.3,15,1,1,Sunday,December,Q4,0,1,Winter,Cloudy,0,4256.98,109.25,Wholesale,Wholesale,5011.14,None,46.0,1.0,45.0,43.42857142857143,46.642857142857146,40.96666666666667
2024-12-16,P004,Stationery,S01,88,1142.767107812026,23,1,1,Monday,December,Q4,0,0,Winter,Sunny,0,1163.590353189403,102.5746675913358,Wholesale,Retail,6561.018674263066,None,3.0,56.0,1.0,36.714285714285715,37.357142857142854,43.8
2024-12-16,P005,Home,S02,78,1582.524931747824,2,1,1,Monday,December,Q4,0,0,Winter,Sunny,1,1720.389883518474,102.227072528217,In-Store,Retail,8834.432772160795,None,69.0,89.0,52.0,66.14285714285714,53.142857142857146,50.666666666666664
2024-12-16,P008,Appliances,S01,40,3037.078971256668,8,1,1,Monday,December,Q4,0,0,Winter,Clear,0,3234.996841286868,97.61125071662353,In-Store,Retail,5710.230585703128,None,69.0,96.0,86.0,72.0,63.92857142857143,53.2
2024-12-16,P001,Electronics,S01,53,3410.9,5,1,1,Monday,December,Q4,0,0,Winter,Clear,1,3236.14,95.6,In-Store,Corporate,9201.36,None,48.0,40.0,7.0,40.0,38.07142857142857,37.1
2024-12-17,P001,Electronics,S04,79,456.787195763187,10,1,1,Tuesday,December,Q4,0,0,Winter,Sunny,0,483.0559864275246,103.4828749596539,In-Store,Corporate,4054.945691019715,None,11.0,65.0,57.0,56.142857142857146,43.5,53.13333333333333
2024-12-17,P008,Appliances,S02,34,1750.206675775592,2,1,1,Tuesday,December,Q4,0,0,Winter,Stormy,0,1772.215524848003,104.1520165928643,Wholesale,Wholesale,1343.464198484196,None,35.0,51.0,46.0,27.428571428571427,30.357142857142858,36.1
2024-12-17,P002,Electronics,S04,97,1431.63,15,1,1,Tuesday,December,Q4,0,0,Winter,Sunny,1,1523.86,100.62,Wholesale,Corporate,5124.64,None,53.0,40.0,2.0,45.0,35.714285714285715,37.8
2024-12-18,P003,Furniture,S01,55,360.6990229066038,0,0,1,Wednesday,December,Q4,0,0,Winter,Stormy,1,403.4982049280509,103.2318778612009,Online,Wholesale,438.4994380075859,None,89.0,88.0,14.0,58.42857142857143,45.214285714285715,41.43333333333333
2024-12-18,P007,Sports,S04,36,4826.57865652696,16,1,1,Wednesday,December,Q4,0,0,Winter,Clear,0,4817.446746090058,96.05297432212946,Wholesale,Retail,5178.454931032687,None,5.0,75.0,73.0,38.714285714285715,39.857142857142854,37.56666666666667
2024-12-18,P005,Home,S02,51,1737.5,0,0,1,Wednesday,December,Q4,0,0,Winter,Clear,1,1566.3,95.98,Wholesale,Wholesale,386.79,None,78.0,83.0,74.0,64.57142857142857,55.0,52.333333333333336
2024-12-19,P007,Sports,S01,82,1186.78,20,1,1,Thursday,December,Q4,0,0,Winter,Sunny,0,1073.74,105.75,Online,Retail,1195.86,None,3.0,39.0,11.0,20.857142857142858,30.5,39.36666666666667
2024-12-19,P008,Appliances,S03,83,2245.229947371914,21,1,1,Thursday,December,Q4,0,0,Winter,Cloudy,1,2280.707243726642,104.1380790733743,Online,Wholesale,6136.816514057276,None,37.0,12.0,31.0,41.714285714285715,41.92857142857143,39.4
2024-12-19,P007,Sports,S04,59,1230.111721064038,2,1,1,Thursday,December,Q4,0,0,Winter,Cloudy,0,1224.351966469006,103.2771949340458,In-Store,Corporate,6966.867507245398,None,36.0,20.0,29.0,33.142857142857146,37.214285714285715,36.8
2024-12-20,P005,Home,S03,99,892.4811732961587,17,1,1,Friday,December,Q4,0,0,Winter,Clear,0,844.9282509087859,95.67354194395597,In-Store,Wholesale,8662.251279343149,None,54.0,65.0,39.0,45.857142857142854,52.285714285714285,47.0
2024-12-20,P003,Furniture,S03,51,2878.8,10,1,1,Friday,December,Q4,0,0,Winter,Cloudy,0,2814.33,104.45,In-Store,Corporate,660.46,None,1.0,8.0,89.0,15.142857142857142,40.5,38.733333333333334
2024-12-20,P003,Furniture,S02,32,1632.856640199374,0,0,1,Friday,December,Q4,0,0,Winter,Sunny,0,1660.549683304186,102.4927173505592,Wholesale,Retail,54.62917755459199,None,3.0,2.0,101.0,44.714285714285715,56.57142857142857,62.56666666666667
2024-12-21,P008,Appliances,S03,32,2369.944823324177,2,0,1,Saturday,December,Q4,0,1,Winter,Stormy,0,2164.261833718985,108.9201469068606,In-Store,Retail,0.0,None,83.0,92.0,15.0,51.857142857142854,45.642857142857146,40.666666666666664
2024-12-21,P004,Stationery,S03,57,710.4057551061327,7,1,1,Saturday,December,Q4,0,1,Winter,Clear,0,749.6784397220746,101.7630017984562,Wholesale,Wholesale,9957.270278785829,None,59.0,70.0,78.0,66.14285714285714,59.357142857142854,53.833333333333336
2024-12-21,P002,Electronics,S01,49,3278.83,10,1,1,Saturday,December,Q4,0,1,Winter,Clear,0,3410.56,96.09,Wholesale,Retail,3253.45,None,27.0,43.0,1.0,21.571428571428573,28.142857142857142,34.13333333333333
2024-12-21,P008,Appliances,S02,2,4362.702343790629,1,0,0,Saturday,December,Q4,0,1,Winter,Clear,0,4261.746996221983,108.6074142122684,In-Store,Wholesale,189.5886575425954,None,34.0,55.0,58.0,25.0,29.5,37.2
2024-12-22,P001,Electronics,S01,6,2370.763834561063,0,0,0,Sunday,December,Q4,0,1,Winter,Rainy,0,2504.270699174973,106.8800070747514,Online,Wholesale,389.1677540040894,None,53.0,73.0,27.0,41.857142857142854,41.357142857142854,37.43333333333333
2024-12-22,P005,Home,S01,67,1551.28,5,1,1,Sunday,December,Q4,0,1,Winter,Stormy,0,1543.21,103.0,Online,Wholesale,4214.43,None,10.0,4.0,18.0,39.42857142857143,35.214285714285715,42.4
2024-12-22,P003,Furniture,S01,17,2825.399720944448,3,0,0,Sunday,December,Q4,0,1,Winter,Clear,0,2940.16475117039,101.9091503476693,Wholesale,Retail,566.0229158677907,None,55.0,46.0,21.0,53.714285714285715,48.142857142857146,42.266666666666666
2024-12-22,P003,Furniture,S03,1,2090.469156207181,15,1,0,Sunday,December,Q4,0,1,Winter,Cloudy,0,2069.091933099251,102.6256603545806,In-Store,Corporate,4773.759472104254,None,51.0,12.0,68.0,21.285714285714285,37.785714285714285,40.4
2024-12-22,P007,Sports,S01,90,581.4720079030462,20,1,1,Sunday,December,Q4,0,1,Winter,Stormy,0,540.3077166438993,95.84813348825702,Wholesale,Wholesale,5787.631003262172,None,82.0,1.0,35.0,27.0,35.57142857142857,40.96666666666667
2024-12-23,P005,Home,S02,88,1630.67,20,1,1,Monday,December,Q4,0,0,Winter,Sunny,1,1752.89,97.12,Online,Retail,5940.83,None,51.0,46.0,0.0,60.0,53.357142857142854,50.7
2024-12-23,P005,Home,S03,57,2723.670009030084,13,1,1,Monday,December,Q4,0,0,Winter,Rainy,1,2488.915285181039,103.8735451168984,Wholesale,Wholesale,9779.092535347556,None,99.0,64.0,111.0,50.714285714285715,56.57142857142857,47.9
2024-12-24,P006,Apparel,S03,3,3814.551525378891,0,1,0,Tuesday,December,Q4,0,0,Winter,Sunny,0,3474.238200209276,105.4383388926735,In-Store,Wholesale,4965.799497055187,None,39.0,60.0,87.0,44.857142857142854,42.285714285714285,36.43333333333333
2024-12-24,P008,Appliances,S02,67,325.1656813156911,4,0,1,Tuesday,December,Q4,0,0,Winter,Cloudy,0,303.3426387017241,104.6734269545045,In-Store,Corporate,0.0,None,2.0,4.0,30.0,17.428571428571427,25.5,35.3
2024-12-24,P004,Stationery,S04,1,1990.032775740779,7,1,0,Tuesday,December,Q4,0,0,Winter,Stormy,0,1789.195406417882,103.2948906910586,In-Store,Retail,811.6558557333846,None,78.0,26.0,65.0,47.714285714285715,39.214285714285715,41.5
2024-12-24,P005,Home,S01,55,3552.06223885912,2,1,1,Tuesday,December,Q4,0,0,Winter,Rainy,1,3862.466948484303,95.39133754269908,In-Store,Wholesale,5462.841035887272,None,67.0,44.0,5.0,48.42857142857143,38.714285714285715,44.166666666666664
2024-12-24,P007,Sports,S01,73,1662.52,15,1,1,Tuesday,December,Q4,0,0,Winter,Rainy,0,1797.39,107.77,Online,Retail,2247.93,None,90.0,34.0,64.0,39.714285714285715,39.5,41.833333333333336
2024-12-25,P006,Apparel,S02,1,4423.594124388615,20,1,0,Wednesday,December,Q4,1,0,Winter,Clear,0,4649.062335954268,96.54811404134698,Wholesale,Retail,8583.711231085126,Christmas,51.0,75.0,74.0,50.57142857142857,47.07142857142857,41.9
2024-12-25,P005,Home,S02,0,750.19,15,1,0,Wednesday,December,Q4,1,0,Winter,Sunny,1,744.38,103.24,In-Store,Wholesale,1139.95,Christmas,88.0,81.0,1.0,66.0,59.642857142857146,51.0
2024-12-25,P004,Stationery,S02,59,1149.365574045657,8,1,1,Wednesday,December,Q4,1,0,Winter,Sunny,1,1174.428741303203,108.8215037062443,Online,Retail,10343.66164830481,Christmas,5.0,36.0,62.0,32.142857142857146,47.214285714285715,39.36666666666667
2024-12-26,P008,Appliances,S04,94,1377.143467064534,16,1,1,Thursday,December,Q4,0,0,Winter,Sunny,0,1285.977787293746,107.1615577997874,Wholesale,Wholesale,4613.740469570528,None,88.0,86.0,86.0,42.42857142857143,45.285714285714285,54.13333333333333
2024-12-26,P006,Apparel,S01,26,2297.818102707604,3,0,1,Thursday,December,Q4,0,0,Winter,Clear,0,2301.781167747479,100.8164374934384,In-Store,Wholesale,0.0,None,15.0,72.0,87.0,43.714285714285715,42.57142857142857,46.46666666666667
2024-12-27,P004,Stationery,S03,12,2532.13,0,0,0,Friday,December,Q4,0,0,Winter,Rainy,1,2565.99,107.12,In-Store,Retail,2.42,None,57.0,92.0,1.0,64.28571428571429,57.857142857142854,53.7
2024-12-27,P007,Sports,S02,1,4634.223167803504,3,0,1,Friday,December,Q4,0,0,Winter,Stormy,0,4343.09321283785,109.3638437998382,In-Store,Wholesale,728.282805895176,None,69.0,44.0,47.0,48.42857142857143,37.142857142857146,33.63333333333333
2024-12-27,P002,Electronics,S04,19,3774.736379116233,4,0,1,Friday,December,Q4,0,0,Winter,Clear,1,4106.835414834417,99.19682867703114,Online,Corporate,54.30555633900956,None,97.0,50.0,18.0,53.142857142857146,42.5,39.86666666666667
2024-12-27,P003,Furniture,S02,59,1091.945608277954,8,1,1,Friday,December,Q4,0,0,Winter,Clear,0,995.6760013244004,107.4441384271615,Wholesale,Corporate,4908.585389492896,None,32.0,65.0,72.0,49.0,51.642857142857146,61.2
2024-12-27,P006,Apparel,S02,47,3802.236818419884,18,1,1,Friday,December,Q4,0,0,Winter,Sunny,0,3668.486467843342,100.9898641142091,Wholesale,Retail,2551.488191964085,None,1.0,33.0,40.0,40.0,41.857142857142854,39.96666666666667
2024-12-28,P002,Electronics,S01,1,2899.492866015142,0,0,0,Saturday,December,Q4,0,1,Winter,Cloudy,0,2764.389122945199,104.6538511262387,Wholesale,Wholesale,607.6380326204566,None,49.0,0.0,1.0,22.428571428571427,31.571428571428573,34.833333333333336
2024-12-28,P004,Stationery,S02,60,3618.56,15,1,1,Saturday,December,Q4,0,1,Winter,Cloudy,0,3353.9,105.99,In-Store,Corporate,4730.9,None,59.0,46.0,93.0,35.42857142857143,47.0,41.3
2024-12-29,P005,Home,S04,47,2848.02,0,0,1,Sunday,December,Q4,0,1,Winter,Rainy,1,2675.11,106.0,Wholesale,Retail,363.71,None,51.0,66.0,47.0,40.714285714285715,50.0,50.3
2024-12-29,P002,Electronics,S01,1,1627.131799573031,0,1,0,Sunday,December,Q4,0,1,Winter,Clear,1,1587.312299318875,108.3251049170653,Online,Corporate,10135.50647182457,None,1.0,33.0,3.0,22.571428571428573,31.571428571428573,34.86666666666667
2024-12-29,P007,Sports,S03,9,4541.898205346792,2,0,0,Sunday,December,Q4,0,1,Winter,Cloudy,0,4895.821310121999,99.80111679515416,In-Store,Retail,27.43957356145486,None,66.0,9.0,49.0,57.142857142857146,50.357142857142854,52.43333333333333
2024-12-30,P001,Electronics,S01,45,4100.68,10,1,1,Monday,December,Q4,0,0,Winter,Clear,0,4433.9,103.27,Wholesale,Wholesale,4984.99,None,6.0,41.0,40.0,32.285714285714285,39.857142857142854,36.666666666666664
2024-12-31,P003,Furniture,S03,0,2083.99,20,1,0,Tuesday,December,Q4,0,0,Winter,Cloudy,0,2069.28,102.66,In-Store,Corporate,5270.59,None,1.0,0.0,58.0,19.714285714285715,33.0,38.833333333333336
2024-12-31,P002,Electronics,S01,61,4131.859693542931,24,1,1,Tuesday,December,Q4,0,0,Winter,Clear,0,4313.207617003667,109.8006913498468,Online,Wholesale,451.4552339964921,None,1.0,5.0,64.0,18.0,31.428571428571427,32.96666666666667
2025-01-01,P004,Stationery,S02,40,3834.59,0,1,1,Wednesday,January,Q1,1,0,Winter,Rainy,1,4178.72,104.89,Online,Wholesale,7454.04,New Year,60.0,34.0,74.0,37.42857142857143,44.642857142857146,43.266666666666666
2025-01-01,P007,Sports,S02,3,2182.200552976818,22,1,0,Wednesday,January,Q1,1,0,Winter,Stormy,0,2132.528889064188,103.395700131562,In-Store,Corporate,6426.583851026623,New Year,1.0,86.0,0.0,42.285714285714285,33.857142857142854,31.933333333333334
2025-01-01,P001,Electronics,S03,47,341.3200344412269,2,0,1,Wednesday,January,Q1,1,0,Winter,Cloudy,0,325.9650998935134,97.20244501185523,Wholesale,Corporate,69.94329961273698,New Year,67.0,1.0,3.0,28.571428571428573,26.214285714285715,37.666666666666664
2025-01-01,P001,Electronics,S02,15,3010.439995701725,2,0,1,Wednesday,January,Q1,1,0,Winter,Sunny,0,3030.586603108386,101.5436415734605,Wholesale,Retail,700.2600996968645,New Year,68.0,73.0,90.0,59.142857142857146,64.71428571428571,45.5
2025-01-01,P006,Apparel,S04,3,1631.108312722802,8,1,0,Wednesday,January,Q1,1,0,Winter,Sunny,0,1516.822860316691,97.91230074911225,Online,Corporate,4955.034690187786,New Year,1.0,2.0,47.0,27.428571428571427,30.357142857142858,32.8
2025-01-02,P008,Appliances,S02,34,978.2096253145631,2,0,1,Thursday,January,Q1,0,0,Winter,Sunny,0,924.1337329135965,96.60227824308143,In-Store,Retail,60.04421939185306,None,67.0,45.0,48.0,26.428571428571427,28.142857142857142,36.06666666666667
2025-01-02,P008,Appliances,S02,1,4354.159768372378,0,0,0,Thursday,January,Q1,0,0,Winter,Clear,0,4254.916369967468,108.679957214445,In-Store,Wholesale,0.0,None,34.0,2.0,1.0,24.857142857142858,27.142857142857142,36.03333333333333
2025-01-02,P006,Apparel,S01,60,1250.33,5,1,1,Thursday,January,Q1,0,0,Winter,Sunny,0,1217.68,95.64,Online,Wholesale,9123.4,None,26.0,62.0,73.0,37.142857142857146,38.214285714285715,44.8
2025-01-03,P006,Apparel,S04,49,2454.44,5,1,1,Friday,January,Q1,0,0,Winter,Sunny,0,2259.67,109.53,Wholesale,Corporate,8431.29,None,3.0,51.0,29.0,27.571428571428573,27.214285714285715,32.733333333333334
2025-01-03,P005,Home,S03,62,726.0279188534746,0,1,1,Friday,January,Q1,0,0,Winter,Stormy,0,803.9294141912268,108.4715294544384,In-Store,Wholesale,8134.434080851961,None,57.0,1.0,66.0,49.714285714285715,52.714285714285715,47.63333333333333
2025-01-03,P007,Sports,S04,37,4497.056554714592,10,1,1,Friday,January,Q1,0,0,Winter,Stormy,0,4730.224777608693,107.8636971640006,In-Store,Wholesale,5225.904353218389,None,59.0,87.0,64.0,38.714285714285715,39.357142857142854,38.666666666666664
2025-01-03,P008,Appliances,S02,56,3683.484635462179,16,1,1,Friday,January,Q1,0,0,Winter,Clear,0,3453.825979296917,100.4541503741139,Wholesale,Wholesale,4159.88610182404,None,1.0,0.0,1.0,24.714285714285715,27.142857142857142,34.6
2025-01-03,P007,Sports,S04,41,4839.89502079383,13,1,1,Friday,January,Q1,0,0,Winter,Clear,0,4808.371144749169,96.09110451858125,Wholesale,Retail,5256.206757646359,None,37.0,66.0,42.0,31.571428571428573,37.42857142857143,39.13333333333333
2025-01-03,P003,Furniture,S01,87,830.3266741563707,12,1,1,Friday,January,Q1,0,0,Winter,Rainy,0,828.4519991686068,104.2587720030968,Wholesale,Wholesale,4717.375106701475,None,17.0,3.0,65.0,49.57142857142857,47.857142857142854,42.13333333333333
2025-01-04,P002,Electronics,S01,69,4126.46583011316,24,1,1,Saturday,January,Q1,0,1,Winter,Clear,0,4321.066390737979,109.7471952361362,Online,Wholesale,903.5217774748137,None,61.0,7.0,37.0,26.0,31.214285714285715,34.46666666666667
2025-01-04,P003,Furniture,S01,42,3348.613984082332,8,1,1,Saturday,January,Q1,0,1,Winter,Rainy,0,3494.975159654724,102.0012737760561,Online,Retail,5495.608600642357,None,87.0,120.0,37.0,61.57142857142857,49.42857142857143,44.2
2025-01-04,P002,Electronics,S01,98,2650.832600069096,16,1,1,Saturday,January,Q1,0,1,Winter,Clear,1,2714.07951290848,99.0149717210357,Online,Corporate,1227.422796644521,None,69.0,36.0,34.0,34.857142857142854,33.5,36.3
2025-01-04,P004,Stationery,S03,2,1635.322651996687,18,1,0,Saturday,January,Q1,0,1,Winter,Rainy,0,1640.021921629927,99.11777149872302,In-Store,Wholesale,5981.825942853364,None,12.0,53.0,71.0,52.857142857142854,58.642857142857146,51.86666666666667
2025-01-04,P005,Home,S04,23,4437.233166257739,3,0,1,Saturday,January,Q1,0,1,Winter,Cloudy,1,4649.0717960196,107.3350610792818,Wholesale,Retail,114.5641033774008,None,47.0,10.0,85.0,38.0,50.0,50.93333333333333
2025-01-04,P005,Home,S02,56,2007.97,5,1,1,Saturday,January,Q1,0,1,Winter,Clear,0,2014.66,100.64,Online,Wholesale,4355.5,None,0.0,94.0,96.0,54.42857142857143,59.57142857142857,48.2
2025-01-05,P004,Stationery,S02,38,3464.242702067141,8,1,1,Sunday,January,Q1,0,1,Winter,Stormy,0,3427.914098395921,99.85470561798365,Wholesale,Retail,8682.322802732488,None,40.0,34.0,55.0,38.285714285714285,42.214285714285715,42.333333333333336
2025-01-05,P006,Apparel,S04,50,4004.76,10,1,1,Sunday,January,Q1,0,1,Winter,Clear,0,3956.62,98.45,Wholesale,Wholesale,3167.69,None,49.0,32.0,69.0,27.285714285714285,28.642857142857142,33.4
2025-01-06,P008,Appliances,S03,40,4526.61961357803,14,1,1,Monday,January,Q1,0,0,Winter,Cloudy,0,4769.331795594909,101.8400364403061,Wholesale,Corporate,6128.599737169237,None,32.0,45.0,13.0,43.285714285714285,46.857142857142854,41.333333333333336
2025-01-06,P003,Furniture,S01,88,1616.153970977228,8,1,1,Monday,January,Q1,0,0,Winter,Rainy,1,1465.591255237341,102.8808529224149,In-Store,Corporate,4846.609479991164,None,42.0,36.0,1.0,50.42857142857143,49.785714285714285,44.46666666666667
2025-01-06,P003,Furniture,S02,74,955.32,10,1,1,Monday,January,Q1,0,0,Winter,Rainy,0,1014.77,105.8,In-Store,Wholesale,5048.74,None,59.0,32.0,100.0,48.142857142857146,50.714285714285715,60.0
2025-01-06,P001,Electronics,S02,48,1596.043123081196,9,1,1,Monday,January,Q1,0,0,Winter,Cloudy,0,1489.14555939262,99.90632660374617,Online,Wholesale,5109.992508600279,None,15.0,1.0,68.0,50.857142857142854,59.357142857142854,45.96666666666667
2025-01-07,P002,Electronics,S04,7,2618.658301132118,18,1,0,Tuesday,January,Q1,0,0,Winter,Cloudy,1,2721.859987224098,96.65271802940325,Online,Corporate,3715.983297568037,None,19.0,58.0,18.0,48.714285714285715,42.57142857142857,39.36666666666667
2025-01-07,P005,Home,S04,77,3700.186396142439,23,1,1,Tuesday,January,Q1,0,0,Winter,Sunny,0,3393.340933038682,101.8841388183224,In-Store,Wholesale,5812.648094964871,None,23.0,47.0,81.0,39.857142857142854,45.57142857142857,49.86666666666667
2025-01-07,P001,Electronics,S01,71,608.3219124760069,0,1,1,Tuesday,January,Q1,0,0,Winter,Stormy,0,585.067444410335,95.80559165380618,Wholesale,Retail,9442.493296908397,None,45.0,15.0,27.0,32.857142857142854,40.214285714285715,37.53333333333333
2025-01-07,P005,Home,S04,58,2434.923053657555,10,1,1,Tuesday,January,Q1,0,0,Winter,Cloudy,0,2362.893721683306,108.1602813564124,In-Store,Retail,8273.459244552138,None,77.0,58.0,15.0,44.142857142857146,45.285714285714285,50.93333333333333
2025-01-07,P007,Sports,S04,56,4396.429479730893,14,1,1,Tuesday,January,Q1,0,0,Winter,Rainy,1,4132.871633027536,100.0819859833801,Wholesale,Corporate,5239.798140562553,None,41.0,17.0,7.0,28.0,37.357142857142854,39.666666666666664
2025-01-07,P007,Sports,S01,33,763.539146641022,0,0,1,Tuesday,January,Q1,0,0,Winter,Clear,0,793.5130001441846,99.88371862738497,In-Store,Wholesale,0.0,None,73.0,18.0,63.0,45.285714285714285,40.142857142857146,41.43333333333333
2025-01-07,P005,Home,S01,16,3609.263995816199,0,0,1,Tuesday,January,Q1,0,0,Winter,Stormy,0,3292.659235647453,103.2970851040127,Online,Wholesale,791.749579111176,None,55.0,39.0,49.0,50.0,42.285714285714285,44.766666666666666
2025-01-07,P004,Stationery,S02,51,3306.84,5,1,1,Tuesday,January,Q1,0,0,Winter,Rainy,0,3060.74,103.89,Online,Wholesale,5370.11,None,38.0,34.0,74.0,38.857142857142854,41.0,43.56666666666667
2025-01-08,P008,Appliances,S01,1,2955.578471372825,3,0,0,Wednesday,January,Q1,0,0,Winter,Sunny,0,2978.687738192973,110.2918042919127,Online,Wholesale,554.9403638962722,None,40.0,102.0,65.0,64.0,60.642857142857146,51.53333333333333
2025-01-08,P008,Appliances,S03,42,4356.998854327788,14,1,1,Wednesday,January,Q1,0,0,Winter,Rainy,0,3975.429833388159,101.8907793279793,In-Store,Corporate,5744.645556714558,None,40.0,70.0,84.0,42.57142857142857,48.785714285714285,40.4
2025-01-08,P002,Electronics,S01,50,1680.249720239531,3,1,1,Wednesday,January,Q1,0,0,Winter,Clear,0,1769.729263908242,96.36625922993163,In-Store,Corporate,7232.213818677578,None,98.0,27.0,103.0,43.714285714285715,38.07142857142857,37.06666666666667
2025-01-08,P005,Home,S02,56,1038.247413852335,0,1,1,Wednesday,January,Q1,0,0,Winter,Cloudy,0,1124.504183907473,104.6888595367108,In-Store,Corporate,1368.205209765006,None,56.0,1.0,1.0,49.0,56.714285714285715,50.03333333333333
2025-01-08,P005,Home,S01,15,4705.949121312812,2,0,1,Wednesday,January,Q1,0,0,Winter,Sunny,1,4376.201092481863,99.04114503712513,Online,Wholesale,602.5481723612402,None,16.0,16.0,42.0,46.714285714285715,39.92857142857143,44.56666666666667
2025-01-08,P003,Furniture,S01,8,998.44,0,1,0,Wednesday,January,Q1,0,0,Winter,Clear,0,1074.02,105.92,In-Store,Retail,2557.64,None,88.0,27.0,65.0,57.857142857142854,56.0,43.93333333333333
2025-01-08,P007,Sports,S02,25,3583.186204004487,0,1,1,Wednesday,January,Q1,0,0,Winter,Cloudy,1,3574.163516917269,96.370422572512,In-Store,Corporate,8882.345557531222,None,3.0,52.0,61.0,30.428571428571427,34.07142857142857,31.833333333333332
2025-01-09,P005,Home,S03,31,3777.713813621068,1,1,1,Thursday,January,Q1,0,0,Winter,Stormy,0,3857.442167536376,109.5559193712968,In-Store,Wholesale,6537.395884423922,None,62.0,55.0,53.0,58.42857142857143,52.42857142857143,47.6
2025-01-09,P003,Furniture,S02,97,827.2621965103565,10,1,1,Thursday,January,Q1,0,0,Winter,Clear,1,896.682024755513,107.312447076801,In-Store,Corporate,9218.028514954554,None,74.0,96.0,75.0,54.142857142857146,48.857142857142854,59.9
2025-01-09,P008,Appliances,S04,102,1018.72,20,1,1,Thursday,January,Q1,0,0,Winter,Clear,0,1078.75,107.31,Online,Wholesale,6766.66,None,94.0,8.0,33.0,43.57142857142857,45.857142857142854,55.233333333333334
2025-01-09,P008,Appliances,S02,3,876.4487970516079,0,0,0,Thursday,January,Q1,0,0,Winter,Rainy,0,860.5227257425586,106.6262201268315,Wholesale,Corporate,553.8341911438413,None,56.0,35.0,49.0,32.714285714285715,31.071428571428573,34.96666666666667
2025-01-10,P002,Electronics,S04,45,2621.925459100358,14,1,1,Friday,January,Q1,0,0,Winter,Clear,0,2597.670908768684,109.4993340038182,Online,Corporate,8392.908568357165,None,7.0,32.0,33.0,41.42857142857143,41.785714285714285,38.9
2025-01-10,P005,Home,S01,69,1548.625927006889,3,1,1,Friday,January,Q1,0,0,Winter,Stormy,0,1541.270860768944,103.0530844237221,Online,Wholesale,3819.643830195143,None,15.0,53.0,8.0,46.57142857142857,38.0,43.766666666666666
2025-01-10,P005,Home,S02,0,3676.1,0,1,0,Friday,January,Q1,0,0,Winter,Clear,0,3477.45,100.78,Online,Retail,2422.31,None,56.0,69.0,57.0,56.857142857142854,60.642857142857146,49.3
2025-01-10,P004,Stationery,S04,75,2632.874592272179,6,1,1,Friday,January,Q1,0,0,Winter,Sunny,0,2400.652376476721,102.0672245762204,In-Store,Retail,5526.660823514631,None,1.0,60.0,0.0,44.142857142857146,34.642857142857146,41.4
2025-01-10,P008,Appliances,S04,32,1309.411404949729,0,0,1,Friday,January,Q1,0,0,Winter,Clear,0,1331.487928215849,99.42810032283413,Wholesale,Corporate,616.6580999373598,None,102.0,20.0,19.0,57.0,50.785714285714285,58.6
2025-01-10,P007,Sports,S01,70,1468.041437846743,2,1,1,Friday,January,Q1,0,0,Winter,Cloudy,1,1426.356006595084,105.0761456402076,In-Store,Retail,7298.476168921246,None,33.0,50.0,37.0,47.42857142857143,38.0,41.266666666666666
2025-01-11,P007,Sports,S02,7,3106.45,0,1,0,Saturday,January,Q1,0,1,Winter,Clear,0,3341.14,102.97,Online,Retail,5081.29,None,25.0,6.0,66.0,26.571428571428573,31.5,30.366666666666667
2025-01-11,P004,Stationery,S01,22,2207.448529250532,0,0,1,Saturday,January,Q1,0,1,Winter,Sunny,0,2141.295430004651,104.976447069214,Online,Corporate,929.4845600842876,None,88.0,0.0,47.0,41.285714285714285,43.57142857142857,45.06666666666667
2025-01-11,P005,Home,S02,50,2911.059810025874,8,1,1,Saturday,January,Q1,0,1,Winter,Clear,0,2842.809540540209,106.3418807625067,Wholesale,Wholesale,890.471007675819,None,0.0,78.0,89.0,47.0,56.57142857142857,47.4
2025-01-12,P004,Stationery,S04,61,3865.659369657661,17,1,1,Sunday,January,Q1,0,1,Winter,Cloudy,0,3840.837404711625,101.1138705179036,Wholesale,Retail,10087.60198330198,None,75.0,47.0,99.0,46.285714285714285,40.0,43.0
2025-01-12,P006,Apparel,S04,62,831.8868972374535,2,1,1,Sunday,January,Q1,0,1,Winter,Cloudy,0,805.4941393061389,109.496851171473,In-Store,Corporate,7877.361558783907,None,50.0,1.0,1.0,29.857142857142858,27.285714285714285,34.9
2025-01-12,P003,Furniture,S01,61,4505.45,20,1,1,Sunday,January,Q1,0,1,Winter,Clear,0,4388.65,95.65,Wholesale,Corporate,2680.12,None,8.0,89.0,21.0,55.142857142857146,51.92857142857143,42.96666666666667
2025-01-12,P007,Sports,S02,30,2152.781443110992,0,0,1,Sunday,January,Q1,0,1,Winter,Cloudy,0,2213.088815000296,108.5765236931411,In-Store,Wholesale,111.6104368545218,None,7.0,43.0,1.0,26.714285714285715,27.285714285714285,30.6
2025-01-13,P008,Appliances,S04,18,1882.49,20,1,0,Monday,January,Q1,0,0,Winter,Sunny,0,1744.65,102.16,Online,Retail,3191.03,None,32.0,23.0,72.0,58.714285714285715,51.714285714285715,56.63333333333333
2025-01-14,P002,Electronics,S01,100,2646.287619674385,17,1,1,Tuesday,January,Q1,0,0,Winter,Clear,1,2710.357712566945,99.72856574861564,Online,Corporate,728.3492773871967,None,50.0,49.0,43.0,47.0,34.285714285714285,36.666666666666664
2025-01-14,P007,Sports,S03,82,1107.3,15,1,1,Tuesday,January,Q1,0,0,Winter,Clear,1,1022.66,95.11,Wholesale,Retail,7033.78,None,9.0,66.0,6.0,57.142857142857146,47.5,50.5
2025-01-14,P008,Appliances,S04,24,2953.675584777251,3,0,1,Tuesday,January,Q1,0,0,Winter,Clear,0,2994.120398056259,102.3343210933155,In-Store,Retail,358.5343985932353,None,18.0,1.0,1.0,58.0,47.857142857142854,54.13333333333333
2025-01-14,P001,Electronics,S01,69,3585.963898669181,21,1,1,Tuesday,January,Q1,0,0,Winter,Sunny,0,3832.964445214292,98.9014196222536,Wholesale,Wholesale,4712.754251784472,None,71.0,41.0,44.0,40.857142857142854,43.357142857142854,39.1
2025-01-14,P003,Furniture,S03,41,996.8392311818588,2,0,1,Tuesday,January,Q1,0,0,Winter,Clear,0,1065.926106274059,98.43380095453857,Wholesale,Wholesale,0.0,None,0.0,40.0,88.0,19.714285714285715,28.857142857142858,36.4
2025-01-15,P006,Apparel,S03,43,997.8508399474724,2,0,1,Wednesday,January,Q1,0,0,Winter,Sunny,0,944.4519477776272,105.6170903421294,In-Store,Corporate,816.7692153181878,None,3.0,91.0,1.0,36.714285714285715,36.285714285714285,35.0
2025-01-15,P006,Apparel,S01,70,3436.638074675274,22,1,1,Wednesday,January,Q1,0,0,Winter,Sunny,0,3150.498378683824,96.47984163583384,In-Store,Corporate,2842.674642317688,None,60.0,67.0,79.0,36.857142857142854,37.285714285714285,44.266666666666666
2025-01-15,P005,Home,S02,71,2427.127557027719,14,1,1,Wednesday,January,Q1,0,0,Winter,Rainy,1,2545.597567842188,98.7845794289563,Online,Corporate,817.3127367104033,None,50.0,51.0,83.0,43.0,53.785714285714285,49.06666666666667
2025-01-15,P006,Apparel,S04,0,1938.89,0,1,0,Wednesday,January,Q1,0,0,Winter,Cloudy,0,2076.54,101.35,In-Store,Wholesale,3117.83,None,62.0,54.0,1.0,38.57142857142857,31.642857142857142,35.7
2025-01-16,P003,Furniture,S02,61,2678.076379315714,9,1,1,Thursday,January,Q1,0,0,Winter,Cloudy,1,2642.686431379952,101.9981426036373,In-Store,Wholesale,2440.780921927251,None,97.0,81.0,61.0,54.285714285714285,50.42857142857143,60.56666666666667
2025-01-16,P007,Sports,S02,0,2183.5,20,1,0,Thursday,January,Q1,0,0,Winter,Stormy,0,2126.82,103.32,In-Store,Corporate,5987.69,None,30.0,39.0,5.0,24.857142857142858,29.357142857142858,29.933333333333334
2025-01-16,P007,Sports,S01,84,607.3279753616034,3,1,1,Thursday,January,Q1,0,0,Winter,Stormy,0,554.5916598567896,101.1819235832416,Online,Corporate,4102.571236146016,None,70.0,1.0,70.0,50.285714285714285,40.357142857142854,41.56666666666667
2025-01-17,P008,Appliances,S04,76,2760.796457502581,20,1,1,Friday,January,Q1,0,0,Winter,Rainy,0,2671.599197161398,98.82510793172561,Wholesale,Retail,1010.20109639617,None,24.0,71.0,51.0,61.285714285714285,49.5,51.4
2025-01-17,P004,Stationery,S03,9,2523.643962522547,0,0,0,Friday,January,Q1,0,0,Winter,Rainy,1,2556.678124001958,106.7694146187613,In-Store,Retail,0.0,None,2.0,75.0,66.0,45.57142857142857,53.714285714285715,51.9
2025-01-17,P007,Sports,S02,27,4303.99,15,1,1,Friday,January,Q1,0,0,Winter,Rainy,0,4547.69,109.24,Online,Retail,5329.26,None,0.0,69.0,1.0,19.285714285714285,29.0,29.9
2025-01-18,P001,Electronics,S01,76,3511.066086342081,17,1,1,Saturday,January,Q1,0,1,Winter,Cloudy,1,3424.24831412358,104.2332522158436,Wholesale,Corporate,9157.268680378374,None,69.0,22.0,71.0,44.857142857142854,45.142857142857146,39.9
2025-01-18,P005,Home,S03,69,4281.73431286414,22,1,1,Saturday,January,Q1,0,1,Winter,Cloudy,0,4067.32732037767,102.0990513503633,Wholesale,Wholesale,3981.695892311885,None,31.0,20.0,81.0,55.0,50.857142857142854,44.86666666666667
2025-01-18,P003,Furniture,S01,71,1506.150214077571,0,1,1,Saturday,January,Q1,0,1,Winter,Sunny,0,1450.875540242213,104.7186823585567,Online,Wholesale,2726.63556095407,None,61.0,55.0,88.0,51.142857142857146,54.785714285714285,43.9
2025-01-18,P007,Sports,S03,58,4160.15612961532,16,1,1,Saturday,January,Q1,0,1,Winter,Cloudy,1,3943.199111634914,98.47356581173116,Online,Retail,1084.152208100916,None,82.0,36.0,6.0,59.42857142857143,52.92857142857143,51.93333333333333
2025-01-18,P004,Stationery,S04,80,1326.538612085994,21,1,1,Saturday,January,Q1,0,1,Winter,Sunny,0,1385.662060408426,105.8098588243569,In-Store,Corporate,10213.84532665441,None,61.0,1.0,31.0,48.285714285714285,37.285714285714285,43.666666666666664
2025-01-18,P006,Apparel,S01,84,971.54,15,1,1,Saturday,January,Q1,0,1,Winter,Sunny,0,966.03,104.0,Online,Retail,2999.37,None,70.0,65.0,1.0,37.285714285714285,36.642857142857146,44.266666666666666
2025-01-19,P004,Stationery,S04,3,4078.952407322599,0,0,1,Sunday,January,Q1,0,1,Winter,Sunny,0,3727.26958951285,108.5306815968595,In-Store,Wholesale,313.812824878817,None,80.0,27.0,1.0,59.57142857142857,40.785714285714285,46.3
2025-01-19,P005,Home,S04,30,1583.362198724652,2,0,1,Sunday,January,Q1,0,1,Winter,Rainy,0,1624.096398447543,98.51430895366583,In-Store,Corporate,901.4777952608642,None,58.0,41.0,29.0,44.142857142857146,48.357142857142854,51.03333333333333
2025-01-19,P006,Apparel,S01,72,3123.34,15,1,1,Sunday,January,Q1,0,1,Winter,Stormy,1,3220.9,99.3,Wholesale,Retail,9484.3,None,84.0,1.0,44.0,40.0,42.57142857142857,46.666666666666664
2025-01-19,P006,Apparel,S03,49,4731.120451308762,15,1,1,Sunday,January,Q1,0,1,Winter,Clear,1,4439.211460982604,97.01232963799279,In-Store,Retail,9397.200331593102,None,43.0,36.0,17.0,29.857142857142858,39.285714285714285,35.3
2025-01-19,P001,Electronics,S02,50,4699.989013291009,15,1,1,Sunday,January,Q1,0,1,Winter,Stormy,0,4882.374110757982,105.6642109055991,In-Store,Retail,6106.774304099916,None,48.0,1.0,30.0,57.57142857142857,57.92857142857143,47.56666666666667
2025-01-20,P006,Apparel,S02,43,3790.895553555242,22,1,1,Monday,January,Q1,0,0,Winter,Sunny,0,3672.82368100201,101.2346674811413,Wholesale,Retail,3021.937511440349,None,47.0,32.0,57.0,42.0,42.357142857142854,39.86666666666667
2025-01-20,P008,Appliances,S04,1,1958.561086247867,17,1,0,Monday,January,Q1,0,0,Winter,Cloudy,0,2043.960114649984,96.48163430732603,Wholesale,Retail,5857.69288466968,None,76.0,88.0,75.0,62.0,51.285714285714285,51.36666666666667
2025-01-20,P003,Furniture,S01,1,1511.953918006206,3,0,0,Monday,January,Q1,0,0,Winter,Stormy,0,1610.353714201768,104.2261373275173,In-Store,Wholesale,0.0,None,71.0,17.0,46.0,53.42857142857143,53.57142857142857,45.93333333333333
2025-01-20,P005,Home,S02,86,1583.321449172056,5,1,1,Monday,January,Q1,0,0,Winter,Sunny,1,1715.704154378954,101.8727581135471,In-Store,Retail,9342.22832311541,None,71.0,88.0,46.0,45.857142857142854,52.92857142857143,51.4
2025-01-20,P001,Electronics,S02,39,770.3873295300485,0,0,1,Monday,January,Q1,0,0,Winter,Cloudy,0,683.8387774425489,97.44858947396447,Wholesale,Corporate,0.0,None,50.0,82.0,73.0,64.57142857142857,59.357142857142854,49.2
2025-01-21,P006,Apparel,S02,19,3344.09,0,0,1,Tuesday,January,Q1,0,0,Winter,Stormy,0,3457.56,101.08,Online,Wholesale,7.68,None,43.0,55.0,59.0,43.57142857142857,41.357142857142854,41.233333333333334
2025-01-21,P008,Appliances,S01,64,238.1246386081367,0,0,1,Tuesday,January,Q1,0,0,Winter,Rainy,0,226.6677217399236,101.2149353861334,Wholesale,Retail,115.059780813582,None,1.0,52.0,103.0,49.57142857142857,56.07142857142857,49.733333333333334
2025-01-21,P006,Apparel,S01,23,2852.565398561701,3,0,1,Tuesday,January,Q1,0,0,Winter,Rainy,1,3090.504196317657,100.5320204718337,Online,Retail,586.3510292479555,None,72.0,24.0,1.0,50.142857142857146,44.57142857142857,49.06666666666667
2025-01-21,P002,Electronics,S04,31,1722.847372811528,0,0,1,Tuesday,January,Q1,0,0,Winter,Stormy,1,1579.332938054107,99.920515006524,In-Store,Retail,46.47885988179888,None,45.0,46.0,22.0,43.285714285714285,42.642857142857146,37.7
2025-01-21,P005,Home,S03,2,854.0144702481527,13,1,0,Tuesday,January,Q1,0,0,Winter,Rainy,0,781.3827632505987,108.133475557499,Online,Wholesale,3195.155915838009,None,69.0,62.0,5.0,62.0,50.0,46.96666666666667
2025-01-22,P002,Electronics,S01,15,2838.04,15,1,0,Wednesday,January,Q1,0,0,Winter,Clear,0,2751.47,107.23,Online,Wholesale,9649.04,None,100.0,1.0,0.0,54.285714285714285,38.357142857142854,38.166666666666664
2025-01-23,P005,Home,S03,79,489.7797315000075,9,1,1,Thursday,January,Q1,0,0,Winter,Rainy,0,473.7945046578056,105.7892087286165,Online,Wholesale,3794.294469474099,None,2.0,54.0,56.0,53.42857142857143,49.785714285714285,45.0
2025-01-23,P007,Sports,S02,25,4301.357123222571,14,1,1,Thursday,January,Q1,0,0,Winter,Rainy,0,4554.099196088408,109.1993486714283,Online,Retail,5435.004080424147,None,27.0,1.0,44.0,13.285714285714286,30.857142857142858,28.466666666666665
2025-01-23,P008,Appliances,S02,47,3697.453806037766,15,1,1,Thursday,January,Q1,0,0,Winter,Clear,0,3442.861391899865,100.7998617269127,Wholesale,Wholesale,4313.261132103038,None,3.0,34.0,51.0,28.142857142857142,27.785714285714285,33.833333333333336
2025-01-23,P004,Stationery,S01,1,440.4328861821721,10,1,0,Thursday,January,Q1,0,0,Winter,Stormy,0,395.0404939329778,94.96532677079044,Online,Corporate,8279.250625145149,None,22.0,70.0,2.0,44.42857142857143,41.785714285714285,43.96666666666667
2025-01-23,P008,Appliances,S04,28,2959.55,0,0,1,Thursday,January,Q1,0,0,Winter,Clear,0,2994.25,102.55,In-Store,Retail,401.47,None,1.0,94.0,86.0,49.57142857142857,46.0,48.93333333333333
2025-01-24,P001,Electronics,S03,1,4313.646656116224,0,0,0,Friday,January,Q1,0,0,Winter,Cloudy,0,3976.827532541357,108.3992863742778,Online,Retail,0.0,None,47.0,41.0,1.0,35.142857142857146,29.357142857142858,37.833333333333336
2025-01-24,P005,Home,S04,72,3152.08975977391,22,1,1,Friday,January,Q1,0,0,Winter,Stormy,0,2931.141889335193,104.5739907857323,In-Store,Corporate,4537.375029490194,None,30.0,12.0,98.0,42.57142857142857,48.42857142857143,50.2
2025-01-24,P005,Home,S03,0,3532.12,5,1,0,Friday,January,Q1,0,0,Winter,Stormy,0,3714.01,109.42,In-Store,Wholesale,4876.84,None,79.0,99.0,65.0,57.0,51.42857142857143,47.46666666666667
2025-01-25,P008,Appliances,S01,5,2311.57941893799,10,1,0,Saturday,January,Q1,0,1,Winter,Stormy,0,2325.414225300125,107.9330178160936,Online,Retail,4156.121249639173,None,64.0,39.0,35.0,51.285714285714285,53.285714285714285,51.333333333333336
2025-01-25,P001,Electronics,S04,60,758.09,0,1,1,Saturday,January,Q1,0,1,Winter,Rainy,0,744.81,100.3,Wholesale,Retail,7157.78,None,79.0,61.0,81.0,58.142857142857146,45.07142857142857,53.86666666666667
2025-01-26,P002,Electronics,S04,3,2617.68979600498,24,1,0,Sunday,January,Q1,1,1,Winter,Cloudy,1,2710.357314147245,97.13540040192953,Online,Corporate,4500.330563263502,Republic Day,31.0,36.0,44.0,41.142857142857146,43.285714285714285,37.333333333333336
2025-01-26,P008,Appliances,S03,42,3899.48931576499,10,1,1,Sunday,January,Q1,1,1,Winter,Cloudy,0,4113.300325957736,99.53183235899299,Online,Corporate,4206.201759375737,Republic Day,42.0,32.0,37.0,38.57142857142857,45.785714285714285,40.666666666666664
2025-01-26,P005,Home,S02,83,1578.99,5,1,1,Sunday,January,Q1,1,1,Winter,Sunny,1,1715.22,102.15,In-Store,Retail,8996.0,Republic Day,86.0,0.0,81.0,45.57142857142857,55.785714285714285,52.43333333333333
2025-01-26,P007,Sports,S03,63,4311.193408216055,14,1,1,Sunday,January,Q1,1,1,Winter,Sunny,1,4395.564746024281,106.6962516112797,Online,Corporate,1783.863368190489,Republic Day,58.0,59.0,58.0,62.57142857142857,56.642857142857146,51.333333333333336
2025-01-26,P003,Furniture,S02,75,1042.864768455232,7,1,1,Sunday,January,Q1,1,1,Winter,Clear,0,1046.998199051829,103.5090849796772,Online,Corporate,6094.776509123545,Republic Day,61.0,34.0,3.0,51.42857142857143,50.42857142857143,59.43333333333333
2025-01-27,P004,Stationery,S02,35,2254.01026408589,0,0,1,Monday,January,Q1,0,0,Winter,Clear,0,2123.326669325118,97.11785213543469,Wholesale,Wholesale,392.3974902277634,None,51.0,36.0,4.0,41.285714285714285,39.357142857142854,44.0
2025-01-27,P005,Home,S02,29,4746.17,15,1,1,Monday,January,Q1,0,0,Winter,Stormy,0,4494.49,98.63,In-Store,Retail,2677.47,None,72.0,56.0,1.0,59.714285714285715,54.357142857142854,55.5
2025-01-27,P005,Home,S02,72,2424.696160604045,9,1,1,Monday,January,Q1,0,0,Winter,Rainy,1,2551.466491069982,99.01239064953384,Online,Corporate,453.7480547410051,None,83.0,56.0,94.0,57.42857142857143,55.92857142857143,54.266666666666666
2025-01-27,P001,Electronics,S02,85,2009.210456663109,15,1,1,Monday,January,Q1,0,0,Winter,Cloudy,0,1931.885943393334,98.68961676985144,In-Store,Wholesale,2584.132111797923,None,39.0,90.0,27.0,58.42857142857143,56.92857142857143,48.733333333333334
2025-01-27,P007,Sports,S03,48,3223.998883958526,11,1,1,Monday,January,Q1,0,0,Winter,Stormy,0,2939.11598367867,102.6732022484512,Wholesale,Retail,3403.57145050676,None,63.0,84.0,40.0,63.142857142857146,57.0,53.4
2025-01-27,P007,Sports,S02,28,4301.262933243578,11,1,1,Monday,January,Q1,0,0,Winter,Rainy,0,4553.14679765882,109.4856945224526,Online,Retail,4970.702219149302,None,25.0,3.0,86.0,16.714285714285715,29.5,29.033333333333335
2025-01-28,P003,Furniture,S03,4,2128.978237456914,8,1,0,Tuesday,January,Q1,0,0,Winter,Stormy,0,2095.196936913248,108.4007631649517,Wholesale,Retail,689.8662139488029,None,41.0,22.0,47.0,19.857142857142858,25.5,37.166666666666664
2025-01-28,P005,Home,S03,1,850.5171505702556,11,1,0,Tuesday,January,Q1,0,0,Winter,Rainy,0,774.3264555318547,108.5952699134444,Online,Wholesale,2567.81655540842,None,0.0,57.0,64.0,42.857142857142854,46.785714285714285,43.8
2025-01-28,P001,Electronics,S02,96,1133.541019665543,15,1,1,Tuesday,January,Q1,0,0,Winter,Sunny,0,1015.084934160784,95.52523893700697,In-Store,Wholesale,2630.427746965316,None,85.0,99.0,102.0,57.714285714285715,61.07142857142857,50.666666666666664
2025-01-28,P007,Sports,S03,65,1693.595218086067,14,1,1,Tuesday,January,Q1,0,0,Winter,Rainy,0,1638.423982552573,100.3531498415764,In-Store,Retail,4953.857925922616,None,48.0,80.0,62.0,58.0,57.57142857142857,52.36666666666667
2025-01-28,P004,Stationery,S03,67,948.78,0,0,1,Tuesday,January,Q1,0,0,Winter,Stormy,1,855.16,107.86,Online,Corporate,185.6,None,9.0,55.0,59.0,36.142857142857146,49.642857142857146,52.166666666666664
2025-01-29,P007,Sports,S04,29,1326.954916743187,0,0,1,Wednesday,January,Q1,0,0,Winter,Clear,0,1264.187035601706,108.8517177963688,Wholesale,Corporate,138.5251116149273,None,56.0,1.0,35.0,33.57142857142857,40.857142857142854,41.3
2025-01-29,P006,Apparel,S04,44,4510.98,10,1,1,Wednesday,January,Q1,0,0,Winter,Stormy,0,4948.0,108.74,In-Store,Corporate,2609.88,None,0.0,51.0,21.0,30.857142857142858,31.571428571428573,35.06666666666667
2025-01-29,P006,Apparel,S02,53,4440.412408319597,11,1,1,Wednesday,January,Q1,0,0,Winter,Cloudy,0,4255.144797417021,108.8920851576324,Wholesale,Wholesale,4597.631609709796,None,19.0,62.0,49.0,38.42857142857143,38.5,38.53333333333333
2025-01-29,P007,Sports,S03,46,4843.540601120206,7,1,1,Wednesday,January,Q1,0,0,Winter,Sunny,0,4607.321709997703,102.6816218998251,Wholesale,Wholesale,6047.339011890201,None,65.0,66.0,84.0,55.857142857142854,57.785714285714285,52.36666666666667
2025-01-30,P008,Appliances,S02,1,4765.668510084059,16,1,0,Thursday,January,Q1,0,0,Winter,Sunny,0,5139.305721728379,104.9064768788499,In-Store,Corporate,3283.301442201001,None,47.0,2.0,55.0,30.0,27.5,33.733333333333334
2025-01-30,P006,Apparel,S04,32,4462.737928774942,8,1,1,Thursday,January,Q1,0,0,Winter,Sunny,1,4676.740809782615,100.3120510936943,In-Store,Corporate,6738.422922948414,None,44.0,1.0,65.0,29.857142857142858,33.214285714285715,34.86666666666667
2025-01-30,P006,Apparel,S04,43,4519.635509839153,10,1,1,Thursday,January,Q1,0,0,Winter,Stormy,0,4939.70963242512,108.9197992599328,In-Store,Corporate,2548.304770398676,None,32.0,3.0,2.0,34.285714285714285,30.857142857142858,35.9
2025-01-30,P003,Furniture,S01,42,2723.53,5,1,1,Thursday,January,Q1,0,0,Winter,Clear,0,2724.88,100.91,Wholesale,Retail,4843.36,None,11.0,42.0,120.0,40.285714285714285,50.92857142857143,44.333333333333336
2025-01-30,P003,Furniture,S01,11,1005.65364986393,0,1,0,Thursday,January,Q1,0,0,Winter,Clear,0,1072.679288519155,105.6871009187928,In-Store,Retail,2537.478393264211,None,1.0,87.0,3.0,51.142857142857146,50.357142857142854,44.06666666666667
2025-01-31,P002,Electronics,S04,31,1715.13,0,0,1,Friday,January,Q1,0,0,Winter,Stormy,1,1578.18,100.42,In-Store,Retail,274.28,None,3.0,53.0,48.0,36.42857142857143,40.357142857142854,36.333333333333336
2025-01-31,P001,Electronics,S02,82,2210.449998338426,18,1,1,Friday,January,Q1,0,0,Winter,Sunny,0,2338.465220619691,98.19431835259391,Wholesale,Corporate,9156.635245143249,None,96.0,68.0,102.0,57.285714285714285,60.642857142857146,53.7
2025-02-01,P004,Stationery,S03,76,2462.46,10,1,1,Saturday,February,Q1,0,1,Winter,Cloudy,0,2461.85,98.16,Wholesale,Corporate,3968.24,None,67.0,59.0,65.0,37.857142857142854,50.214285714285715,53.86666666666667
2025-02-01,P003,Furniture,S02,81,1239.461009996621,2,1,1,Saturday,February,Q1,0,1,Winter,Clear,1,1260.964863322004,109.5859383707274,Online,Corporate,2595.46176945715,None,75.0,3.0,67.0,57.285714285714285,55.57142857142857,59.8
2025-02-01,P003,Furniture,S01,44,384.914342848255,0,0,1,Saturday,February,Q1,0,1,Winter,Cloudy,0,404.5838115739514,98.71915721945149,In-Store,Corporate,131.5674229811789,None,56.0,8.0,27.0,35.714285714285715,46.785714285714285,44.233333333333334
2025-02-01,P003,Furniture,S01,56,4511.08776420671,17,1,1,Saturday,February,Q1,0,1,Winter,Clear,0,4395.73382112156,96.05697177054192,Wholesale,Corporate,2480.261738818195,None,42.0,88.0,36.0,40.285714285714285,45.357142857142854,45.7
2025-02-02,P007,Sports,S03,65,2363.5,10,1,1,Sunday,February,Q1,0,1,Winter,Clear,0,2512.02,105.81,Online,Wholesale,4606.08,None,46.0,9.0,9.0,53.0,55.07142857142857,52.93333333333333
2025-02-02,P008,Appliances,S03,91,1842.024146345482,15,1,1,Sunday,February,Q1,0,1,Winter,Rainy,0,1683.487941074793,109.4089709161871,In-Store,Wholesale,1339.649601489516,None,42.0,4.0,52.0,40.0,46.142857142857146,39.7
2025-02-03,P001,Electronics,S01,1,1107.572121759075,19,1,0,Monday,February,Q1,0,0,Winter,Clear,0,1105.515863878311,107.6007911078256,In-Store,Corporate,9952.152260156692,None,76.0,48.0,37.0,52.57142857142857,45.5,41.1
2025-02-03,P007,Sports,S02,88,900.05,15,1,1,Monday,February,Q1,0,0,Winter,Stormy,0,841.84,102.49,Wholesale,Wholesale,5572.83,None,28.0,25.0,52.0,20.285714285714285,25.357142857142858,27.666666666666668
2025-02-04,P008,Appliances,S01,45,1107.816583502431,3,0,1,Tuesday,February,Q1,0,0,Winter,Sunny,0,1063.152509820714,105.5203145811634,In-Store,Retail,589.1820705790417,None,46.0,47.0,55.0,38.857142857142854,51.214285714285715,49.6
2025-02-04,P006,Apparel,S04,0,1640.16,10,1,0,Tuesday,February,Q1,0,0,Winter,Sunny,0,1508.61,97.45,Online,Corporate,5027.12,None,43.0,49.0,51.0,40.0,33.785714285714285,36.13333333333333
2025-02-04,P008,Appliances,S01,46,3232.210781542615,10,1,1,Tuesday,February,Q1,0,0,Winter,Rainy,0,3179.200543836486,104.5698233457518,Online,Wholesale,4074.47814081023,None,5.0,99.0,45.0,46.42857142857143,51.142857142857146,49.8
2025-02-04,P006,Apparel,S04,53,4050.140805744922,0,1,1,Tuesday,February,Q1,0,0,Winter,Stormy,1,3755.919180505741,99.38115631477504,Wholesale,Retail,5357.229567904517,None,0.0,50.0,32.0,33.0,30.142857142857142,33.13333333333333
2025-02-05,P001,Electronics,S01,74,3516.096879059738,19,1,1,Wednesday,February,Q1,0,0,Winter,Cloudy,1,3436.056412202016,104.4999521134966,Wholesale,Corporate,9297.805266350024,None,1.0,53.0,40.0,45.857142857142854,42.92857142857143,39.86666666666667
2025-02-05,P002,Electronics,S04,19,3774.05,0,0,1,Wednesday,February,Q1,0,0,Winter,Clear,1,4100.01,98.87,Online,Corporate,60.62,None,31.0,97.0,40.0,33.285714285714285,39.142857142857146,35.96666666666667
2025-02-06,P004,Stationery,S02,1,4900.99,0,0,1,Thursday,February,Q1,0,0,Winter,Clear,0,5170.29,101.7,Online,Corporate,306.83,None,35.0,5.0,74.0,41.142857142857146,41.57142857142857,43.1
2025-02-06,P005,Home,S02,47,1741.107191041368,0,0,1,Thursday,February,Q1,0,0,Winter,Clear,1,1566.178546510629,96.45837733315344,Wholesale,Wholesale,736.3226368343371,None,29.0,0.0,69.0,55.857142857142854,56.357142857142854,56.36666666666667
2025-02-07,P007,Sports,S04,64,2871.738564696924,14,1,1,Friday,February,Q1,0,0,Winter,Sunny,0,2633.099455189786,107.2476529131898,Online,Retail,1058.67763736977,None,29.0,5.0,37.0,37.57142857142857,40.42857142857143,39.46666666666667
2025-02-07,P008,Appliances,S02,56,4367.64,15,1,1,Friday,February,Q1,0,0,Winter,Stormy,1,4430.22,107.73,Online,Retail,2039.0,None,1.0,67.0,4.0,29.857142857142858,23.642857142857142,31.933333333333334
2025-02-07,P001,Electronics,S02,87,2016.187722777705,22,1,1,Friday,February,Q1,0,0,Winter,Cloudy,0,1931.555375423019,99.06779338734093,In-Store,Wholesale,1851.403676587414,None,82.0,15.0,73.0,59.285714285714285,59.214285714285715,54.1
2025-02-08,P008,Appliances,S01,2,2944.922851567942,0,0,0,Saturday,February,Q1,0,1,Winter,Sunny,0,2969.971033888801,110.2795412919941,Online,Wholesale,0.0,None,45.0,69.0,2.0,38.57142857142857,50.5,50.4
2025-02-08,P004,Stationery,S02,65,765.2668310055981,13,1,1,Saturday,February,Q1,0,1,Winter,Clear,0,819.8679998322172,109.363591920064,Wholesale,Retail,4587.117829952046,None,34.0,60.0,46.0,37.0,36.214285714285715,41.53333333333333
2025-02-08,P004,Stationery,S02,34,1738.323754350314,1,1,1,Saturday,February,Q1,0,1,Winter,Sunny,0,1695.900073594742,101.7794839400825,Wholesale,Wholesale,8640.553405009248,None,1.0,59.0,36.0,40.57142857142857,36.357142857142854,41.833333333333336
2025-02-08,P005,Home,S03,3,3535.765256792199,6,1,0,Saturday,February,Q1,0,1,Winter,Stormy,0,3717.344132073023,109.8721052824703,In-Store,Wholesale,5190.509449038348,None,1.0,62.0,1.0,34.857142857142854,42.285714285714285,41.5
2025-02-08,P004,Stationery,S03,0,1721.02,0,0,0,Saturday,February,Q1,0,1,Winter,Stormy,0,1854.47,106.71,In-Store,Wholesale,293.46,None,76.0,59.0,28.0,40.285714285714285,51.0,55.6
2025-02-09,P008,Appliances,S04,100,1003.13,20,1,1,Sunday,February,Q1,0,1,Winter,Rainy,0,1035.64,109.11,Wholesale,Wholesale,1260.62,None,28.0,102.0,8.0,40.142857142857146,41.857142857142854,47.93333333333333
2025-02-10,P004,Stationery,S02,35,2992.760489786621,3,0,1,Monday,February,Q1,0,0,Winter,Stormy,1,3237.627913314146,104.963906693812,In-Store,Corporate,0.0,None,65.0,40.0,34.0,37.714285714285715,37.57142857142857,41.53333333333333
2025-02-10,P001,Electronics,S03,52,334.673852976016,3,0,1,Monday,February,Q1,0,0,Winter,Cloudy,0,321.9977152223432,97.3940103762157,Wholesale,Corporate,0.0,None,1.0,39.0,66.0,29.428571428571427,29.357142857142858,36.266666666666666
2025-02-10,P008,Appliances,S02,46,2760.648905206367,1,1,1,Monday,February,Q1,0,0,Winter,Cloudy,1,3030.291255727881,102.2023295389124,In-Store,Corporate,5434.950758300874,None,56.0,34.0,45.0,28.285714285714285,27.357142857142858,32.0
2025-02-10,P007,Sports,S04,94,336.4368143817031,7,1,1,Monday,February,Q1,0,0,Winter,Stormy,1,343.3034543510687,95.35879965975882,Online,Retail,3511.499365527448,None,64.0,36.0,75.0,46.0,42.357142857142854,41.56666666666667
2025-02-10,P003,Furniture,S02,15,3613.743757290518,0,0,1,Monday,February,Q1,0,0,Winter,Rainy,0,3418.867360729625,95.78973930605406,In-Store,Wholesale,0.0,None,81.0,32.0,2.0,68.42857142857143,56.57142857142857,61.43333333333333
2025-02-10,P006,Apparel,S03,20,3570.142778506801,0,0,1,Monday,February,Q1,0,0,Winter,Rainy,0,3730.179975380254,99.23030177701722,Wholesale,Wholesale,277.5412138631415,None,49.0,1.0,22.0,31.714285714285715,41.57142857142857,36.1
2025-02-10,P004,Stationery,S02,38,3477.160037675219,5,1,1,Monday,February,Q1,0,0,Winter,Stormy,0,3434.503859888317,99.66809634592586,Wholesale,Retail,8044.011834963887,None,35.0,38.0,34.0,37.0,37.642857142857146,42.666666666666664
2025-02-10,P003,Furniture,S04,0,694.44,0,1,0,Monday,February,Q1,0,0,Winter,Sunny,0,732.07,102.86,Online,Retail,2993.3,None,40.0,1.0,62.0,34.57142857142857,42.42857142857143,38.9
2025-02-11,P003,Furniture,S01,64,1956.796663668186,19,1,1,Tuesday,February,Q1,0,0,Winter,Stormy,0,2069.929964831786,104.6932401233899,Wholesale,Retail,6745.007581513438,None,38.0,71.0,55.0,37.57142857142857,44.357142857142854,42.9
2025-02-11,P003,Furniture,S01,38,3343.2,5,1,1,Tuesday,February,Q1,0,0,Winter,Rainy,0,3502.06,101.65,Online,Retail,5504.05,None,44.0,61.0,89.0,40.857142857142854,48.0,45.666666666666664
2025-02-11,P005,Home,S01,81,828.6229709718791,0,1,1,Tuesday,February,Q1,0,0,Winter,Clear,1,842.5624399578429,96.3805286176042,Online,Corporate,5957.575997260494,None,69.0,110.0,44.0,48.857142857142854,42.357142857142854,43.06666666666667
2025-02-11,P002,Electronics,S04,34,1706.013764867267,0,0,1,Tuesday,February,Q1,0,0,Winter,Stormy,1,1576.863773339498,100.3181062873674,In-Store,Retail,103.933107784894,None,19.0,19.0,50.0,22.142857142857142,37.642857142857146,35.333333333333336
2025-02-11,P001,Electronics,S01,77,601.8958804078603,0,1,1,Tuesday,February,Q1,0,0,Winter,Stormy,0,596.7795227752584,95.57451897973739,Wholesale,Retail,9570.578089904962,None,74.0,6.0,73.0,48.857142857142854,45.357142857142854,40.666666666666664
2025-02-12,P003,Furniture,S03,1,1235.658723647432,10,1,0,Wednesday,February,Q1,0,0,Winter,Cloudy,1,1194.189842150486,104.20918776597,Online,Retail,9105.131470852864,None,4.0,23.0,71.0,17.285714285714285,22.428571428571427,37.13333333333333
2025-02-12,P003,Furniture,S01,59,368.74,0,0,1,Wednesday,February,Q1,0,0,Winter,Stormy,1,400.81,103.23,Online,Wholesale,269.64,None,64.0,1.0,17.0,36.57142857142857,45.0,44.5
2025-02-13,P005,Home,S01,45,4897.939918079182,14,1,1,Thursday,February,Q1,0,0,Winter,Cloudy,0,4951.267763382038,105.1624498766452,Wholesale,Retail,9474.803999335923,None,81.0,10.0,51.0,44.714285714285715,45.0,42.8
2025-02-13,P003,Furniture,S01,17,4761.052034590266,4,1,1,Thursday,February,Q1,0,0,Winter,Rainy,0,5052.162605197488,96.71905273056802,In-Store,Retail,10283.28422951742,None,59.0,11.0,87.0,44.857142857142854,48.0,45.9
2025-02-13,P007,Sports,S03,38,4691.395279609161,18,1,1,Thursday,February,Q1,0,0,Winter,Rainy,0,4774.634250459766,106.8410744324034,Wholesale,Corporate,9526.025858095298,None,65.0,82.0,66.0,61.0,59.07142857142857,52.233333333333334
2025-02-13,P002,Electronics,S04,39,4719.173611614906,19,1,1,Thursday,February,Q1,0,0,Winter,Rainy,0,4794.580264821447,102.2518694305351,Online,Wholesale,6514.170104382683,None,34.0,7.0,58.0,24.285714285714285,36.5,35.4
2025-02-13,P008,Appliances,S04,4,2712.61,15,1,0,Thursday,February,Q1,0,0,Winter,Cloudy,0,2702.66,98.41,Online,Corporate,3424.75,None,100.0,32.0,20.0,39.857142857142854,48.42857142857143,49.46666666666667
2025-02-14,P008,Appliances,S04,4,1956.650739547248,20,1,0,Friday,February,Q1,0,0,Winter,Cloudy,0,2052.711267618503,96.30526355846354,Wholesale,Retail,5410.758785725915,None,4.0,18.0,23.0,35.857142857142854,47.285714285714285,46.0
2025-02-14,P007,Sports,S02,25,4304.445489467196,16,1,1,Friday,February,Q1,0,0,Winter,Rainy,0,4547.044251597389,109.6420767467753,Online,Retail,5346.359869566892,None,88.0,7.0,6.0,29.285714285714285,27.928571428571427,30.566666666666666
2025-02-14,P007,Sports,S04,94,334.656041904525,12,1,1,Friday,February,Q1,0,0,Winter,Stormy,1,326.5194452704732,95.22526591074103,Online,Retail,2886.403517907735,None,94.0,59.0,20.0,54.285714285714285,43.714285714285715,42.5
2025-02-14,P007,Sports,S03,6,947.44,0,0,0,Friday,February,Q1,0,0,Winter,Rainy,0,907.03,103.03,Wholesale,Corporate,473.48,None,38.0,58.0,36.0,54.714285714285715,57.07142857142857,52.13333333333333
2025-02-15,P008,Appliances,S03,71,243.84,5,1,1,Saturday,February,Q1,0,1,Winter,Clear,0,258.31,103.22,Online,Corporate,8880.54,None,91.0,37.0,63.0,52.42857142857143,48.92857142857143,42.733333333333334
2025-02-16,P007,Sports,S04,71,1399.5,15,1,1,Sunday,February,Q1,0,1,Winter,Stormy,0,1333.16,101.33,Online,Wholesale,7763.11,None,94.0,37.0,87.0,59.285714285714285,49.0,45.56666666666667
2025-02-16,P008,Appliances,S04,1,2487.450540244382,11,1,0,Sunday,February,Q1,0,1,Winter,Stormy,0,2620.484411464904,107.5910533734241,Wholesale,Retail,5023.538129995376,None,4.0,24.0,1.0,33.857142857142854,45.92857142857143,46.03333333333333
2025-02-16,P006,Apparel,S02,67,662.4200341937624,12,1,1,Sunday,February,Q1,0,1,Winter,Rainy,0,721.8073913367355,96.56562815029243,Wholesale,Corporate,1389.192257776516,None,53.0,46.0,25.0,37.142857142857146,38.785714285714285,37.86666666666667
2025-02-17,P005,Home,S04,64,675.8647242939741,0,1,1,Monday,February,Q1,0,0,Winter,Cloudy,0,739.7592280175821,108.375141413075,Online,Retail,3101.617667426701,None,72.0,51.0,60.0,51.142857142857146,46.57142857142857,51.166666666666664
2025-02-17,P004,Stationery,S01,1,826.2358832694056,0,0,0,Monday,February,Q1,0,0,Winter,Clear,1,787.2651100865661,98.72803225325289,Wholesale,Retail,0.0,None,1.0,73.0,72.0,34.57142857142857,41.714285714285715,40.86666666666667
2025-02-17,P005,Home,S03,57,3312.59,10,1,1,Monday,February,Q1,0,0,Winter,Stormy,0,3546.78,97.74,In-Store,Retail,6550.48,None,3.0,31.0,55.0,26.428571428571427,42.42857142857143,39.7
2025-02-18,P008,Appliances,S03,40,3562.27,5,1,1,Tuesday,February,Q1,0,0,Winter,Cloudy,0,3314.44,109.55,Online,Retail,9737.16,None,71.0,83.0,12.0,57.285714285714285,49.5,42.833333333333336
2025-02-18,P002,Electronics,S04,28,1719.519762371705,2,0,1,Tuesday,February,Q1,0,0,Winter,Stormy,1,1571.72433759595,100.0394198732932,In-Store,Retail,703.1081986267823,None,39.0,45.0,32.0,28.857142857142858,35.142857142857146,35.36666666666667
2025-02-19,P003,Furniture,S02,5,702.5795804527685,15,1,0,Wednesday,February,Q1,0,0,Winter,Clear,0,690.7906434197912,100.3097501788122,Wholesale,Wholesale,7871.771774609791,None,15.0,59.0,65.0,66.0,57.5,59.266666666666666
2025-02-19,P005,Home,S03,59,800.19,5,1,1,Wednesday,February,Q1,0,0,Winter,Rainy,0,744.29,102.4,In-Store,Corporate,3459.98,None,57.0,69.0,20.0,30.142857142857142,42.57142857142857,41.4
2025-02-19,P002,Electronics,S01,36,4499.32722316898,8,1,1,Wednesday,February,Q1,0,0,Winter,Stormy,0,4277.007153028479,98.15692242980201,Online,Corporate,2981.201213829407,None,15.0,1.0,33.0,56.285714285714285,39.42857142857143,38.53333333333333
2025-02-20,P005,Home,S01,8,2652.201523668449,0,0,0,Thursday,February,Q1,0,0,Winter,Cloudy,0,2708.674748941119,105.9723137196908,Wholesale,Wholesale,643.5609016981691,None,45.0,67.0,4.0,49.714285714285715,44.57142857142857,44.1
2025-02-20,P008,Appliances,S03,83,2425.69,20,1,1,Thursday,February,Q1,0,0,Winter,Cloudy,0,2592.36,109.27,Online,Corporate,7868.7,None,40.0,32.0,92.0,51.142857142857146,51.5,42.4
2025-02-21,P001,Electronics,S02,79,2014.482785492213,16,1,1,Friday,February,Q1,0,0,Winter,Cloudy,0,1942.764840777879,98.5647719951491,In-Store,Wholesale,2123.220882998343,None,87.0,48.0,1.0,69.57142857142857,60.214285714285715,56.93333333333333
2025-02-21,P002,Electronics,S04,85,1071.7,20,1,1,Friday,February,Q1,0,0,Winter,Stormy,0,990.67,106.52,Online,Corporate,7826.64,None,28.0,31.0,46.0,26.428571428571427,34.857142857142854,34.93333333333333
2025-02-21,P002,Electronics,S01,46,1689.070270557588,6,1,1,Friday,February,Q1,0,0,Winter,Clear,0,1770.770764427448,96.79824426128243,In-Store,Corporate,7310.069072070151,None,36.0,61.0,5.0,61.285714285714285,39.642857142857146,37.7
2025-02-21,P004,Stationery,S01,5,2525.158255880384,0,0,0,Friday,February,Q1,0,0,Winter,Stormy,0,2540.932482182889,106.0024271590332,In-Store,Retail,116.1956918534806,None,1.0,53.0,8.0,24.285714285714285,36.642857142857146,39.166666666666664
2025-02-21,P003,Furniture,S03,36,4981.584690754037,16,1,1,Friday,February,Q1,0,0,Winter,Rainy,0,4559.769940056705,95.1592472612819,Wholesale,Corporate,6483.707041408368,None,1.0,1.0,40.0,14.142857142857142,17.428571428571427,37.03333333333333
2025-02-21,P003,Furniture,S04,2,697.804186133959,0,1,0,Friday,February,Q1,0,0,Winter,Sunny,0,735.1218736011554,103.1550854212131,Online,Retail,3066.864064433174,None,0.0,64.0,104.0,34.42857142857143,38.0,37.6
2025-02-21,P006,Apparel,S03,88,868.1125570150365,20,1,1,Friday,February,Q1,0,0,Winter,Rainy,0,859.0789363215735,94.85099405754731,Wholesale,Retail,5029.334885079255,None,20.0,2.0,48.0,34.42857142857143,41.42857142857143,36.63333333333333
2025-02-21,P007,Sports,S01,58,1281.382235529393,19,1,1,Friday,February,Q1,0,0,Winter,Stormy,0,1322.794313014221,97.58857326595792,Wholesale,Corporate,5334.2010274112,None,84.0,3.0,1.0,62.142857142857146,41.357142857142854,43.0
2025-02-21,P002,Electronics,S04,49,4473.958280252155,5,1,1,Friday,February,Q1,0,0,Winter,Stormy,1,4287.484935427604,96.11174994808107,Online,Retail,9438.344219052384,None,85.0,3.0,36.0,34.142857142857146,37.642857142857146,36.7
2025-02-21,P008,Appliances,S03,38,4525.197581503613,8,1,1,Friday,February,Q1,0,0,Winter,Cloudy,0,4771.587133905659,101.0427877973996,Wholesale,Corporate,5822.937202974671,None,83.0,40.0,45.0,58.42857142857143,50.857142857142854,43.53333333333333
2025-02-22,P008,Appliances,S02,44,3740.57,0,0,1,Saturday,February,Q1,0,1,Winter,Sunny,1,3864.76,98.13,In-Store,Wholesale,480.61,None,46.0,1.0,2.0,30.0,27.428571428571427,33.5
2025-02-23,P006,Apparel,S02,28,3219.99,0,0,1,Sunday,February,Q1,0,1,Winter,Stormy,0,3025.97,108.31,Wholesale,Retail,486.64,None,67.0,51.0,1.0,40.142857142857146,41.785714285714285,39.1
2025-02-24,P004,Stationery,S04,16,1757.66,0,0,0,Monday,February,Q1,0,0,Winter,Sunny,0,1859.3,95.13,Online,Wholesale,391.74,None,3.0,95.0,13.0,56.142857142857146,40.92857142857143,43.63333333333333
2025-02-24,P005,Home,S02,78,1569.628428000549,3,1,1,Monday,February,Q1,0,0,Winter,Sunny,1,1716.933128556938,102.4167819965817,In-Store,Retail,9186.019525843203,None,47.0,50.0,78.0,62.57142857142857,54.785714285714285,56.2
2025-02-25,P008,Appliances,S02,44,1982.71,0,0,1,Tuesday,February,Q1,0,0,Winter,Stormy,0,2056.44,100.08,Wholesale,Retail,29.89,None,44.0,56.0,0.0,36.142857142857146,30.428571428571427,32.4
2025-02-26,P003,Furniture,S01,0,803.97,0,0,0,Wednesday,February,Q1,0,0,Winter,Cloudy,0,841.47,95.32,In-Store,Corporate,362.2,None,17.0,42.0,42.0,45.714285714285715,43.0,46.0
2025-02-27,P005,Home,S01,8,2529.45,5,1,0,Thursday,February,Q1,0,0,Winter,Cloudy,1,2629.13,97.85,Online,Wholesale,3802.81,None,8.0,55.0,44.0,41.285714285714285,44.857142857142854,43.53333333333333
2025-02-28,P004,Stationery,S02,36,4583.424555367373,0,1,1,Friday,February,Q1,0,0,Winter,Sunny,0,4801.760839387541,102.6082559935068,In-Store,Wholesale,4154.513575324229,None,38.0,51.0,34.0,37.0,37.92857142857143,42.9
2025-02-28,P008,Appliances,S03,5,4364.78,10,1,0,Friday,February,Q1,0,0,Winter,Rainy,0,4391.96,101.74,In-Store,Wholesale,3987.57,None,38.0,42.0,70.0,58.142857142857146,50.357142857142854,44.3
2025-03-01,P006,Apparel,S01,79,584.7100626776447,19,1,1,Saturday,March,Q1,0,1,Spring,Cloudy,0,587.0450037927641,101.2896540236515,Wholesale,Corporate,3608.730483489842,None,23.0,15.0,5.0,50.0,46.142857142857146,47.4
2025-03-01,P001,Electronics,S04,11,3721.56,0,0,0,Saturday,March,Q1,0,1,Spring,Rainy,0,3886.06,104.87,Wholesale,Corporate,94.93,None,60.0,61.0,1.0,58.0,43.57142857142857,52.46666666666667
2025-03-01,P001,Electronics,S03,1,2226.454105322171,0,0,0,Saturday,March,Q1,0,1,Spring,Clear,0,2178.214355775755,108.230336920093,Wholesale,Wholesale,260.0710985736347,None,52.0,0.0,64.0,31.285714285714285,28.357142857142858,34.8
2025-03-01,P005,Home,S03,31,3784.089054533694,1,1,1,Saturday,March,Q1,0,1,Spring,Stormy,0,3859.835487964958,109.9390141857059,In-Store,Wholesale,7112.367836445233,None,59.0,2.0,62.0,28.714285714285715,45.357142857142854,41.93333333333333
2025-03-02,P008,Appliances,S02,36,3142.59,0,1,1,Sunday,March,Q1,0,1,Spring,Sunny,0,3157.17,96.0,Online,Retail,8798.18,None,44.0,3.0,35.0,34.42857142857143,33.57142857142857,31.233333333333334
2025-03-03,P004,Stationery,S03,64,952.8775637265279,4,0,1,Monday,March,Q1,0,0,Spring,Stormy,1,861.4471571567506,107.383093939082,Online,Corporate,244.9230363075636,None,0.0,57.0,70.0,31.857142857142858,49.0,54.233333333333334
2025-03-03,P004,Stationery,S01,5,2529.78,0,0,0,Monday,March,Q1,0,0,Spring,Stormy,0,2542.84,105.52,In-Store,Retail,183.18,None,5.0,2.0,47.0,17.428571428571427,36.42857142857143,37.46666666666667
2025-03-03,P008,Appliances,S02,1,4766.656688170314,22,1,0,Monday,March,Q1,0,0,Spring,Sunny,0,5142.128112199444,104.5680811479552,In-Store,Corporate,2766.829423185219,None,36.0,47.0,34.0,39.142857142857146,33.642857142857146,31.0
2025-03-03,P005,Home,S02,54,2008.15357286112,5,1,1,Monday,March,Q1,0,0,Spring,Clear,0,2010.616944250704,100.4763499970693,Online,Wholesale,4668.624179795263,None,78.0,71.0,51.0,66.57142857142857,54.785714285714285,55.9
2025-03-04,P002,Electronics,S04,52,1851.25108120465,0,1,1,Tuesday,March,Q1,0,0,Spring,Sunny,0,1754.71249575938,105.1748564221618,Wholesale,Retail,9579.602098447218,None,49.0,31.0,53.0,40.714285714285715,38.57142857142857,38.166666666666664
2025-03-04,P006,Apparel,S04,89,267.8090181507363,2,1,1,Tuesday,March,Q1,0,0,Spring,Sunny,1,289.1015234075933,109.4122595564953,Wholesale,Wholesale,2578.285909723314,None,53.0,62.0,1.0,33.42857142857143,31.642857142857142,33.166666666666664
2025-03-04,P002,Electronics,S01,27,4665.01,0,1,1,Tuesday,March,Q1,0,0,Spring,Stormy,0,4535.25,106.15,In-Store,Corporate,8045.37,None,46.0,69.0,7.0,59.142857142857146,42.57142857142857,37.9
2025-03-04,P006,Apparel,S04,1,1929.985201917135,3,1,0,Tuesday,March,Q1,0,0,Spring,Cloudy,0,2083.941494169959,100.8644514169542,In-Store,Wholesale,2956.185382289711,None,89.0,0.0,54.0,37.285714285714285,37.92857142857143,33.8
2025-03-04,P007,Sports,S01,84,1188.252665953969,19,1,1,Tuesday,March,Q1,0,0,Spring,Sunny,0,1066.526601293148,105.2789681985775,Online,Retail,1436.725855613767,None,58.0,82.0,39.0,70.0,45.42857142857143,43.63333333333333
2025-03-05,P008,Appliances,S03,30,2377.851294698386,3,0,1,Wednesday,March,Q1,0,0,Spring,Stormy,0,2179.700671968928,108.4572969235899,In-Store,Retail,313.8811730766436,None,5.0,42.0,32.0,52.857142857142854,45.714285714285715,43.166666666666664
2025-03-05,P001,Electronics,S04,69,1332.981181563508,10,1,1,Wednesday,March,Q1,0,0,Spring,Stormy,0,1335.23215930552,103.5820108715422,Online,Retail,9238.840198010257,None,11.0,60.0,34.0,50.857142857142854,44.285714285714285,49.43333333333333
2025-03-05,P001,Electronics,S03,46,2739.3,15,1,1,Wednesday,March,Q1,0,0,Spring,Cloudy,0,2982.88,109.41,Online,Retail,7389.13,None,1.0,26.0,1.0,31.428571428571427,23.857142857142858,33.13333333333333
2025-03-05,P008,Appliances,S04,1,1968.21379953853,20,1,0,Wednesday,March,Q1,0,0,Spring,Cloudy,0,2043.23309365655,96.2736869749179,Wholesale,Retail,5957.696417026335,None,1.0,76.0,71.0,30.571428571428573,45.92857142857143,42.833333333333336
2025-03-05,P007,Sports,S01,41,872.9897587779409,0,0,1,Wednesday,March,Q1,0,0,Spring,Sunny,0,822.4703457964561,102.7616989716886,In-Store,Corporate,0.0,None,84.0,90.0,1.0,70.28571428571429,48.642857142857146,44.1
2025-03-06,P003,Furniture,S02,1,4629.969418209768,1,0,1,Thursday,March,Q1,0,0,Spring,Sunny,0,5015.288816841602,104.5593362653195,Online,Wholesale,179.3319644892417,None,5.0,74.0,32.0,58.285714285714285,53.214285714285715,56.766666666666666
2025-03-06,P007,Sports,S02,67,1126.97,15,1,1,Thursday,March,Q1,0,0,Spring,Clear,0,1140.14,103.37,Wholesale,Retail,7779.69,None,25.0,30.0,43.0,31.857142857142858,29.285714285714285,31.366666666666667
2025-03-07,P006,Apparel,S04,20,3572.24,5,1,1,Friday,March,Q1,0,0,Spring,Rainy,0,3607.94,102.57,Wholesale,Retail,5572.05,None,1.0,44.0,51.0,37.42857142857143,34.142857142857146,33.7
2025-03-07,P008,Appliances,S01,42,3035.902216976636,1,1,1,Friday,March,Q1,0,0,Spring,Clear,0,3237.424831743384,97.83303964354384,In-Store,Retail,6441.335674644352,None,2.0,40.0,96.0,29.0,50.5,49.03333333333333
2025-03-07,P001,Electronics,S03,52,1289.484099634352,0,1,1,Friday,March,Q1,0,0,Spring,Sunny,0,1282.851584233353,105.530899119285,Wholesale,Wholesale,3033.156202993267,None,46.0,26.0,31.0,34.285714285714285,27.071428571428573,32.3
2025-03-07,P003,Furniture,S01,85,1623.675804112199,18,1,1,Friday,March,Q1,0,0,Spring,Cloudy,1,1520.282852917878,104.8729903419078,In-Store,Wholesale,2290.988003637441,None,0.0,56.0,88.0,39.714285714285715,40.0,45.3
2025-03-07,P003,Furniture,S01,22,1093.570095611271,0,0,1,Friday,March,Q1,0,0,Spring,Sunny,0,1055.382037384756,99.1711090994192,Online,Wholesale,841.9158577629304,None,85.0,44.0,8.0,43.857142857142854,39.785714285714285,45.96666666666667
2025-03-08,P008,Appliances,S01,57,1941.729551978934,11,1,1,Saturday,March,Q1,0,1,Spring,Stormy,1,1798.584101970433,108.0734738854481,Online,Corporate,4566.657305590708,None,42.0,1.0,102.0,29.285714285714285,46.642857142857146,47.7
2025-03-08,P008,Appliances,S03,43,4531.93,10,1,1,Saturday,March,Q1,0,1,Spring,Cloudy,0,4771.38,101.46,Wholesale,Corporate,6279.93,None,30.0,91.0,4.0,51.142857142857146,45.57142857142857,43.46666666666667
2025-03-09,P004,Stationery,S04,64,3875.4,15,1,1,Sunday,March,Q1,0,1,Spring,Cloudy,0,3834.71,100.96,Wholesale,Retail,9838.09,None,16.0,78.0,6.0,44.857142857142854,41.142857142857146,42.0
2025-03-09,P001,Electronics,S02,18,3007.609153162346,0,0,1,Sunday,March,Q1,0,1,Spring,Sunny,0,3031.220559929259,101.8736618553029,Wholesale,Retail,623.3254347273212,None,79.0,50.0,1.0,74.0,65.78571428571429,58.06666666666667
2025-03-09,P008,Appliances,S03,29,3925.959624179633,2,0,1,Sunday,March,Q1,0,1,Spring,Rainy,1,3732.94196338188,106.2146410737261,Wholesale,Wholesale,444.7471780306793,None,43.0,71.0,37.0,44.285714285714285,48.357142857142854,44.8
2025-03-10,P001,Electronics,S02,12,4968.38,0,0,1,Monday,March,Q1,0,0,Spring,Rainy,0,5321.85,95.33,Wholesale,Corporate,459.56,None,18.0,39.0,82.0,69.42857142857143,67.0,58.666666666666664
2025-03-10,P004,Stationery,S02,59,646.0558707890589,2,1,1,Monday,March,Q1,0,0,Spring,Sunny,0,678.9331126974384,105.2971837172654,Online,Retail,9254.142039170192,None,36.0,35.0,36.0,34.857142857142854,38.07142857142857,44.06666666666667
2025-03-11,P003,Furniture,S01,47,381.13,0,0,1,Tuesday,March,Q1,0,0,Spring,Cloudy,0,410.83,98.75,In-Store,Corporate,45.95,None,22.0,38.0,61.0,40.714285714285715,40.785714285714285,45.46666666666667
2025-03-12,P005,Home,S04,76,3138.924303407272,21,1,1,Wednesday,March,Q1,0,0,Spring,Stormy,0,2946.648562276806,103.970949731826,In-Store,Corporate,3836.498776649913,None,64.0,47.0,66.0,53.0,46.857142857142854,52.3
2025-03-12,P007,Sports,S03,18,2389.010900933705,4,0,1,Wednesday,March,Q1,0,0,Spring,Stormy,0,2262.975537363059,103.6857042942213,Wholesale,Corporate,132.3092424568456,None,6.0,63.0,59.0,47.285714285714285,54.92857142857143,50.4
2025-03-12,P007,Sports,S02,63,3724.48,15,1,1,Wednesday,March,Q1,0,0,Spring,Stormy,0,3715.75,108.49,Wholesale,Wholesale,8285.4,None,67.0,0.0,39.0,37.142857142857146,31.0,33.5
2025-03-12,P005,Home,S02,76,2431.613691308296,12,1,1,Wednesday,March,Q1,0,0,Spring,Rainy,1,2543.955328448451,99.09083491171619,Online,Corporate,808.8962770758327,None,54.0,86.0,88.0,64.14285714285714,55.0,54.766666666666666
2025-03-12,P001,Electronics,S01,30,3786.256571796737,3,1,1,Wednesday,March,Q1,0,0,Spring,Stormy,0,3515.356857205491,99.47878271553513,In-Store,Wholesale,6153.220959082981,None,77.0,45.0,41.0,59.0,45.642857142857146,40.5
2025-03-13,P001,Electronics,S02,38,4554.056198749304,0,1,1,Thursday,March,Q1,0,0,Spring,Cloudy,0,4148.570963975366,104.6546117844077,Wholesale,Corporate,1760.707869193275,None,12.0,85.0,90.0,65.57142857142857,62.0,58.0
2025-03-13,P004,Stationery,S01,86,1137.667268471868,18,1,1,Thursday,March,Q1,0,0,Spring,Sunny,0,1149.033560965648,102.4663398769386,Wholesale,Retail,6444.666080382524,None,5.0,3.0,89.0,17.857142857142858,33.42857142857143,35.833333333333336
2025-03-14,P006,Apparel,S04,53,4010.033386828825,7,1,1,Friday,March,Q1,1,0,Spring,Clear,0,3957.044318924878,98.36921148176953,Wholesale,Wholesale,2843.952893686036,Holi,20.0,32.0,1.0,34.0,31.928571428571427,32.06666666666667
2025-03-14,P007,Sports,S04,0,4665.18,0,0,0,Friday,March,Q1,1,0,Spring,Sunny,0,4249.17,102.87,In-Store,Wholesale,282.46,Holi,71.0,41.0,66.0,64.14285714285714,47.857142857142854,46.7
2025-03-15,P007,Sports,S01,74,1654.95756004005,16,1,1,Saturday,March,Q1,0,1,Spring,Rainy,0,1795.679670159567,107.6499604002626,Online,Retail,2353.273636592771,None,46.0,33.0,18.0,59.42857142857143,52.357142857142854,42.96666666666667
2025-03-15,P006,Apparel,S02,100,935.35,15,1,1,Saturday,March,Q1,0,1,Spring,Stormy,1,949.43,96.35,In-Store,Corporate,7970.5,None,28.0,1.0,75.0,36.857142857142854,43.714285714285715,38.53333333333333
2025-03-15,P007,Sports,S01,46,2552.848932141777,0,1,1,Saturday,March,Q1,0,1,Spring,Sunny,0,2600.355385759729,96.31135970919676,In-Store,Wholesale,6990.877531659171,None,41.0,73.0,34.0,63.285714285714285,51.5,44.166666666666664
2025-03-15,P003,Furniture,S03,38,483.3829874839678,2,0,1,Saturday,March,Q1,0,1,Spring,Clear,0,532.2389018869367,101.0988306250747,Wholesale,Corporate,368.855377182548,None,36.0,51.0,8.0,19.142857142857142,17.142857142857142,36.266666666666666
2025-03-15,P002,Electronics,S04,24,2577.105923276955,0,0,1,Saturday,March,Q1,0,1,Spring,Rainy,0,2508.159082864393,98.60521800484477,Online,Retail,0.0,None,42.0,34.0,19.0,47.0,34.57142857142857,38.733333333333334
2025-03-15,P002,Electronics,S04,42,3185.009405846663,19,1,1,Saturday,March,Q1,0,1,Spring,Stormy,0,2874.997764453276,99.79405340382259,Online,Corporate,3586.755768504705,None,52.0,19.0,97.0,43.714285714285715,38.5,38.93333333333333
2025-03-16,P008,Appliances,S03,16,4499.886695916988,4,0,1,Sunday,March,Q1,0,1,Spring,Cloudy,0,4810.299848125295,107.8430149041999,Wholesale,Retail,946.8893116042814,None,29.0,40.0,83.0,38.285714285714285,47.785714285714285,45.2
2025-03-16,P003,Furniture,S02,3,1813.61,5,1,0,Sunday,March,Q1,0,1,Spring,Sunny,1,1777.04,96.28,Wholesale,Corporate,7851.34,None,1.0,97.0,96.0,47.857142857142854,51.0,54.3
2025-03-17,P003,Furniture,S02,40,2508.43,0,1,1,Monday,March,Q1,0,0,Spring,Clear,0,2539.12,109.96,Wholesale,Retail,2801.99,None,3.0,61.0,81.0,34.42857142857143,44.357142857142854,52.9
2025-03-17,P003,Furniture,S04,79,1284.916748850061,17,1,1,Monday,March,Q1,0,0,Spring,Stormy,0,1295.099892736758,107.1796236063849,In-Store,Wholesale,8733.127267634864,None,2.0,52.0,1.0,25.571428571428573,30.714285714285715,35.9
2025-03-18,P001,Electronics,S02,1,3093.719135118562,22,1,0,Tuesday,March,Q1,0,0,Spring,Rainy,1,2841.902340559376,102.2645179340903,In-Store,Wholesale,1259.556366516854,None,38.0,96.0,99.0,58.857142857142854,58.285714285714285,58.3
2025-03-18,P005,Home,S04,46,1752.38,10,1,1,Tuesday,March,Q1,0,0,Spring,Sunny,0,1725.58,100.22,In-Store,Corporate,6141.83,None,76.0,23.0,10.0,57.142857142857146,47.57142857142857,53.833333333333336
2025-03-19,P001,Electronics,S03,0,1012.43,0,1,0,Wednesday,March,Q1,0,0,Spring,Rainy,0,920.27,107.27,Online,Wholesale,4051.3,None,52.0,67.0,1.0,38.0,28.571428571428573,32.53333333333333
2025-03-19,P007,Sports,S02,63,3732.435144740086,19,1,1,Wednesday,March,Q1,0,0,Spring,Stormy,0,3706.247625046458,108.1562237210477,Wholesale,Wholesale,8639.220659128347,None,63.0,27.0,69.0,46.142857142857146,32.714285714285715,35.56666666666667
2025-03-19,P007,Sports,S03,67,2361.876392385199,11,1,1,Wednesday,March,Q1,0,0,Spring,Clear,0,2507.265765211022,105.8053787714868,Online,Wholesale,4879.806287989655,None,18.0,48.0,84.0,40.857142857142854,52.0,49.56666666666667
2025-03-19,P007,Sports,S01,1,1345.293568522676,0,0,0,Wednesday,March,Q1,0,0,Spring,Sunny,0,1388.838151470814,105.1240246025401,Online,Retail,350.1467199541307,None,74.0,70.0,50.0,65.28571428571429,56.357142857142854,43.96666666666667
2025-03-19,P005,Home,S01,34,3890.714753776954,0,0,1,Wednesday,March,Q1,0,0,Spring,Stormy,1,4099.523410235717,94.7425312071175,Wholesale,Wholesale,601.6531477468611,None,8.0,16.0,39.0,34.57142857142857,42.285714285714285,43.6
2025-03-19,P005,Home,S04,44,2526.647811223365,0,1,1,Wednesday,March,Q1,0,0,Spring,Sunny,0,2359.328957280736,97.043221045149,In-Store,Corporate,6322.842642275451,None,46.0,77.0,47.0,60.42857142857143,50.142857142857146,54.86666666666667
2025-03-20,P002,Electronics,S01,2,3749.99,0,0,1,Thursday,March,Q1,0,0,Spring,Sunny,0,3895.34,96.67,In-Store,Corporate,11.37,None,27.0,98.0,36.0,53.142857142857146,44.0,37.833333333333336
2025-03-20,P008,Appliances,S02,78,646.4322020079479,18,1,1,Thursday,March,Q1,0,0,Spring,Sunny,0,621.958832414916,104.9575568460035,In-Store,Corporate,2467.839633341908,None,1.0,1.0,2.0,32.57142857142857,31.285714285714285,31.0
2025-03-20,P008,Appliances,S01,48,640.9754812050445,0,0,1,Thursday,March,Q1,0,0,Spring,Clear,0,566.10894257973,109.1912455365082,Online,Retail,0.0,None,57.0,64.0,52.0,37.285714285714285,43.42857142857143,47.8
2025-03-20,P003,Furniture,S02,1,2290.583786339304,12,1,0,Thursday,March,Q1,0,0,Spring,Rainy,0,2193.237064362971,102.261123803016,In-Store,Corporate,886.0024876099914,None,40.0,75.0,34.0,31.428571428571427,41.42857142857143,50.96666666666667
2025-03-20,P004,Stationery,S03,78,920.9835453744084,17,1,1,Thursday,March,Q1,0,0,Spring,Cloudy,0,906.0865850057186,105.5129194404991,In-Store,Retail,1226.07718487367,None,64.0,12.0,92.0,32.857142857142854,48.57142857142857,54.333333333333336
2025-03-20,P003,Furniture,S04,49,4137.009207900202,17,1,1,Thursday,March,Q1,0,0,Spring,Rainy,0,4231.96063610378,98.11482386280011,Online,Wholesale,7601.474750775165,None,79.0,83.0,78.0,29.428571428571427,36.285714285714285,38.5
2025-03-21,P001,Electronics,S01,70,602.1660716981164,0,1,1,Friday,March,Q1,0,0,Spring,Stormy,0,596.303109410118,95.15994992401176,Wholesale,Retail,9130.705512535598,None,30.0,71.0,15.0,56.857142857142854,44.857142857142854,41.46666666666667
2025-03-21,P004,Stationery,S02,74,1178.25,10,1,1,Friday,March,Q1,0,0,Spring,Clear,0,1207.24,109.88,Wholesale,Wholesale,6848.48,None,59.0,1.0,5.0,38.285714285714285,39.714285714285715,43.666666666666664
2025-03-21,P004,Stationery,S02,29,4332.439682749135,7,1,1,Friday,March,Q1,0,0,Spring,Cloudy,0,4055.71839714217,108.6483246644964,In-Store,Corporate,5118.779159160682,None,74.0,34.0,59.0,48.714285714285715,44.642857142857146,45.1
2025-03-21,P007,Sports,S02,59,3725.855606542018,10,1,1,Friday,March,Q1,0,0,Spring,Stormy,0,3721.722892539762,108.5916924192111,Wholesale,Wholesale,8524.090341381228,None,63.0,25.0,1.0,51.285714285714285,32.285714285714285,35.46666666666667
2025-03-21,P002,Electronics,S01,1,1599.943827470688,4,1,0,Friday,March,Q1,0,0,Spring,Stormy,0,1748.805238679406,108.2807980107797,In-Store,Wholesale,7778.648916286985,None,2.0,50.0,27.0,39.42857142857143,41.57142857142857,35.63333333333333
2025-03-21,P004,Stationery,S04,4,2169.20241435742,24,1,0,Friday,March,Q1,0,0,Spring,Sunny,0,1980.148988126077,96.28609966973553,In-Store,Corporate,4731.668679703533,None,64.0,1.0,26.0,42.857142857142854,45.285714285714285,42.63333333333333
2025-03-22,P003,Furniture,S03,1,1220.09264393413,5,1,0,Saturday,March,Q1,0,1,Spring,Cloudy,1,1181.256608964586,104.580853237386,Online,Retail,9210.64777975099,None,38.0,1.0,12.0,17.285714285714285,19.285714285714285,35.86666666666667
2025-03-22,P003,Furniture,S03,1,2134.821983971755,8,1,0,Saturday,March,Q1,0,1,Spring,Stormy,0,2085.800730482273,107.7222770499264,Wholesale,Retail,1159.784628457626,None,1.0,0.0,0.0,17.285714285714285,18.5,35.266666666666666
2025-03-22,P007,Sports,S01,49,1426.19,0,0,1,Saturday,March,Q1,0,1,Spring,Clear,0,1298.71,104.82,Online,Retail,194.32,None,1.0,84.0,1.0,55.42857142857143,52.857142857142854,42.666666666666664
2025-03-22,P002,Electronics,S04,15,2578.760399215716,0,0,1,Saturday,March,Q1,0,1,Spring,Rainy,0,2508.679221482306,98.29911012387724,Online,Retail,0.0,None,24.0,39.0,7.0,45.57142857142857,34.92857142857143,36.833333333333336
2025-03-23,P006,Apparel,S03,33,982.9142398915626,0,0,1,Sunday,March,Q1,0,1,Spring,Sunny,0,899.5128939417033,107.3850477285692,Online,Retail,604.4304833460519,None,88.0,85.0,58.0,46.714285714285715,44.285714285714285,39.5
2025-03-23,P008,Appliances,S03,53,4973.663290465247,23,1,1,Sunday,March,Q1,0,1,Spring,Sunny,1,4730.316620521711,97.45288453438278,Wholesale,Wholesale,6408.267621183618,None,16.0,83.0,32.0,34.857142857142854,43.0,44.0
2025-03-23,P001,Electronics,S04,70,4661.009568097345,17,1,1,Sunday,March,Q1,0,1,Spring,Stormy,0,4347.284813132567,109.0980646265323,Wholesale,Wholesale,4032.732342325646,None,69.0,67.0,0.0,52.142857142857146,46.785714285714285,48.5
2025-03-23,P001,Electronics,S01,22,3488.370237382021,3,0,1,Sunday,March,Q1,0,1,Spring,Cloudy,0,3802.244675349989,103.6336837505436,Wholesale,Corporate,906.8910281957119,None,70.0,69.0,41.0,56.714285714285715,48.785714285714285,43.766666666666666
2025-03-23,P005,Home,S03,9,4348.55,0,0,1,Sunday,March,Q1,0,1,Spring,Rainy,0,4355.98,105.65,In-Store,Corporate,433.39,None,31.0,79.0,54.0,32.857142857142854,43.142857142857146,42.93333333333333
2025-03-24,P002,Electronics,S02,0,1154.6,5,1,0,Monday,March,Q1,0,0,Spring,Sunny,0,1096.27,102.94,In-Store,Corporate,4237.3,None,61.0,1.0,1.0,35.857142857142854,34.357142857142854,38.1
2025-03-24,P002,Electronics,S01,46,1687.071999730304,2,1,1,Monday,March,Q1,0,0,Spring,Clear,0,1765.431942472316,95.90270990750481,In-Store,Corporate,8003.01527397349,None,1.0,100.0,49.0,32.42857142857143,39.714285714285715,34.6
2025-03-25,P002,Electronics,S01,1,4806.712445652919,7,1,0,Tuesday,March,Q1,0,0,Spring,Sunny,0,4840.398844830525,103.2612439749371,In-Store,Retail,8961.665157444753,None,46.0,15.0,1.0,24.714285714285715,39.5,35.13333333333333
2025-03-25,P001,Electronics,S02,15,2996.3548921735,0,0,1,Tuesday,March,Q1,0,0,Spring,Sunny,0,3028.734428975833,101.3605408848862,Wholesale,Retail,70.3646879537564,None,1.0,82.0,68.0,45.285714285714285,51.285714285714285,58.266666666666666
2025-03-25,P003,Furniture,S01,35,1864.54,0,0,1,Tuesday,March,Q1,0,0,Spring,Rainy,1,1780.96,95.93,In-Store,Corporate,445.2,None,47.0,64.0,71.0,42.0,39.785714285714285,47.0
2025-03-26,P003,Furniture,S04,47,730.3240385157318,3,0,1,Wednesday,March,Q1,0,0,Spring,Sunny,0,692.0268886242029,105.0405021257307,Wholesale,Corporate,0.0,None,49.0,1.0,1.0,24.571428571428573,34.214285714285715,40.13333333333333
2025-03-26,P001,Electronics,S03,52,1282.8,0,1,1,Wednesday,March,Q1,0,0,Spring,Sunny,0,1288.12,105.17,Wholesale,Wholesale,2660.57,None,0.0,47.0,1.0,28.428571428571427,28.5,30.8
2025-03-26,P006,Apparel,S04,64,4412.09994528017,24,1,1,Wednesday,March,Q1,0,0,Spring,Rainy,0,4413.114473276428,100.2913907029623,Wholesale,Wholesale,8021.705475010776,None,53.0,43.0,3.0,37.0,35.642857142857146,33.8
2025-03-27,P008,Appliances,S04,103,1012.106917915007,19,1,1,Thursday,March,Q1,0,0,Spring,Clear,0,1074.396133312448,107.3993311463531,Online,Wholesale,6937.706951168459,None,1.0,1.0,88.0,19.857142857142858,40.92857142857143,40.43333333333333
2025-03-27,P004,Stationery,S02,35,2247.03,0,0,1,Thursday,March,Q1,0,0,Spring,Clear,0,2115.24,97.08,Wholesale,Wholesale,400.05,None,29.0,65.0,60.0,48.0,42.5,45.0
2025-03-28,P005,Home,S01,4,1582.722380176209,1,0,0,Friday,March,Q1,0,0,Spring,Sunny,0,1494.01498982544,103.9902748907594,In-Store,Corporate,0.0,None,34.0,15.0,16.0,37.142857142857146,41.92857142857143,41.0
2025-03-28,P002,Electronics,S01,20,4656.245830756673,2,1,1,Friday,March,Q1,0,0,Spring,Sunny,0,4906.055644632122,103.9781164447976,Online,Wholesale,400.5672790753154,None,1.0,36.0,1.0,22.714285714285715,39.5,33.233333333333334
2025-03-28,P002,Electronics,S02,65,3883.530334496578,11,1,1,Friday,March,Q1,0,0,Spring,Cloudy,0,3726.004183826017,109.3430114738866,Online,Corporate,4542.966790477753,None,49.0,50.0,52.0,28.857142857142858,33.857142857142854,33.63333333333333
2025-03-28,P003,Furniture,S03,37,3504.95,10,1,1,Friday,March,Q1,0,0,Spring,Stormy,0,3614.47,103.47,Online,Corporate,1144.23,None,1.0,41.0,40.0,17.428571428571427,18.571428571428573,33.9
2025-03-28,P005,Home,S02,89,1633.124458887929,17,1,1,Friday,March,Q1,0,0,Spring,Sunny,1,1750.889952085145,97.24090366998904,Online,Retail,5492.318160637989,None,76.0,83.0,0.0,62.714285714285715,54.142857142857146,55.56666666666667
2025-03-28,P001,Electronics,S04,64,1340.140934310326,9,1,1,Friday,March,Q1,0,0,Spring,Stormy,0,1329.45911958273,103.5223952657316,Online,Retail,8387.943305131263,None,70.0,68.0,27.0,52.57142857142857,51.785714285714285,49.8
2025-03-28,P004,Stationery,S03,73,2472.385381441526,7,1,1,Friday,March,Q1,0,0,Spring,Cloudy,0,2457.552534294977,98.15567867793514,Wholesale,Corporate,3555.592294259723,None,78.0,2.0,53.0,42.285714285714285,47.57142857142857,54.666666666666664
2025-03-28,P002,Electronics,S02,49,1730.620863801535,0,0,1,Friday,March,Q1,0,0,Spring,Stormy,0,1661.186420664338,106.42428714807,Wholesale,Wholesale,340.8924774018008,None,1.0,38.0,1.0,27.285714285714285,30.428571428571427,32.03333333333333
2025-03-28,P002,Electronics,S02,1,3679.398172891455,2,1,0,Friday,March,Q1,0,0,Spring,Sunny,0,3538.546621246887,104.8582803601718,Wholesale,Retail,9847.547705866404,None,0.0,60.0,55.0,35.714285714285715,34.285714285714285,35.03333333333333
2025-03-28,P004,Stationery,S01,1,1865.300096923146,4,0,0,Friday,March,Q1,0,0,Spring,Stormy,1,1912.831090639209,95.96505804583646,In-Store,Wholesale,271.3426425204005,None,86.0,88.0,56.0,29.714285714285715,33.214285714285715,38.6
2025-03-29,P002,Electronics,S02,47,1724.47,0,0,1,Saturday,March,Q1,0,1,Spring,Stormy,0,1656.65,106.18,Wholesale,Wholesale,136.9,None,65.0,1.0,71.0,31.0,34.785714285714285,35.766666666666666
2025-03-29,P008,Appliances,S01,49,3232.079363536075,10,1,1,Saturday,March,Q1,0,1,Spring,Rainy,0,3188.355901727051,104.5045824764449,Online,Wholesale,4704.885706899287,None,48.0,5.0,39.0,35.0,43.142857142857146,47.7
2025-03-30,P004,Stationery,S01,0,831.42,0,0,0,Sunday,March,Q1,0,1,Spring,Clear,1,786.67,98.48,Wholesale,Retail,179.63,None,1.0,22.0,0.0,17.285714285714285,29.285714285714285,36.63333333333333
2025-03-30,P007,Sports,S01,86,580.6155461104496,20,1,1,Sunday,March,Q1,0,1,Spring,Stormy,0,528.7884459249885,95.43156984450827,Wholesale,Wholesale,5697.903848621023,None,49.0,58.0,3.0,50.42857142857143,56.285714285714285,43.166666666666664
2025-03-30,P006,Apparel,S04,7,3564.852115756965,7,1,0,Sunday,March,Q1,0,1,Spring,Rainy,0,3697.949046901648,103.8698460861879,Online,Wholesale,5168.720677142449,None,64.0,0.0,49.0,40.0,40.0,33.86666666666667
2025-03-31,P008,Appliances,S02,48,2611.16,10,1,1,Monday,March,Q1,0,0,Spring,Cloudy,0,2795.05,102.37,Online,Retail,2335.97,None,78.0,56.0,67.0,43.57142857142857,36.714285714285715,32.5
2025-04-01,P005,Home,S02,96,317.1352111857578,9,1,1,Tuesday,April,Q2,0,0,Spring,Sunny,0,298.451225647495,110.2215452007482,Wholesale,Corporate,7587.1939146602,None,89.0,72.0,56.0,63.57142857142857,60.5,56.06666666666667
2025-04-01,P005,Home,S03,3,1009.689846707265,12,1,0,Tuesday,April,Q2,0,0,Spring,Cloudy,1,946.753829575826,104.3308586299164,Wholesale,Retail,5675.389462929133,None,9.0,0.0,99.0,22.857142857142858,39.92857142857143,43.06666666666667
2025-04-01,P003,Furniture,S03,73,398.5963602433193,19,1,1,Tuesday,April,Q2,0,0,Spring,Cloudy,0,423.3688689727185,106.4345814898657,Online,Retail,8804.830564478116,None,37.0,4.0,22.0,16.857142857142858,18.357142857142858,33.7
2025-04-01,P001,Electronics,S04,10,3869.79,0,0,1,Tuesday,April,Q2,0,0,Spring,Rainy,0,4069.3,95.99,In-Store,Wholesale,244.97,None,64.0,11.0,16.0,52.0,54.42857142857143,50.6
2025-04-01,P003,Furniture,S04,106,1228.383362244564,19,1,1,Tuesday,April,Q2,0,0,Spring,Cloudy,1,1302.601818155861,107.7861979189825,In-Store,Wholesale,7568.54443844812,None,47.0,1.0,1.0,31.142857142857142,37.5,41.666666666666664
2025-04-01,P003,Furniture,S01,24,2087.812766614074,0,0,1,Tuesday,April,Q2,0,0,Spring,Cloudy,1,1992.288021906312,108.7978936876585,Wholesale,Wholesale,16.4881994054187,None,35.0,59.0,1.0,37.857142857142854,37.214285714285715,46.0
2025-04-02,P006,Apparel,S04,32,4460.42,5,1,1,Wednesday,April,Q2,0,0,Spring,Sunny,1,4670.36,100.71,In-Store,Corporate,6309.3,None,7.0,53.0,50.0,41.0,37.0,33.166666666666664
2025-04-02,P008,Appliances,S03,2,4845.228638344026,17,1,0,Wednesday,April,Q2,0,0,Spring,Clear,0,5062.942427024381,104.0980933746057,Online,Wholesale,6728.253989416174,None,53.0,38.0,40.0,30.571428571428573,44.5,44.166666666666664
2025-04-02,P008,Appliances,S02,1,3756.950839752412,13,1,0,Wednesday,April,Q2,0,0,Spring,Rainy,0,3876.056971322629,98.41747708715775,Online,Wholesale,9103.159067273116,None,48.0,46.0,34.0,42.42857142857143,35.357142857142854,32.56666666666667
2025-04-02,P001,Electronics,S04,62,1338.842314453064,12,1,1,Wednesday,April,Q2,0,0,Spring,Stormy,0,1326.144577779815,104.2606538515208,Online,Retail,9277.71162020353,None,10.0,79.0,65.0,51.857142857142854,54.0,50.5
2025-04-03,P001,Electronics,S01,79,2367.73,20,1,1,Thursday,April,Q2,0,0,Spring,Rainy,1,2385.66,109.76,Online,Wholesale,4180.28,None,22.0,76.0,22.0,50.0,47.42857142857143,43.03333333333333
2025-04-03,P007,Sports,S03,63,1692.664215433907,11,1,1,Thursday,April,Q2,0,0,Spring,Rainy,0,1621.757807231048,100.2446156401798,In-Store,Retail,5332.734365433997,None,67.0,65.0,80.0,43.57142857142857,50.785714285714285,49.2
2025-04-04,P001,Electronics,S02,47,1597.66,5,1,1,Friday,April,Q2,0,0,Spring,Cloudy,0,1491.09,99.42,Online,Wholesale,5411.21,None,15.0,87.0,15.0,35.714285714285715,47.5,57.03333333333333
2025-04-04,P003,Furniture,S01,37,2095.202123852697,0,0,1,Friday,April,Q2,0,0,Spring,Sunny,0,1894.840514844206,101.8649587784927,Online,Wholesale,86.60968457943542,None,24.0,17.0,11.0,32.857142857142854,38.857142857142854,46.1
2025-04-05,P008,Appliances,S03,49,2493.613945138271,14,1,1,Saturday,April,Q2,0,1,Spring,Cloudy,0,2535.34035879431,103.4204328772679,In-Store,Corporate,10033.35276793675,None,2.0,5.0,42.0,25.428571428571427,41.785714285714285,43.2
2025-04-05,P002,Electronics,S04,42,3182.552212698939,13,1,1,Saturday,April,Q2,0,1,Spring,Stormy,0,2881.118720174009,99.45012845875175,Online,Corporate,3647.095951123931,None,15.0,28.0,45.0,42.142857142857146,35.5,37.266666666666666
2025-04-05,P003,Furniture,S04,56,4183.49,5,1,1,Saturday,April,Q2,0,1,Spring,Clear,0,3915.56,103.78,Wholesale,Wholesale,1785.41,None,52.0,0.0,1.0,47.857142857142854,41.214285714285715,43.733333333333334
2025-04-05,P001,Electronics,S04,60,759.1628141539472,0,1,1,Saturday,April,Q2,0,1,Spring,Rainy,0,742.7838500094525,99.87417426777178,Wholesale,Retail,6925.30968103792,None,62.0,60.0,61.0,49.42857142857143,53.785714285714285,50.56666666666667
2025-04-05,P006,Apparel,S02,26,3223.713304458849,3,0,1,Saturday,April,Q2,0,1,Spring,Stormy,0,3033.510380614091,108.7932287307465,Wholesale,Retail,369.638744039705,None,100.0,47.0,33.0,51.0,45.5,40.333333333333336
2025-04-05,P003,Furniture,S04,52,4185.484471037362,6,1,1,Saturday,April,Q2,0,1,Spring,Clear,0,3918.871935761829,103.8636970981531,Wholesale,Wholesale,1983.618682212215,None,106.0,40.0,105.0,46.142857142857146,45.0,43.1
2025-04-06,P006,Apparel,S04,29,1998.284493932603,0,0,1,Sunday,April,Q2,0,1,Spring,Cloudy,0,2133.917490404025,96.62384446336678,Wholesale,Corporate,373.5736713640384,None,32.0,89.0,62.0,38.0,35.714285714285715,32.666666666666664
2025-04-06,P004,Stationery,S04,66,3872.567781753319,14,1,1,Sunday,April,Q2,0,1,Spring,Cloudy,0,3836.991576841052,100.5555878980057,Wholesale,Retail,9544.952234066985,None,4.0,75.0,60.0,43.285714285714285,43.714285714285715,40.5
2025-04-06,P002,Electronics,S04,86,1069.132831003849,17,1,1,Sunday,April,Q2,0,1,Spring,Stormy,0,986.9261596038415,106.2568743006657,Online,Corporate,8134.369078725516,None,42.0,85.0,31.0,44.142857142857146,35.285714285714285,38.06666666666667
2025-04-06,P007,Sports,S03,0,2364.25,0,1,0,Sunday,April,Q2,0,1,Spring,Rainy,0,2170.47,99.86,Wholesale,Wholesale,8066.62,None,63.0,46.0,66.0,43.285714285714285,49.57142857142857,50.96666666666667
2025-04-06,P003,Furniture,S04,2,4843.481054689997,2,1,0,Sunday,April,Q2,0,1,Spring,Rainy,0,4728.710401537436,107.2410797626214,In-Store,Corporate,2001.853732322556,None,56.0,2.0,64.0,55.857142857142854,45.142857142857146,44.13333333333333
2025-04-07,P004,Stationery,S03,69,2602.736831503205,5,1,1,Monday,April,Q2,0,0,Spring,Sunny,0,2478.237885665354,97.25115342332504,Online,Wholesale,8632.07208731771,None,73.0,9.0,75.0,52.42857142857143,49.0,54.56666666666667
2025-04-07,P001,Electronics,S01,24,2104.648382610911,0,0,1,Monday,April,Q2,0,0,Spring,Stormy,0,2258.311005418219,109.0739012294275,Wholesale,Wholesale,712.9550492039134,None,79.0,1.0,48.0,50.42857142857143,51.5,43.0
2025-04-07,P002,Electronics,S01,71,747.99,5,1,1,Monday,April,Q2,0,0,Spring,Sunny,1,779.0,105.9,Wholesale,Wholesale,9522.66,None,20.0,46.0,61.0,20.428571428571427,40.857142857142854,33.86666666666667
2025-04-08,P007,Sports,S04,2,410.75,0,0,0,Tuesday,April,Q2,0,0,Spring,Rainy,0,441.05,97.68,Wholesale,Retail,209.79,None,0.0,56.0,17.0,58.285714285714285,43.142857142857146,44.63333333333333
2025-04-08,P008,Appliances,S02,81,649.1760915328089,20,1,1,Tuesday,April,Q2,0,0,Spring,Sunny,0,630.6850472048732,105.0342350284435,In-Store,Corporate,2702.431167670919,None,1.0,44.0,1.0,36.0,33.0,30.666666666666668
2025-04-08,P007,Sports,S03,70,4307.11410664418,8,1,1,Tuesday,April,Q2,0,0,Spring,Sunny,1,4385.257975841575,106.3503255206504,Online,Corporate,2225.581882572395,None,0.0,65.0,9.0,36.714285714285715,44.857142857142854,48.666666666666664
2025-04-08,P004,Stationery,S02,76,1187.095309381674,14,1,1,Tuesday,April,Q2,0,0,Spring,Clear,0,1208.321120691327,109.4932801595211,Wholesale,Wholesale,6787.328633108651,None,35.0,35.0,40.0,43.714285714285715,40.714285714285715,45.0
2025-04-09,P005,Home,S04,33,1586.15,0,0,1,Wednesday,April,Q2,0,0,Spring,Rainy,0,1625.03,98.8,In-Store,Corporate,427.71,None,44.0,58.0,58.0,55.714285714285715,49.92857142857143,54.733333333333334
2025-04-09,P006,Apparel,S04,75,2948.424104247999,11,1,1,Wednesday,April,Q2,0,0,Spring,Cloudy,0,2890.475221010943,109.8178298055667,Online,Wholesale,4513.299446637101,None,29.0,1.0,0.0,29.428571428571427,33.357142857142854,32.666666666666664
2025-04-09,P007,Sports,S02,58,3725.502911733928,16,1,1,Wednesday,April,Q2,0,0,Spring,Stormy,0,3706.35323311444,108.6791590034056,Wholesale,Wholesale,8600.835548679512,None,59.0,28.0,3.0,56.142857142857146,36.42857142857143,35.8
2025-04-10,P002,Electronics,S02,64,4620.578693787706,16,1,1,Thursday,April,Q2,0,0,Spring,Cloudy,1,4324.311518399892,105.363541955751,Online,Retail,8847.87580771512,None,47.0,40.0,27.0,37.57142857142857,33.07142857142857,35.3
2025-04-10,P001,Electronics,S04,65,1341.82,10,1,1,Thursday,April,Q2,0,0,Spring,Stormy,0,1326.22,104.02,Online,Retail,8880.59,None,60.0,11.0,61.0,49.42857142857143,53.714285714285715,50.4
2025-04-11,P003,Furniture,S03,25,3490.09537019414,0,0,1,Friday,April,Q2,0,0,Spring,Rainy,1,3146.771225022866,107.5394021921229,Online,Wholesale,307.6527995732278,None,73.0,1.0,23.0,26.714285714285715,22.0,35.8
2025-04-11,P002,Electronics,S04,95,1626.777922608169,14,1,1,Friday,April,Q2,0,0,Spring,Stormy,0,1792.982060373105,107.0692212763194,Wholesale,Wholesale,6886.66140881697,None,86.0,49.0,3.0,44.285714285714285,39.214285714285715,40.333333333333336
2025-04-11,P005,Home,S02,51,434.81,0,0,1,Friday,April,Q2,0,0,Spring,Sunny,0,465.58,105.0,Wholesale,Corporate,165.56,None,96.0,29.0,56.0,67.0,63.357142857142854,59.266666666666666
2025-04-12,P002,Electronics,S01,71,722.66,0,0,1,Saturday,April,Q2,0,1,Spring,Clear,1,733.11,103.43,In-Store,Wholesale,289.48,None,71.0,27.0,69.0,24.0,41.57142857142857,36.2
2025-04-13,P007,Sports,S03,76,3138.828671550484,16,1,1,Sunday,April,Q2,0,1,Spring,Stormy,0,2882.137281961203,100.9000320512496,Online,Retail,2769.592304329816,None,70.0,38.0,82.0,37.42857142857143,49.214285714285715,49.4
2025-04-13,P001,Electronics,S01,17,3888.86,0,0,1,Sunday,April,Q2,0,1,Spring,Sunny,0,4155.88,95.97,In-Store,Retail,61.01,None,24.0,74.0,53.0,53.714285714285715,49.785714285714285,42.833333333333336
2025-04-14,P007,Sports,S02,1,2551.511165561695,11,1,0,Monday,April,Q2,0,0,Spring,Clear,0,2764.196407444916,100.1804831031478,Online,Wholesale,9093.038942736048,None,58.0,88.0,25.0,60.42857142857143,40.357142857142854,36.3
2025-04-14,P001,Electronics,S02,17,3002.930486979002,4,0,1,Monday,April,Q2,0,0,Spring,Sunny,0,3032.268065862525,101.8804786399452,Wholesale,Retail,680.5706156192643,None,47.0,79.0,48.0,30.0,49.785714285714285,55.733333333333334
2025-04-14,P005,Home,S03,60,2729.85,10,1,1,Monday,April,Q2,0,0,Spring,Rainy,1,2488.63,103.57,Wholesale,Wholesale,9878.3,None,80.0,57.0,31.0,34.857142857142854,30.642857142857142,44.666666666666664
2025-04-14,P005,Home,S03,80,504.0446848245793,10,1,1,Monday,April,Q2,0,0,Spring,Rainy,0,477.7132328503058,106.4178187608091,Online,Wholesale,4206.514891052933,None,5.0,3.0,62.0,23.857142857142858,29.357142857142858,43.3
2025-04-14,P005,Home,S02,7,3576.589051245184,16,1,0,Monday,April,Q2,0,0,Spring,Clear,0,3908.221834657014,102.4105820446608,Online,Wholesale,4513.59637784837,None,51.0,47.0,0.0,70.14285714285714,63.0,60.93333333333333
2025-04-14,P004,Stationery,S01,17,2195.592075477842,2,0,1,Monday,April,Q2,0,0,Spring,Sunny,0,2142.975892764621,104.8930340170473,Online,Corporate,835.8368024887167,None,0.0,1.0,70.0,14.142857142857142,29.285714285714285,36.63333333333333
2025-04-14,P007,Sports,S02,40,4986.916553100174,12,1,1,Monday,April,Q2,0,0,Spring,Clear,0,4812.015769036161,105.5128260127757,Online,Retail,4311.739995350016,None,1.0,25.0,7.0,48.0,38.642857142857146,34.766666666666666
2025-04-14,P005,Home,S03,5,4348.276426659098,0,0,1,Monday,April,Q2,0,0,Spring,Rainy,0,4348.862927614879,105.9685304447073,In-Store,Corporate,648.0929307521947,None,3.0,1.0,57.0,23.285714285714285,33.07142857142857,43.166666666666664
2025-04-15,P002,Electronics,S01,24,4653.015926058913,4,1,1,Tuesday,April,Q2,0,0,Spring,Sunny,0,4906.83617644107,104.331128311403,Online,Wholesale,619.5992923404606,None,71.0,2.0,98.0,30.285714285714285,41.714285714285715,38.46666666666667
2025-04-15,P005,Home,S02,27,4748.534129426711,10,1,1,Tuesday,April,Q2,0,0,Spring,Stormy,0,4488.437942286443,98.67709020387319,In-Store,Retail,2823.786150498097,None,7.0,78.0,50.0,64.42857142857143,63.5,57.96666666666667
2025-04-15,P008,Appliances,S03,82,2249.86,20,1,1,Tuesday,April,Q2,0,0,Spring,Cloudy,1,2283.67,104.35,Online,Wholesale,5845.03,None,49.0,30.0,42.0,31.714285714285715,42.285714285714285,44.333333333333336
2025-04-16,P008,Appliances,S04,21,4078.31,10,1,1,Wednesday,April,Q2,0,0,Spring,Cloudy,0,3671.77,95.36,Wholesale,Retail,7505.95,None,103.0,28.0,94.0,34.42857142857143,42.0,43.333333333333336
2025-04-16,P005,Home,S01,9,1577.315411914695,0,0,0,Wednesday,April,Q2,0,0,Spring,Sunny,0,1493.00551829341,104.6756725689151,In-Store,Corporate,462.4092087720426,None,4.0,69.0,53.0,35.57142857142857,41.07142857142857,40.43333333333333
2025-04-16,P004,Stationery,S03,78,903.353663340854,12,1,1,Wednesday,April,Q2,0,0,Spring,Cloudy,0,921.4415537838984,104.9792157635017,In-Store,Retail,1183.259794196522,None,69.0,67.0,55.0,61.0,48.57142857142857,54.766666666666666
2025-04-16,P006,Apparel,S01,1,4606.461183086571,0,0,0,Wednesday,April,Q2,0,0,Spring,Clear,0,4670.294504133854,97.2445496748222,In-Store,Wholesale,205.9634964203298,None,79.0,26.0,72.0,59.142857142857146,51.42857142857143,49.233333333333334
2025-04-17,P001,Electronics,S01,3,2252.844150053319,2,1,0,Thursday,April,Q2,0,0,Spring,Cloudy,0,2178.205963357553,97.60071012902951,Wholesale,Wholesale,1203.619842759939,None,17.0,77.0,6.0,45.57142857142857,47.214285714285715,42.13333333333333
2025-04-17,P004,Stationery,S04,0,2187.4,0,0,0,Thursday,April,Q2,0,0,Spring,Rainy,0,2248.92,105.35,In-Store,Retail,153.89,None,66.0,61.0,47.0,42.0,44.142857142857146,41.53333333333333
2025-04-17,P005,Home,S02,57,1057.723438480432,0,1,1,Thursday,April,Q2,0,0,Spring,Cloudy,0,1122.05501981638,104.0191667871767,In-Store,Corporate,921.8328699665011,None,27.0,54.0,71.0,57.142857142857146,61.857142857142854,58.833333333333336
2025-04-17,P004,Stationery,S01,6,3186.221802937191,0,0,0,Thursday,April,Q2,0,0,Spring,Cloudy,0,2933.221344508518,100.3366876493621,Wholesale,Retail,416.2810444324145,None,17.0,1.0,73.0,16.428571428571427,25.5,35.5
2025-04-18,P006,Apparel,S01,65,746.42,0,0,1,Friday,April,Q2,0,0,Spring,Clear,1,815.11,107.48,Online,Corporate,416.91,None,1.0,60.0,62.0,55.57142857142857,46.357142857142854,46.96666666666667
2025-04-18,P007,Sports,S03,91,2049.597549133956,17,1,1,Friday,April,Q2,0,0,Spring,Sunny,0,1995.929556105019,98.38992202912351,Online,Retail,7498.749417219169,None,76.0,6.0,58.0,42.857142857142854,48.785714285714285,49.3
2025-04-18,P002,Electronics,S02,46,1720.347886459529,0,0,1,Friday,April,Q2,0,0,Spring,Stormy,0,1659.007293689788,106.3752907986708,Wholesale,Wholesale,436.1070705282212,None,64.0,61.0,23.0,41.0,35.714285714285715,34.56666666666667
2025-04-18,P004,Stationery,S02,47,3472.90868567152,6,1,1,Friday,April,Q2,0,0,Spring,Stormy,0,3422.978006128842,99.1141853877258,Wholesale,Retail,8129.380241548437,None,76.0,38.0,38.0,49.57142857142857,43.285714285714285,45.46666666666667
2025-04-18,P006,Apparel,S01,1,4595.534291205474,0,0,0,Friday,April,Q2,0,0,Spring,Stormy,0,4956.436452608296,104.7318410317677,In-Store,Wholesale,0.0,None,65.0,70.0,67.0,56.285714285714285,46.57142857142857,46.7
2025-04-18,P005,Home,S01,66,1555.913670669457,9,1,1,Friday,April,Q2,0,0,Spring,Stormy,0,1545.471411177891,103.4222302888719,Online,Wholesale,4616.542317688142,None,9.0,81.0,110.0,27.0,37.92857142857143,38.13333333333333
2025-04-19,P008,Appliances,S04,70,4026.82,15,1,1,Saturday,April,Q2,0,1,Spring,Stormy,0,4129.26,108.38,Wholesale,Corporate,4893.47,None,21.0,100.0,102.0,33.42857142857143,36.785714285714285,41.666666666666664
2025-04-19,P006,Apparel,S04,30,4455.173807242434,8,1,1,Saturday,April,Q2,0,1,Spring,Sunny,1,4673.550612829342,100.4862586728424,In-Store,Corporate,6022.300443011221,None,75.0,20.0,44.0,40.0,38.714285714285715,32.86666666666667
2025-04-19,P003,Furniture,S01,8,1002.464291977868,0,1,0,Saturday,April,Q2,0,1,Spring,Clear,0,1068.457971345261,105.7242361387283,In-Store,Retail,2765.194157240027,None,37.0,0.0,42.0,35.714285714285715,40.714285714285715,44.4
2025-04-20,P003,Furniture,S04,80,1302.071517927522,15,1,1,Sunday,April,Q2,0,1,Spring,Stormy,0,1293.645115240425,106.9211170278922,In-Store,Wholesale,8451.67843807729,None,2.0,79.0,52.0,55.857142857142854,40.714285714285715,41.666666666666664
2025-04-20,P007,Sports,S01,0,4208.51,0,0,0,Sunday,April,Q2,0,1,Spring,Clear,0,3962.95,105.28,In-Store,Retail,484.81,None,86.0,84.0,82.0,54.42857142857143,62.214285714285715,43.3
2025-04-20,P001,Electronics,S02,49,4705.970026437041,12,1,1,Sunday,April,Q2,0,1,Spring,Stormy,0,4873.075968759122,105.5664112178786,In-Store,Retail,5965.050571886196,None,17.0,18.0,50.0,21.142857142857142,47.57142857142857,54.5
2025-04-20,P007,Sports,S03,39,937.2477351523172,0,0,1,Sunday,April,Q2,0,1,Spring,Clear,0,933.4772228968145,104.7251452503362,Wholesale,Corporate,47.17358811641779,None,91.0,18.0,63.0,55.0,51.142857142857146,50.7
2025-04-20,P003,Furniture,S03,46,985.5926226608084,0,0,1,Sunday,April,Q2,0,1,Spring,Clear,0,1049.103195189614,98.75337159098103,Wholesale,Wholesale,130.5398607204569,None,25.0,36.0,1.0,30.142857142857142,22.142857142857142,34.9
2025-04-21,P003,Furniture,S02,1,4639.438564653526,1,0,1,Monday,April,Q2,0,0,Spring,Sunny,0,5008.798860136226,103.9386296555041,Online,Wholesale,416.3937455893453,None,1.0,81.0,3.0,20.857142857142858,39.07142857142857,49.6
2025-04-21,P005,Home,S02,1,3672.009320330081,0,1,0,Monday,April,Q2,0,0,Spring,Clear,0,3481.414577085723,100.5018401707448,Online,Retail,2642.054502116087,None,57.0,76.0,86.0,57.57142857142857,60.857142857142854,58.833333333333336
2025-04-21,P005,Home,S01,5,1827.93,5,1,0,Monday,April,Q2,0,0,Spring,Rainy,1,1866.57,97.81,Online,Corporate,7200.03,None,66.0,45.0,10.0,24.857142857142858,34.785714285714285,36.5
2025-04-21,P002,Electronics,S01,30,4673.31225480342,0,1,1,Monday,April,Q2,0,0,Spring,Stormy,0,4525.388658851355,105.6892755882094,In-Store,Corporate,8418.335243309497,None,24.0,1.0,50.0,33.42857142857143,36.42857142857143,37.13333333333333
2025-04-22,P006,Apparel,S01,62,742.2564163380955,0,0,1,Tuesday,April,Q2,0,0,Spring,Clear,1,822.2047701701067,107.3810742511967,Online,Corporate,20.12166857269364,None,1.0,84.0,65.0,46.42857142857143,41.857142857142854,44.5
2025-04-22,P006,Apparel,S01,52,1503.19,0,1,1,Tuesday,April,Q2,0,0,Spring,Cloudy,0,1602.24,99.54,Wholesale,Corporate,2162.62,None,62.0,72.0,1.0,43.285714285714285,41.642857142857146,46.333333333333336
2025-04-22,P006,Apparel,S02,74,673.0034500012076,13,1,1,Tuesday,April,Q2,0,0,Spring,Rainy,0,729.455193728068,95.79986755544255,Wholesale,Corporate,971.5093888037377,None,26.0,43.0,32.0,48.0,45.0,39.86666666666667
2025-04-22,P008,Appliances,S02,57,4365.486976699517,16,1,1,Tuesday,April,Q2,0,0,Spring,Stormy,1,4420.364353986155,107.29957341331,Online,Retail,1657.016461676702,None,81.0,44.0,56.0,41.285714285714285,38.714285714285715,32.36666666666667
2025-04-22,P002,Electronics,S04,99,1429.367280828249,17,1,1,Tuesday,April,Q2,0,0,Spring,Sunny,1,1532.513525465864,100.4465727258513,Wholesale,Corporate,5457.132802859177,None,95.0,52.0,31.0,50.857142857142854,45.785714285714285,42.4
2025-04-22,P006,Apparel,S04,50,4067.392097854637,0,1,1,Tuesday,April,Q2,0,0,Spring,Stormy,1,3764.087558825463,99.51874545107681,Wholesale,Retail,4598.246531902595,None,30.0,53.0,32.0,41.42857142857143,37.714285714285715,33.833333333333336
2025-04-23,P006,Apparel,S01,25,3933.39,0,1,0,Wednesday,April,Q2,0,0,Spring,Sunny,0,4251.96,97.31,In-Store,Corporate,7458.19,None,52.0,23.0,24.0,40.42857142857143,45.285714285714285,45.56666666666667
2025-04-23,P008,Appliances,S04,98,1027.848899711358,23,1,1,Wednesday,April,Q2,0,0,Spring,Clear,0,1082.34285126824,107.6369547925993,Online,Wholesale,6689.879431490625,None,70.0,4.0,32.0,29.142857142857142,34.5,43.766666666666666
2025-04-23,P003,Furniture,S03,30,1018.135552847571,0,0,1,Wednesday,April,Q2,0,0,Spring,Cloudy,0,1084.855127884652,96.05664675938591,In-Store,Corporate,667.6099204934774,None,46.0,38.0,51.0,31.571428571428573,25.357142857142858,33.86666666666667
2025-04-23,P005,Home,S03,91,886.9566607042022,22,1,1,Wednesday,April,Q2,0,0,Spring,Clear,0,842.2561510780534,95.52695100630834,In-Store,Wholesale,8413.50711338207,None,60.0,59.0,69.0,35.285714285714285,32.714285714285715,42.96666666666667
2025-04-23,P006,Apparel,S02,66,857.649530139732,0,1,1,Wednesday,April,Q2,0,0,Spring,Stormy,0,887.0100329548785,108.794056853209,Online,Corporate,2856.776268708887,None,74.0,19.0,55.0,52.42857142857143,48.0,41.333333333333336
2025-04-23,P006,Apparel,S04,22,1980.694835386374,0,0,1,Wednesday,April,Q2,0,0,Spring,Cloudy,0,2135.447221739449,95.90258824512978,Wholesale,Corporate,491.7244896207753,None,50.0,64.0,43.0,41.0,39.0,35.46666666666667
2025-04-23,P008,Appliances,S01,53,3230.973002876419,12,1,1,Wednesday,April,Q2,0,0,Spring,Rainy,0,3192.318297643191,104.7051896896774,Online,Wholesale,4252.619977371635,None,49.0,46.0,99.0,41.285714285714285,43.857142857142854,47.3
2025-04-24,P005,Home,S03,95,887.82,20,1,1,Thursday,April,Q2,0,0,Spring,Clear,0,835.47,95.55,In-Store,Wholesale,8715.7,None,91.0,31.0,2.0,39.857142857142854,34.285714285714285,43.8
2025-04-24,P002,Electronics,S02,18,3761.101760464375,0,0,1,Thursday,April,Q2,0,0,Spring,Rainy,0,3737.978546812937,100.4393787175765,Online,Retail,646.407194741822,None,46.0,0.0,1.0,38.857142857142854,37.357142857142854,35.46666666666667
2025-04-24,P002,Electronics,S04,37,3672.335136887963,9,1,1,Thursday,April,Q2,0,0,Spring,Sunny,0,3341.476184458043,105.7422086036706,Online,Corporate,6841.990676260035,None,99.0,42.0,19.0,57.57142857142857,50.642857142857146,44.96666666666667
2025-04-24,P007,Sports,S04,61,2872.338751455193,10,1,1,Thursday,April,Q2,0,0,Spring,Sunny,0,2633.798253732048,106.6868427018567,Online,Retail,1287.074957039659,None,2.0,29.0,1.0,50.57142857142857,42.07142857142857,43.46666666666667
2025-04-24,P006,Apparel,S01,47,1495.764236125213,4,1,1,Thursday,April,Q2,0,0,Spring,Cloudy,0,1610.923865038624,99.14092287420112,Wholesale,Corporate,1922.12348991962,None,25.0,79.0,15.0,40.714285714285715,45.357142857142854,44.86666666666667
2025-04-25,P007,Sports,S01,17,4600.123784676303,0,0,1,Friday,April,Q2,0,0,Spring,Cloudy,0,4716.751766906234,96.59496664070494,In-Store,Corporate,560.9646854550446,None,0.0,41.0,90.0,42.42857142857143,56.357142857142854,43.3
2025-04-25,P002,Electronics,S01,32,1692.71,0,0,1,Friday,April,Q2,0,0,Spring,Stormy,0,1558.34,106.49,Wholesale,Corporate,11.24,None,30.0,46.0,100.0,37.57142857142857,35.0,36.9
2025-04-26,P008,Appliances,S01,62,228.8676942098697,3,0,1,Saturday,April,Q2,0,1,Spring,Rainy,0,223.0644346725448,100.8644357128661,Wholesale,Retail,0.0,None,53.0,45.0,47.0,42.285714285714285,40.57142857142857,47.0
2025-04-26,P002,Electronics,S02,65,3216.270673880165,19,1,1,Saturday,April,Q2,0,1,Spring,Cloudy,0,3363.90959481684,105.5989645499669,Wholesale,Corporate,7308.411734550233,None,18.0,1.0,60.0,41.42857142857143,38.57142857142857,35.266666666666666
2025-04-26,P002,Electronics,S02,45,1723.981042958514,0,0,1,Saturday,April,Q2,0,1,Spring,Stormy,0,1653.358596634057,106.5765887492687,Wholesale,Wholesale,602.2183209654183,None,65.0,49.0,38.0,50.57142857142857,38.92857142857143,37.43333333333333
2025-04-26,P007,Sports,S03,36,932.7020358334698,0,0,1,Saturday,April,Q2,0,1,Spring,Clear,0,939.4430003804781,104.6515876043559,Wholesale,Corporate,389.5732275885341,None,39.0,67.0,48.0,58.0,49.42857142857143,51.8
2025-04-26,P005,Home,S02,35,1740.23,0,0,1,Saturday,April,Q2,0,1,Spring,Clear,0,1835.17,105.07,In-Store,Retail,78.75,None,1.0,89.0,83.0,46.857142857142854,54.785714285714285,55.9
2025-04-26,P004,Stationery,S03,1,1627.190669971442,13,1,0,Saturday,April,Q2,0,1,Spring,Rainy,0,1642.358031561362,98.88037147752866,In-Store,Wholesale,6356.223716346991,None,78.0,76.0,59.0,62.57142857142857,50.214285714285715,55.53333333333333
2025-04-26,P004,Stationery,S01,6,2521.117961506786,0,0,0,Saturday,April,Q2,0,1,Spring,Stormy,0,2540.76908694106,105.5432984736787,In-Store,Retail,648.1362212798938,None,6.0,5.0,53.0,17.142857142857142,20.714285714285715,33.96666666666667
2025-04-27,P002,Electronics,S01,0,4799.83,10,1,0,Sunday,April,Q2,0,1,Spring,Sunny,0,4840.66,103.24,In-Store,Retail,9461.14,None,32.0,1.0,15.0,35.57142857142857,30.142857142857142,36.833333333333336
2025-04-27,P001,Electronics,S04,52,1281.353595174803,2,1,1,Sunday,April,Q2,0,1,Spring,Cloudy,0,1302.629254271997,97.21725132318869,Wholesale,Retail,2017.304987523466,None,65.0,69.0,60.0,57.142857142857146,54.0,51.9
2025-04-27,P005,Home,S03,82,1090.65227785441,12,1,1,Sunday,April,Q2,0,1,Spring,Cloudy,0,1002.151634423707,102.1860806831302,Online,Wholesale,3026.232976582519,None,95.0,9.0,79.0,49.0,40.92857142857143,45.2
2025-04-28,P002,Electronics,S04,9,2621.548361978912,15,1,0,Monday,April,Q2,0,0,Spring,Cloudy,1,2722.94203412945,96.9043883370877,Online,Corporate,3546.958447981176,None,37.0,24.0,34.0,56.857142857142854,51.92857142857143,44.733333333333334
2025-04-28,P002,Electronics,S02,65,4615.851724513591,20,1,1,Monday,April,Q2,0,0,Spring,Cloudy,1,4336.308464308968,104.8310839248953,Online,Retail,8318.273316709505,None,45.0,65.0,50.0,50.0,39.42857142857143,37.03333333333333
2025-04-28,P005,Home,S02,2,1022.12,0,0,0,Monday,April,Q2,0,0,Spring,Stormy,0,946.5,102.06,Wholesale,Retail,52.96,None,35.0,96.0,72.0,39.142857142857146,51.357142857142854,54.3
2025-04-29,P001,Electronics,S02,1,3100.541611531548,17,1,0,Tuesday,April,Q2,0,0,Spring,Rainy,1,2841.038342235202,102.4488085870156,In-Store,Wholesale,756.7482309314458,None,49.0,12.0,39.0,25.571428571428573,47.5,53.13333333333333
2025-04-29,P001,Electronics,S01,0,2247.04,0,1,0,Tuesday,April,Q2,0,0,Spring,Cloudy,0,2171.69,97.97,Wholesale,Wholesale,1246.18,None,3.0,30.0,45.0,35.0,47.0,41.666666666666664
2025-04-29,P003,Furniture,S04,1,692.9477969816664,0,1,0,Tuesday,April,Q2,0,0,Spring,Sunny,0,735.6415090057118,102.9163109199825,Online,Retail,2502.336609100807,None,80.0,49.0,83.0,56.0,42.714285714285715,42.13333333333333
2025-04-29,P002,Electronics,S04,4,2621.701585606604,18,1,0,Tuesday,April,Q2,0,0,Spring,Cloudy,1,2709.030719789318,97.2778114806057,Online,Corporate,3724.330913721214,None,9.0,15.0,39.0,54.714285714285715,50.142857142857146,43.43333333333333
2025-04-29,P005,Home,S01,24,3271.998328535273,0,0,0,Tuesday,April,Q2,0,0,Spring,Rainy,0,3560.924878991607,101.7869156217233,In-Store,Wholesale,350.5487563899509,None,5.0,8.0,67.0,19.142857142857142,34.42857142857143,34.46666666666667
2025-04-30,P003,Furniture,S04,84,223.0536186924866,18,1,1,Wednesday,April,Q2,0,0,Spring,Clear,0,238.3103112599009,102.6895089165845,Wholesale,Retail,7276.861635515017,None,1.0,47.0,1.0,49.142857142857146,36.857142857142854,40.56666666666667
2025-04-30,P008,Appliances,S02,77,646.0,20,1,1,Wednesday,April,Q2,0,0,Spring,Sunny,0,621.5,104.67,In-Store,Corporate,2701.1,None,57.0,36.0,3.0,43.142857142857146,38.785714285714285,32.666666666666664
2025-05-01,P005,Home,S04,19,2748.568627678515,0,0,1,Thursday,May,Q2,0,0,Spring,Rainy,0,2521.896558531328,103.7128664015461,Online,Wholesale,248.7891389355497,None,33.0,30.0,41.0,52.142857142857146,48.142857142857146,53.266666666666666
2025-05-01,P004,Stationery,S02,31,4333.26,10,1,1,Thursday,May,Q2,0,0,Spring,Cloudy,0,4058.84,108.76,In-Store,Corporate,4806.19,None,47.0,36.0,51.0,50.857142857142854,43.92857142857143,43.93333333333333
2025-05-02,P006,Apparel,S01,43,2919.856187932745,0,0,1,Friday,May,Q2,0,0,Spring,Cloudy,1,2990.910774095198,103.5841851345293,Wholesale,Wholesale,755.4760686652207,None,47.0,1.0,26.0,36.142857142857146,47.642857142857146,44.56666666666667
2025-05-02,P002,Electronics,S02,35,4578.274632032617,19,1,1,Friday,May,Q2,0,0,Spring,Stormy,0,4844.039507526804,98.53365856458058,Wholesale,Retail,5316.999191829621,None,65.0,47.0,1.0,50.0,40.5,36.2
2025-05-02,P004,Stationery,S04,1,2177.709893310719,4,0,0,Friday,May,Q2,0,0,Spring,Rainy,0,2249.860333184327,105.1568913084341,In-Store,Retail,373.9537654617166,None,0.0,80.0,1.0,33.285714285714285,40.785714285714285,39.9
2025-05-02,P001,Electronics,S01,32,2481.6,0,1,1,Friday,May,Q2,0,0,Spring,Rainy,0,2614.58,104.07,Online,Wholesale,1477.86,None,0.0,70.0,71.0,30.714285714285715,43.785714285714285,41.43333333333333
2025-05-03,P006,Apparel,S03,53,1159.646649649417,9,1,1,Saturday,May,Q2,0,1,Spring,Rainy,0,1244.066245104859,109.1267733852982,Wholesale,Retail,304.5635490381376,None,33.0,39.0,45.0,39.285714285714285,42.5,39.166666666666664
2025-05-04,P005,Home,S02,1,3677.835369609934,0,1,0,Sunday,May,Q2,0,1,Spring,Clear,0,3471.616085927744,100.6711812579466,Online,Retail,2428.008106569716,None,2.0,51.0,29.0,25.714285714285715,46.357142857142854,52.833333333333336
2025-05-04,P008,Appliances,S04,77,517.09,0,1,1,Sunday,May,Q2,0,1,Spring,Clear,0,521.69,98.54,Wholesale,Wholesale,1240.0,None,98.0,4.0,18.0,42.57142857142857,39.214285714285715,44.166666666666664
2025-05-05,P008,Appliances,S01,42,3042.38,5,1,1,Monday,May,Q2,0,0,Spring,Clear,0,3238.32,97.64,In-Store,Retail,6183.46,None,62.0,2.0,69.0,44.714285714285715,41.642857142857146,48.43333333333333
2025-05-05,P001,Electronics,S01,29,2088.827759568675,4,0,1,Monday,May,Q2,0,0,Spring,Stormy,0,2258.428392857818,109.6760779559891,Wholesale,Wholesale,505.0796443321964,None,32.0,22.0,69.0,25.285714285714285,41.0,41.6
2025-05-06,P007,Sports,S02,65,1121.094353438485,13,1,1,Tuesday,May,Q2,0,0,Spring,Clear,0,1147.293703941582,102.8861771331827,Wholesale,Retail,7555.637102837793,None,40.0,67.0,30.0,50.142857142857146,41.0,36.1
2025-05-06,P007,Sports,S03,74,2572.62,15,1,1,Tuesday,May,Q2,0,0,Spring,Sunny,0,2735.74,108.31,Wholesale,Retail,7692.24,None,36.0,63.0,65.0,53.57142857142857,48.57142857142857,52.8
2025-05-06,P003,Furniture,S01,45,3017.216144099553,10,1,1,Tuesday,May,Q2,0,0,Spring,Rainy,0,3277.433391220819,108.2209366990192,Wholesale,Wholesale,8045.703760962664,None,8.0,85.0,56.0,36.857142857142854,38.285714285714285,43.13333333333333
2025-05-06,P006,Apparel,S03,1,3823.876641738019,1,1,0,Tuesday,May,Q2,0,0,Spring,Sunny,0,3463.301221667765,105.8636187486867,In-Store,Wholesale,4422.281540448842,None,53.0,3.0,60.0,41.285714285714285,43.07142857142857,40.93333333333333
2025-05-07,P003,Furniture,S04,1,2750.03,5,1,0,Wednesday,May,Q2,0,0,Spring,Clear,0,2582.64,105.22,In-Store,Corporate,5917.63,None,84.0,106.0,1.0,54.42857142857143,42.785714285714285,42.0
2025-05-07,P005,Home,S02,34,1735.97064918701,0,0,1,Wednesday,May,Q2,0,0,Spring,Clear,0,1827.446797666637,105.3359114153856,In-Store,Retail,475.8924280306865,None,1.0,7.0,47.0,18.571428571428573,44.357142857142854,50.166666666666664
2025-05-08,P001,Electronics,S02,31,4274.808349258848,18,1,1,Thursday,May,Q2,0,0,Spring,Sunny,0,3903.267833497284,106.9598711631396,In-Store,Corporate,3772.140616967539,None,1.0,38.0,85.0,24.0,44.785714285714285,50.9
2025-05-08,P001,Electronics,S01,75,3509.557289808003,20,1,1,Thursday,May,Q2,0,0,Spring,Cloudy,1,3431.004106213645,104.4647772410733,Wholesale,Corporate,9240.124556502155,None,29.0,79.0,76.0,26.285714285714285,38.142857142857146,41.233333333333334
2025-05-08,P003,Furniture,S04,1,2742.235649874294,5,1,0,Thursday,May,Q2,0,0,Spring,Clear,0,2583.207736066903,105.5021244009242,In-Store,Corporate,5986.431183228146,None,1.0,52.0,40.0,39.42857142857143,42.785714285714285,40.3
2025-05-08,P005,Home,S04,0,3645.4,0,0,0,Thursday,May,Q2,0,0,Spring,Sunny,1,4000.04,101.06,Online,Corporate,31.21,None,3.0,64.0,51.0,40.714285714285715,45.92857142857143,50.266666666666666
2025-05-08,P005,Home,S04,3,4503.123870676178,20,1,0,Thursday,May,Q2,0,0,Spring,Rainy,1,4715.000263135642,108.7077731805728,In-Store,Wholesale,1665.185308648276,None,19.0,72.0,12.0,50.57142857142857,46.57142857142857,52.03333333333333
2025-05-09,P004,Stationery,S01,3,835.459024599294,0,0,0,Friday,May,Q2,0,0,Spring,Clear,1,795.7518876974907,98.91374420283019,Wholesale,Retail,479.7974760740871,None,93.0,86.0,3.0,29.857142857142858,23.857142857142858,34.7
2025-05-09,P001,Electronics,S04,81,522.0589742693148,5,1,1,Friday,May,Q2,0,0,Spring,Cloudy,0,486.5319608845039,101.7834398758827,In-Store,Retail,3143.771959499731,None,52.0,70.0,67.0,54.714285714285715,53.42857142857143,50.1
2025-05-09,P004,Stationery,S01,93,1144.103618244592,18,1,1,Friday,May,Q2,0,0,Spring,Sunny,0,1165.214090418799,102.1036077872395,Wholesale,Retail,6742.073020891549,None,6.0,5.0,2.0,17.285714285714285,17.357142857142858,34.13333333333333
2025-05-09,P008,Appliances,S02,68,3033.121582190973,20,1,1,Friday,May,Q2,0,0,Spring,Cloudy,0,3174.091838024638,105.8523339349272,Online,Retail,3692.151311106584,None,77.0,1.0,47.0,49.0,44.07142857142857,35.2
2025-05-09,P001,Electronics,S01,71,3576.1,20,1,1,Friday,May,Q2,0,0,Spring,Sunny,0,3837.64,98.53,Wholesale,Wholesale,4245.55,None,75.0,24.0,1.0,25.714285714285715,38.07142857142857,42.833333333333336
2025-05-10,P005,Home,S03,1,1002.464888112382,18,1,0,Saturday,May,Q2,0,1,Spring,Cloudy,1,962.0245111821375,104.917529710989,Wholesale,Retail,6362.457655042524,None,82.0,3.0,0.0,59.42857142857143,41.142857142857146,45.233333333333334
2025-05-10,P006,Apparel,S04,4,2148.96,5,1,0,Saturday,May,Q2,0,1,Spring,Rainy,0,2138.16,97.82,In-Store,Corporate,8479.65,None,22.0,7.0,0.0,35.0,37.5,35.5
2025-05-11,P001,Electronics,S04,5,3861.216759904134,0,0,1,Sunday,May,Q2,0,1,Spring,Rainy,0,4072.469320982752,95.79409811503945,In-Store,Wholesale,66.6523613423395,None,81.0,64.0,68.0,56.285714285714285,54.42857142857143,50.7
2025-05-11,P003,Furniture,S03,39,4987.79,15,1,1,Sunday,May,Q2,0,1,Spring,Rainy,0,4560.58,95.24,Wholesale,Corporate,6750.3,None,30.0,1.0,1.0,30.428571428571427,23.857142857142858,33.166666666666664
2025-05-12,P002,Electronics,S01,105,2665.006424251523,19,1,1,Monday,May,Q2,0,0,Spring,Clear,1,2709.907455331179,99.55791729605272,Online,Corporate,1453.999519038892,None,0.0,20.0,36.0,35.42857142857143,29.071428571428573,33.4
2025-05-12,P003,Furniture,S01,97,858.66,20,1,1,Monday,May,Q2,0,0,Spring,Stormy,1,932.56,104.35,In-Store,Wholesale,4529.18,None,45.0,22.0,44.0,31.142857142857142,37.5,44.53333333333333
2025-05-12,P007,Sports,S03,32,4962.125137960512,6,1,1,Monday,May,Q2,0,0,Spring,Stormy,0,4558.668703820504,109.273823327257,Wholesale,Retail,6301.597155316053,None,74.0,0.0,46.0,55.142857142857146,49.214285714285715,53.333333333333336
2025-05-12,P007,Sports,S03,29,4961.261076374225,4,1,1,Monday,May,Q2,0,0,Spring,Stormy,0,4552.332762467845,109.3064657360393,Wholesale,Retail,6239.364594270263,None,32.0,70.0,65.0,59.714285714285715,48.214285714285715,53.06666666666667
2025-05-13,P005,Home,S02,2,3671.411956926308,4,1,0,Tuesday,May,Q2,0,0,Spring,Clear,0,3479.727389995212,101.2472022517767,Online,Retail,2068.783875327468,None,34.0,27.0,78.0,22.428571428571427,43.42857142857143,48.166666666666664
2025-05-13,P003,Furniture,S04,70,3238.666695118442,15,1,1,Tuesday,May,Q2,0,0,Spring,Sunny,0,3463.391093082933,107.7221363123189,In-Store,Corporate,7312.02281125588,None,1.0,56.0,0.0,32.142857142857146,40.0,40.333333333333336
2025-05-13,P008,Appliances,S04,0,1905.47,0,1,0,Tuesday,May,Q2,0,0,Spring,Sunny,1,1904.77,105.96,Wholesale,Wholesale,3057.88,None,77.0,1.0,24.0,53.0,43.42857142857143,45.63333333333333
2025-05-14,P008,Appliances,S04,14,1881.884786960996,15,1,0,Wednesday,May,Q2,0,0,Spring,Sunny,0,1736.293027422549,102.152028859617,Online,Retail,3040.634834105146,None,0.0,1.0,76.0,52.857142857142854,41.714285714285715,45.0
2025-05-14,P006,Apparel,S01,71,3119.675589596437,13,1,1,Wednesday,May,Q2,0,0,Spring,Stormy,1,3217.373736633012,99.44346522591744,Wholesale,Retail,8985.751110000472,None,43.0,65.0,60.0,42.142857142857146,48.857142857142854,43.86666666666667
2025-05-14,P006,Apparel,S01,20,4895.52,10,1,1,Wednesday,May,Q2,0,0,Spring,Cloudy,0,4974.11,109.43,Online,Retail,7436.76,None,71.0,1.0,70.0,43.0,49.642857142857146,45.9
2025-05-14,P001,Electronics,S01,68,3578.093238318129,18,1,1,Wednesday,May,Q2,0,0,Spring,Sunny,0,3840.085667817288,98.60399577456579,Wholesale,Wholesale,4652.368954933391,None,71.0,17.0,74.0,32.42857142857143,43.07142857142857,43.733333333333334
2025-05-15,P008,Appliances,S02,45,1986.234718306913,4,0,1,Thursday,May,Q2,0,0,Spring,Stormy,0,2052.608582448055,100.0948553356277,Wholesale,Retail,394.1595035562824,None,68.0,78.0,1.0,58.57142857142857,45.57142857142857,37.43333333333333
2025-05-15,P003,Furniture,S01,15,2817.274576163008,3,0,0,Thursday,May,Q2,0,0,Spring,Clear,0,2946.26273429939,101.395446976884,Wholesale,Retail,803.2592262765288,None,97.0,47.0,38.0,41.857142857142854,41.285714285714285,43.766666666666666
2025-05-15,P005,Home,S04,7,2681.36,10,1,0,Thursday,May,Q2,0,0,Spring,Sunny,0,2666.59,106.13,Wholesale,Retail,6998.7,None,0.0,76.0,47.0,31.571428571428573,42.285714285714285,47.13333333333333
2025-05-16,P001,Electronics,S01,53,3418.862746989828,6,1,1,Friday,May,Q2,0,0,Spring,Clear,1,3246.102583494175,96.0194939063785,In-Store,Corporate,9418.160936607319,None,68.0,3.0,77.0,39.714285714285715,42.642857142857146,43.63333333333333
2025-05-16,P008,Appliances,S04,89,2780.57730069807,24,1,1,Friday,May,Q2,0,0,Spring,Clear,0,2997.2937827742,107.4634843328592,In-Store,Wholesale,1261.068984511031,None,14.0,103.0,1.0,54.714285714285715,37.285714285714285,43.06666666666667
2025-05-16,P001,Electronics,S02,26,3468.14991214529,0,0,1,Friday,May,Q2,0,0,Spring,Sunny,1,3200.033247065352,100.6822459588919,In-Store,Wholesale,625.3126845537197,None,31.0,1.0,96.0,23.0,40.92857142857143,50.93333333333333
2025-05-16,P005,Home,S01,50,4537.21,10,1,1,Friday,May,Q2,0,0,Spring,Stormy,0,4548.7,102.04,Wholesale,Corporate,4499.65,None,24.0,8.0,55.0,21.428571428571427,31.357142857142858,33.53333333333333
2025-05-17,P005,Home,S03,0,1004.04,15,1,0,Saturday,May,Q2,0,1,Spring,Cloudy,1,955.94,104.44,Wholesale,Retail,5942.17,None,1.0,5.0,1.0,59.142857142857146,41.214285714285715,45.1
2025-05-17,P001,Electronics,S01,41,3501.042166934866,6,1,1,Saturday,May,Q2,0,1,Spring,Stormy,0,3535.058881771345,102.5571011310778,Online,Retail,7020.084577925667,None,53.0,0.0,30.0,46.857142857142854,40.92857142857143,44.166666666666664
2025-05-17,P007,Sports,S04,59,1227.523374700586,0,1,1,Saturday,May,Q2,0,1,Spring,Cloudy,0,1214.8484961704,102.590417627911,In-Store,Corporate,6752.677393213082,None,61.0,64.0,5.0,55.142857142857146,46.357142857142854,42.266666666666666
2025-05-18,P005,Home,S01,5,1576.72,0,0,0,Sunday,May,Q2,0,1,Spring,Sunny,0,1498.53,104.24,In-Store,Corporate,7.1,None,50.0,34.0,16.0,27.428571428571427,31.0,34.96666666666667
2025-05-18,P004,Stationery,S01,1,838.6312700647652,23,1,0,Sunday,May,Q2,0,1,Spring,Stormy,0,751.0855965756326,102.4289531171243,Online,Retail,2595.279427284311,None,3.0,1.0,88.0,18.0,23.857142857142858,32.333333333333336
2025-05-19,P002,Electronics,S01,58,4193.305758477305,18,1,1,Monday,May,Q2,0,0,Spring,Cloudy,0,4061.245876020822,107.1031408431251,Wholesale,Corporate,3630.434428518121,None,105.0,71.0,46.0,47.57142857142857,34.0,35.46666666666667
2025-05-19,P002,Electronics,S02,37,4568.63,15,1,1,Monday,May,Q2,0,0,Spring,Stormy,0,4849.91,98.92,Wholesale,Retail,5106.73,None,35.0,64.0,40.0,48.285714285714285,42.92857142857143,35.53333333333333
2025-05-20,P001,Electronics,S03,0,4923.54,0,0,1,Tuesday,May,Q2,0,0,Spring,Stormy,0,4665.49,101.6,Wholesale,Retail,105.43,None,52.0,1.0,41.0,29.142857142857142,32.142857142857146,30.766666666666666
2025-05-20,P008,Appliances,S03,79,2433.250052270486,17,1,1,Tuesday,May,Q2,0,0,Spring,Cloudy,0,2595.073050715304,109.5279090153845,Online,Corporate,7730.028458318683,None,82.0,43.0,91.0,39.142857142857146,45.142857142857146,46.63333333333333
2025-05-21,P006,Apparel,S01,57,3282.85,20,1,1,Wednesday,May,Q2,0,0,Spring,Sunny,0,3259.22,102.14,In-Store,Wholesale,9508.39,None,20.0,62.0,84.0,45.714285714285715,46.07142857142857,43.666666666666664
2025-05-21,P005,Home,S03,22,4328.119870347622,0,0,1,Wednesday,May,Q2,0,0,Spring,Rainy,1,4560.076189257783,108.0460853551095,Wholesale,Corporate,733.3813252801543,None,0.0,80.0,3.0,58.42857142857143,41.142857142857146,43.233333333333334
2025-05-22,P004,Stationery,S04,31,3480.85,5,1,1,Thursday,May,Q2,0,0,Spring,Cloudy,0,3502.04,101.52,In-Store,Corporate,4129.04,None,1.0,3.0,27.0,22.0,40.785714285714285,37.4
2025-05-22,P004,Stationery,S02,69,3136.541273119604,15,1,1,Thursday,May,Q2,0,0,Spring,Stormy,1,3033.718524718303,101.0628814467904,Online,Retail,9929.899831116923,None,31.0,59.0,35.0,50.142857142857146,42.5,42.5
2025-05-23,P006,Apparel,S01,86,667.35,10,1,1,Friday,May,Q2,0,0,Spring,Stormy,1,723.15,107.88,In-Store,Corporate,3037.33,None,57.0,52.0,72.0,45.0,44.142857142857146,43.13333333333333
2025-05-23,P002,Electronics,S02,1,3670.091827851075,3,1,0,Friday,May,Q2,0,0,Spring,Sunny,0,3547.305701091746,104.3384609424646,Wholesale,Retail,9173.560674697575,None,37.0,46.0,61.0,44.42857142857143,42.714285714285715,36.166666666666664
2025-05-24,P002,Electronics,S03,54,3340.85,5,1,1,Saturday,May,Q2,0,1,Spring,Rainy,1,3521.59,102.8,Wholesale,Wholesale,9935.54,None,13.0,0.0,1.0,12.285714285714286,19.428571428571427,29.266666666666666
2025-05-24,P006,Apparel,S03,57,1377.865723301846,5,1,1,Saturday,May,Q2,0,1,Spring,Cloudy,0,1478.791388858494,102.5459238538695,Online,Retail,7381.90897234025,None,1.0,43.0,91.0,41.0,38.857142857142854,40.93333333333333
2025-05-25,P003,Furniture,S03,20,3480.060709036757,0,0,1,Sunday,May,Q2,0,1,Spring,Rainy,1,3145.957035984711,107.0538138447356,Online,Wholesale,479.3467612806479,None,39.0,1.0,0.0,35.857142857142854,26.571428571428573,33.03333333333333
2025-05-25,P006,Apparel,S01,73,3429.45,20,1,1,Sunday,May,Q2,0,1,Spring,Sunny,0,3153.52,96.56,In-Store,Corporate,2584.46,None,86.0,25.0,23.0,49.857142857142854,45.142857142857146,43.36666666666667
2025-05-26,P005,Home,S03,38,1126.78,0,0,1,Monday,May,Q2,0,0,Spring,Clear,0,1228.3,104.57,Wholesale,Retail,43.19,None,22.0,60.0,57.0,50.142857142857146,42.5,41.8
2025-05-26,P003,Furniture,S04,65,3232.517192145567,19,1,1,Monday,May,Q2,0,0,Spring,Sunny,0,3461.887192277657,107.6479431892533,In-Store,Corporate,7564.076593892047,None,70.0,2.0,2.0,34.142857142857146,45.0,40.833333333333336
2025-05-26,P001,Electronics,S03,33,4766.258786733702,9,1,1,Monday,May,Q2,0,0,Spring,Rainy,0,5207.201465278695,102.4894176519514,In-Store,Corporate,7114.774998998548,None,0.0,52.0,39.0,29.0,29.214285714285715,27.5
2025-05-27,P005,Home,S01,23,3264.370216653804,2,0,0,Tuesday,May,Q2,0,0,Spring,Rainy,0,3573.436684924319,102.2184879011135,In-Store,Wholesale,452.9448432890281,None,5.0,4.0,15.0,23.285714285714285,30.214285714285715,34.53333333333333
2025-05-27,P008,Appliances,S01,44,639.3207610111293,0,0,1,Tuesday,May,Q2,0,0,Spring,Clear,0,563.7228789119964,108.3784694479866,Online,Retail,454.5796088118315,None,42.0,42.0,40.0,50.42857142857143,39.714285714285715,49.8
2025-05-27,P005,Home,S03,1,3538.431481319878,7,1,0,Tuesday,May,Q2,0,0,Spring,Stormy,0,3717.813897559083,109.8493173117432,In-Store,Wholesale,5060.389141861714,None,38.0,91.0,59.0,47.0,41.142857142857146,40.93333333333333
2025-05-27,P004,Stationery,S04,4,1987.645055347416,6,1,0,Tuesday,May,Q2,0,0,Spring,Clear,0,1929.892453260759,95.02982859788851,Online,Corporate,3954.815368885543,None,31.0,16.0,95.0,26.0,41.07142857142857,36.266666666666666
2025-05-27,P006,Apparel,S04,28,1993.563340621614,0,0,1,Tuesday,May,Q2,0,0,Spring,Cloudy,0,2128.898104470929,95.86739845113085,Wholesale,Corporate,75.12194967334852,None,4.0,32.0,53.0,34.57142857142857,37.785714285714285,33.46666666666667
2025-05-27,P003,Furniture,S04,0,3350.69,15,1,0,Tuesday,May,Q2,0,0,Spring,Rainy,0,3481.8,98.8,In-Store,Wholesale,9393.73,None,65.0,80.0,79.0,43.142857142857146,49.5,42.96666666666667
2025-05-27,P005,Home,S04,60,1100.01612565593,2,1,1,Tuesday,May,Q2,0,0,Spring,Rainy,0,1213.539403346562,102.4879430441042,Online,Corporate,4689.961783250498,None,7.0,46.0,23.0,21.714285714285715,39.42857142857143,45.8
2025-05-28,P007,Sports,S03,45,940.4077377799473,3,0,1,Wednesday,May,Q2,0,0,Spring,Clear,0,937.2502423433587,104.9663899595494,Wholesale,Corporate,622.0770920663684,None,29.0,76.0,38.0,53.857142857142854,45.642857142857146,51.96666666666667
2025-05-28,P008,Appliances,S03,41,3892.92,15,1,1,Wednesday,May,Q2,0,0,Spring,Cloudy,0,4111.49,99.16,Online,Corporate,4191.61,None,79.0,29.0,71.0,44.285714285714285,44.285714285714285,46.46666666666667
2025-05-29,P008,Appliances,S02,1,4751.331205807008,24,1,0,Thursday,May,Q2,0,0,Spring,Sunny,0,5135.996414748609,104.6493567174893,In-Store,Corporate,3425.164466468379,None,45.0,48.0,56.0,53.857142857142854,48.714285714285715,37.3
2025-05-29,P005,Home,S03,3,2951.321300754623,22,1,0,Thursday,May,Q2,0,0,Spring,Sunny,0,3214.117519805269,106.9451414680888,Online,Corporate,9191.721284772815,None,1.0,95.0,31.0,34.142857142857146,37.0,40.93333333333333
2025-05-29,P001,Electronics,S03,0,4786.91,0,0,1,Thursday,May,Q2,0,0,Spring,Sunny,0,5245.9,98.01,In-Store,Retail,322.74,None,33.0,1.0,0.0,26.285714285714285,28.785714285714285,26.966666666666665
2025-05-30,P006,Apparel,S01,18,3957.011395345081,4,0,1,Friday,May,Q2,0,0,Spring,Clear,0,4193.412056751751,97.37589634322389,Wholesale,Wholesale,94.30284804348648,None,73.0,47.0,79.0,56.714285714285715,48.714285714285715,45.766666666666666
2025-05-30,P002,Electronics,S04,47,4467.816922491254,14,1,1,Friday,May,Q2,0,0,Spring,Stormy,1,4295.510604666092,95.3420040871729,Online,Retail,10378.05783962515,None,4.0,42.0,28.0,53.142857142857146,47.642857142857146,42.233333333333334
2025-05-30,P005,Home,S02,85,1580.581708705072,4,1,1,Friday,May,Q2,0,0,Spring,Sunny,1,1709.597042686167,102.5909655164766,In-Store,Retail,9282.438712271738,None,2.0,57.0,54.0,18.857142857142858,38.0,48.2
2025-05-30,P002,Electronics,S02,51,2795.03,5,1,1,Friday,May,Q2,0,0,Spring,Clear,0,3025.68,105.73,Online,Retail,1192.74,None,1.0,18.0,0.0,38.0,38.42857142857143,36.166666666666664
2025-05-30,P005,Home,S03,37,3776.032861586985,0,1,1,Friday,May,Q2,0,0,Spring,Stormy,0,3864.90845195878,110.329435789415,In-Store,Wholesale,6838.265037884378,None,3.0,82.0,9.0,21.0,35.0,39.2
2025-05-31,P005,Home,S04,84,290.07,5,1,1,Saturday,May,Q2,0,1,Spring,Sunny,0,299.62,99.0,Wholesale,Corporate,9093.87,None,60.0,44.0,77.0,23.714285714285715,42.07142857142857,45.3
2025-05-31,P003,Furniture,S02,69,945.6450593746536,12,1,1,Saturday,May,Q2,0,1,Spring,Rainy,0,1017.462262724791,105.6628673380306,In-Store,Wholesale,4788.134810647151,None,1.0,15.0,32.0,9.428571428571429,38.92857142857143,48.2
2025-05-31,P001,Electronics,S01,19,3476.756216558887,3,0,1,Saturday,May,Q2,0,1,Spring,Cloudy,0,3810.821134619882,103.6663177860826,Wholesale,Corporate,488.8814770705924,None,41.0,32.0,70.0,52.714285714285715,41.714285714285715,44.2
2025-06-01,P003,Furniture,S04,53,4139.585358752096,17,1,1,Sunday,June,Q2,0,1,Summer,Rainy,0,4229.872933547551,97.65300674611728,Online,Wholesale,7212.977055817601,None,0.0,1.0,49.0,31.714285714285715,43.857142857142854,40.9
2025-06-01,P001,Electronics,S04,50,2495.07,5,1,1,Sunday,June,Q2,0,1,Summer,Clear,0,2247.21,109.31,In-Store,Retail,5888.82,None,5.0,10.0,11.0,47.857142857142854,49.92857142857143,48.833333333333336
2025-06-02,P003,Furniture,S03,6,1910.659795005185,9,1,0,Monday,June,Q2,0,0,Summer,Stormy,0,1815.584531247703,106.5923242003984,Online,Retail,3302.947236953986,None,20.0,37.0,41.0,38.57142857142857,28.0,30.733333333333334
2025-06-02,P001,Electronics,S02,42,4558.320797633544,2,1,1,Monday,June,Q2,0,0,Summer,Cloudy,0,4151.310814116024,104.6464825561387,Wholesale,Corporate,1824.498506341084,None,26.0,15.0,82.0,26.571428571428573,35.92857142857143,49.36666666666667
2025-06-02,P004,Stationery,S03,79,917.0289681246334,15,1,1,Monday,June,Q2,0,0,Summer,Cloudy,0,922.8582040875315,105.17652995892,In-Store,Retail,802.3156956042528,None,1.0,0.0,59.0,51.857142857142854,46.07142857142857,53.06666666666667
2025-06-02,P006,Apparel,S03,39,3472.81,5,1,1,Monday,June,Q2,0,0,Summer,Sunny,0,3496.86,109.41,Online,Corporate,7724.3,None,57.0,49.0,36.0,43.0,36.42857142857143,41.03333333333333
2025-06-03,P001,Electronics,S01,83,680.6592670426438,16,1,1,Tuesday,June,Q2,0,0,Summer,Sunny,0,745.8124444174179,96.98980068103272,In-Store,Retail,10049.96358571125,None,19.0,29.0,22.0,50.857142857142854,38.07142857142857,42.4
2025-06-03,P005,Home,S02,61,1047.77,0,1,1,Tuesday,June,Q2,0,0,Summer,Cloudy,0,1130.85,104.46,In-Store,Corporate,1306.19,None,85.0,1.0,76.0,22.857142857142858,40.214285714285715,48.733333333333334
2025-06-03,P005,Home,S02,49,1728.676712410469,2,0,1,Tuesday,June,Q2,0,0,Summer,Clear,1,1562.751517818268,95.79778291600745,Wholesale,Wholesale,367.6535857216247,None,61.0,35.0,89.0,31.428571428571427,39.142857142857146,48.166666666666664
2025-06-03,P007,Sports,S02,48,864.6178300128591,3,0,1,Tuesday,June,Q2,0,0,Summer,Rainy,0,816.8776500495668,99.31846263584826,In-Store,Corporate,292.5274731282902,None,65.0,63.0,0.0,49.857142857142854,43.5,36.233333333333334
2025-06-03,P008,Appliances,S01,42,1103.214052834663,0,0,1,Tuesday,June,Q2,0,0,Summer,Sunny,0,1059.597143151984,105.0911699304919,In-Store,Retail,559.3306950263997,None,44.0,57.0,1.0,50.714285714285715,40.0,49.833333333333336
2025-06-04,P007,Sports,S03,94,2048.39636755142,15,1,1,Wednesday,June,Q2,0,0,Summer,Sunny,0,2009.535834320135,97.46664023358225,Online,Retail,7754.965123201826,None,45.0,91.0,6.0,49.42857142857143,46.142857142857146,50.666666666666664
2025-06-04,P008,Appliances,S02,0,871.73,0,0,0,Wednesday,June,Q2,0,0,Summer,Rainy,0,852.34,106.89,Wholesale,Corporate,249.84,None,1.0,1.0,46.0,47.142857142857146,44.785714285714285,35.63333333333333
2025-06-04,P008,Appliances,S03,7,4751.257701551436,19,1,0,Wednesday,June,Q2,0,0,Summer,Rainy,0,5090.63217048589,106.7499669660298,In-Store,Corporate,8144.578779034247,None,41.0,16.0,40.0,46.0,42.142857142857146,46.6
2025-06-04,P003,Furniture,S01,59,3069.411591959753,14,1,1,Wednesday,June,Q2,0,0,Summer,Clear,0,3143.008753891632,106.3339074513192,In-Store,Corporate,401.0757138528285,None,15.0,35.0,64.0,37.285714285714285,39.642857142857146,43.06666666666667
2025-06-05,P001,Electronics,S03,14,2219.233864066842,13,1,0,Thursday,June,Q2,0,0,Summer,Cloudy,0,2385.041225514642,94.86658470484788,In-Store,Wholesale,6086.599571188383,None,0.0,46.0,26.0,26.142857142857142,28.785714285714285,26.933333333333334
2025-06-05,P008,Appliances,S01,51,377.8,0,0,1,Thursday,June,Q2,0,0,Summer,Stormy,0,356.01,104.81,Wholesale,Corporate,470.04,None,42.0,48.0,64.0,48.57142857142857,42.92857142857143,51.233333333333334
2025-06-05,P006,Apparel,S03,37,982.1853387947931,0,0,1,Thursday,June,Q2,0,0,Summer,Sunny,0,904.1236230458667,107.6923770728794,Online,Retail,641.5435462538289,None,39.0,20.0,1.0,41.57142857142857,36.642857142857146,40.333333333333336
2025-06-05,P003,Furniture,S04,82,1676.260878039124,14,1,1,Thursday,June,Q2,0,0,Summer,Rainy,0,1742.756585866695,109.1267095352776,Wholesale,Corporate,8283.85394888668,None,53.0,84.0,47.0,39.142857142857146,44.142857142857146,39.2
2025-06-06,P007,Sports,S03,45,3208.069388265865,10,1,1,Friday,June,Q2,0,0,Summer,Stormy,0,2943.36892411077,102.6721466599161,Wholesale,Retail,3127.560628190307,None,94.0,39.0,18.0,49.857142857142854,52.42857142857143,53.5
2025-06-06,P002,Electronics,S01,37,4044.104289515775,6,1,1,Friday,June,Q2,0,0,Summer,Cloudy,0,3793.235542006556,97.04580812881896,Wholesale,Corporate,5807.063970869771,None,58.0,71.0,27.0,45.714285714285715,34.857142857142854,37.4
2025-06-06,P003,Furniture,S02,0,4639.12,0,0,1,Friday,June,Q2,0,0,Summer,Sunny,0,5016.91,104.28,Online,Wholesale,324.39,None,69.0,5.0,59.0,17.142857142857142,41.57142857142857,48.3
2025-06-07,P002,Electronics,S02,1,1158.544685190821,8,1,0,Saturday,June,Q2,0,1,Summer,Sunny,0,1101.391606176005,102.7364142700975,In-Store,Corporate,4645.819885609243,None,51.0,65.0,1.0,42.714285714285715,42.07142857142857,37.06666666666667
2025-06-07,P001,Electronics,S02,32,3236.77,0,0,1,Saturday,June,Q2,0,1,Summer,Clear,0,3453.86,95.96,Online,Retail,248.57,None,42.0,47.0,87.0,30.428571428571427,33.07142857142857,49.86666666666667
2025-06-07,P001,Electronics,S04,4,3381.806437565511,0,0,1,Saturday,June,Q2,0,1,Summer,Cloudy,0,3670.755161796541,101.3474255550387,Wholesale,Corporate,190.8735124231972,None,50.0,62.0,79.0,53.57142857142857,52.714285714285715,48.36666666666667
2025-06-08,P001,Electronics,S01,41,4289.855964154603,12,1,1,Sunday,June,Q2,0,1,Summer,Cloudy,0,4619.168705257111,108.8437349402723,In-Store,Wholesale,1206.774794471003,None,83.0,75.0,79.0,58.57142857142857,42.42857142857143,43.8
2025-06-08,P004,Stationery,S01,36,4061.38,5,1,1,Sunday,June,Q2,0,1,Summer,Stormy,0,3753.37,105.26,Wholesale,Retail,3555.1,None,1.0,0.0,22.0,18.0,17.642857142857142,30.733333333333334
2025-06-08,P008,Appliances,S02,63,333.6373090962145,1,0,1,Sunday,June,Q2,0,1,Summer,Cloudy,0,307.1883522943118,105.3845751496163,In-Store,Corporate,0.0,None,0.0,81.0,44.0,47.0,41.5,33.8
2025-06-08,P006,Apparel,S04,15,3573.512296876731,2,1,1,Sunday,June,Q2,0,1,Summer,Rainy,0,3604.547345795904,102.1398355045194,Wholesale,Retail,5865.404818356767,None,28.0,29.0,89.0,34.0,36.0,34.333333333333336
2025-06-08,P001,Electronics,S01,45,2143.109999518793,4,0,1,Sunday,June,Q2,0,1,Summer,Clear,1,2201.743584794151,108.6339304925308,Wholesale,Retail,566.034770853242,None,41.0,71.0,24.0,53.714285714285715,39.714285714285715,44.666666666666664
2025-06-08,P008,Appliances,S01,45,1103.520425514418,0,0,1,Sunday,June,Q2,0,1,Summer,Sunny,0,1054.73639849195,105.8653307747466,In-Store,Retail,926.3318251725151,None,51.0,49.0,5.0,49.0,42.0,50.06666666666667
2025-06-09,P004,Stationery,S03,25,2906.006372859821,2,0,1,Monday,June,Q2,0,0,Summer,Cloudy,1,2865.996382677979,106.3759614387496,Online,Wholesale,0.0,None,79.0,64.0,57.0,63.142857142857146,47.5,55.166666666666664
2025-06-09,P004,Stationery,S01,5,3046.81,0,0,1,Monday,June,Q2,0,0,Summer,Cloudy,0,3203.75,97.52,In-Store,Wholesale,82.5,None,36.0,17.0,1.0,23.142857142857142,18.642857142857142,29.8
2025-06-10,P003,Furniture,S04,2,704.1909264148768,0,1,0,Tuesday,June,Q2,0,0,Summer,Sunny,0,739.2499636674037,103.1865518987977,Online,Retail,2795.140392877703,None,82.0,1.0,106.0,38.857142857142854,46.642857142857146,41.9
2025-06-10,P003,Furniture,S02,57,2682.804819719333,10,1,1,Tuesday,June,Q2,0,0,Summer,Cloudy,1,2646.794930244113,101.5178766524332,In-Store,Wholesale,2746.079539402112,None,0.0,1.0,74.0,16.428571428571427,37.357142857142854,46.86666666666667
2025-06-10,P004,Stationery,S01,0,840.18,20,1,0,Tuesday,June,Q2,0,0,Summer,Stormy,0,758.79,102.3,Online,Retail,2204.42,None,5.0,6.0,1.0,21.428571428571427,18.928571428571427,29.933333333333334
2025-06-10,P007,Sports,S04,61,2654.460226117988,3,1,1,Tuesday,June,Q2,0,0,Summer,Sunny,0,2643.833279195867,98.29990174441897,Online,Retail,1611.221582450776,None,59.0,94.0,36.0,54.42857142857143,50.214285714285715,44.06666666666667
2025-06-10,P002,Electronics,S02,65,3887.047536343058,14,1,1,Tuesday,June,Q2,0,0,Summer,Cloudy,0,3710.869196805725,109.7827678138868,Online,Corporate,4443.794833000818,None,1.0,45.0,49.0,33.57142857142857,42.07142857142857,35.7
2025-06-10,P006,Apparel,S04,21,3579.687306425726,1,0,1,Tuesday,June,Q2,0,0,Summer,Cloudy,1,3241.976763149098,101.8078128086843,In-Store,Wholesale,874.823395333792,None,15.0,75.0,1.0,32.0,30.714285714285715,33.13333333333333
2025-06-11,P005,Home,S04,43,1747.734771104222,13,1,1,Wednesday,June,Q2,0,0,Summer,Sunny,0,1716.2285018827,99.95498213283362,In-Store,Corporate,5924.172299284039,None,84.0,33.0,58.0,29.428571428571427,42.57142857142857,46.53333333333333
2025-06-11,P008,Appliances,S04,68,4024.516201030256,16,1,1,Wednesday,June,Q2,0,0,Summer,Stormy,0,4127.381714821462,108.5149264842833,Wholesale,Corporate,5205.197005068969,None,89.0,21.0,28.0,52.714285714285715,43.57142857142857,46.0
2025-06-11,P003,Furniture,S01,18,2824.689294150292,2,0,0,Wednesday,June,Q2,0,0,Summer,Clear,0,2943.068591723714,101.7580159079079,Wholesale,Retail,0.0,None,59.0,24.0,59.0,40.714285714285715,39.285714285714285,44.13333333333333
2025-06-11,P002,Electronics,S03,73,2197.87,20,1,1,Wednesday,June,Q2,0,0,Summer,Rainy,0,2040.98,99.06,In-Store,Corporate,2772.91,None,54.0,2.0,49.0,20.0,23.214285714285715,31.033333333333335
2025-06-12,P004,Stationery,S04,1,1996.616797018202,0,1,0,Thursday,June,Q2,0,0,Summer,Clear,0,1939.820849431761,94.89333945746787,Online,Corporate,4826.435209467423,None,4.0,64.0,78.0,24.285714285714285,34.57142857142857,36.36666666666667
2025-06-12,P006,Apparel,S01,10,4771.271770160601,0,1,1,Thursday,June,Q2,0,0,Summer,Sunny,0,4795.358589301869,99.05859869648052,In-Store,Retail,10117.39048903187,None,18.0,43.0,1.0,52.57142857142857,44.357142857142854,44.9
2025-06-12,P003,Furniture,S01,59,3062.11,15,1,1,Thursday,June,Q2,0,0,Summer,Clear,0,3140.0,106.74,In-Store,Corporate,543.42,None,18.0,37.0,17.0,39.857142857142854,36.357142857142854,41.766666666666666
2025-06-13,P002,Electronics,S02,52,2792.222322894671,7,1,1,Friday,June,Q2,0,0,Summer,Clear,0,3020.687867075028,105.7726298146371,Online,Retail,1494.830693164704,None,65.0,65.0,65.0,36.42857142857143,43.214285714285715,37.833333333333336
2025-06-13,P006,Apparel,S04,92,249.3182109888068,1,1,1,Friday,June,Q2,0,0,Summer,Sunny,1,274.960865747459,109.5817181146569,Wholesale,Wholesale,2218.563389249211,None,21.0,30.0,20.0,24.285714285714285,32.142857142857146,32.766666666666666
2025-06-13,P004,Stationery,S02,65,764.04,10,1,1,Friday,June,Q2,0,0,Summer,Clear,0,819.47,109.8,Wholesale,Retail,4910.05,None,69.0,74.0,1.0,51.57142857142857,44.92857142857143,42.96666666666667
2025-06-13,P002,Electronics,S01,1,2909.396469692451,1,0,0,Friday,June,Q2,0,0,Summer,Cloudy,0,2768.745230434743,105.2317057044952,Wholesale,Wholesale,0.0,None,37.0,24.0,2.0,40.857142857142854,35.57142857142857,37.53333333333333
2025-06-14,P004,Stationery,S03,61,454.73,0,0,1,Saturday,June,Q2,0,1,Summer,Stormy,0,423.79,108.84,Online,Wholesale,182.1,None,25.0,78.0,12.0,57.57142857142857,45.214285714285715,53.266666666666666
2025-06-14,P002,Electronics,S02,3,3677.397649456656,3,1,0,Saturday,June,Q2,0,1,Summer,Sunny,0,3535.666506778989,104.252477780994,Wholesale,Retail,9244.967796583302,None,52.0,35.0,47.0,34.57142857142857,42.285714285714285,37.733333333333334
2025-06-14,P003,Furniture,S01,28,2092.791143112061,1,0,1,Saturday,June,Q2,0,1,Summer,Cloudy,1,2008.57038441337,108.6009209767691,Wholesale,Wholesale,182.7623370829672,None,59.0,8.0,0.0,43.0,39.357142857142854,41.9
2025-06-15,P001,Electronics,S03,1,4783.620778845199,0,0,1,Sunday,June,Q2,0,1,Summer,Sunny,0,5239.700778782661,97.58158800167166,In-Store,Retail,613.1532898452643,None,14.0,52.0,26.0,21.571428571428573,27.928571428571427,25.9
2025-06-15,P004,Stationery,S04,63,1406.63,10,1,1,Sunday,June,Q2,0,1,Summer,Sunny,0,1474.27,108.87,Online,Retail,7962.17,None,1.0,4.0,1.0,15.285714285714286,29.071428571428573,35.3
2025-06-16,P001,Electronics,S01,23,2089.73905985213,3,0,1,Monday,June,Q2,0,0,Summer,Stormy,0,2257.35573675862,109.844231187682,Wholesale,Wholesale,0.0,None,45.0,68.0,17.0,50.0,41.214285714285715,44.8
2025-06-16,P008,Appliances,S01,0,540.13,0,1,0,Monday,June,Q2,0,0,Summer,Clear,0,531.39,106.21,In-Store,Retail,7900.27,None,45.0,53.0,46.0,48.42857142857143,44.857142857142854,49.4
2025-06-17,P006,Apparel,S02,71,670.71,15,1,1,Tuesday,June,Q2,0,0,Summer,Rainy,0,723.21,96.1,Wholesale,Corporate,1016.22,None,66.0,53.0,62.0,59.142857142857146,48.785714285714285,41.9
2025-06-17,P005,Home,S01,52,3544.176915149556,9,1,1,Tuesday,June,Q2,0,0,Summer,Cloudy,0,3582.944219913835,99.89862713257466,Online,Corporate,1308.304920855109,None,23.0,9.0,69.0,26.0,30.785714285714285,35.13333333333333
2025-06-17,P008,Appliances,S03,13,4587.815313200644,0,0,1,Tuesday,June,Q2,0,0,Summer,Sunny,1,4926.988959419241,105.8214432797526,Online,Corporate,0.0,None,7.0,53.0,83.0,44.714285714285715,39.785714285714285,45.1
2025-06-17,P005,Home,S02,71,2428.026003581409,8,1,1,Tuesday,June,Q2,0,0,Summer,Rainy,1,2548.207611698739,98.80494393553586,Online,Corporate,679.2635706106714,None,49.0,2.0,96.0,33.42857142857143,36.285714285714285,48.1
2025-06-18,P008,Appliances,S01,41,253.3180949903835,0,0,1,Wednesday,June,Q2,0,0,Summer,Rainy,0,259.4567912051277,105.7538049191223,In-Store,Retail,0.0,None,0.0,62.0,45.0,40.857142857142854,41.57142857142857,45.96666666666667
2025-06-18,P007,Sports,S01,39,771.4704163967015,0,0,1,Wednesday,June,Q2,0,0,Summer,Clear,0,807.8295594093662,99.61585860109092,In-Store,Wholesale,529.0827561115991,None,17.0,46.0,73.0,39.0,51.142857142857146,43.833333333333336
2025-06-18,P004,Stationery,S04,27,3471.454659949841,2,1,1,Wednesday,June,Q2,0,0,Summer,Cloudy,0,3496.813787343257,101.4780938334855,In-Store,Corporate,4424.079311971756,None,63.0,66.0,75.0,23.714285714285715,33.5,37.266666666666666
2025-06-18,P007,Sports,S02,9,3112.20948044338,0,1,0,Wednesday,June,Q2,0,0,Summer,Clear,0,3334.312574248046,102.6936789897446,Online,Retail,4775.535334978074,None,62.0,59.0,25.0,47.57142857142857,49.42857142857143,37.666666666666664
2025-06-18,P007,Sports,S02,62,1237.59,10,1,1,Wednesday,June,Q2,0,0,Summer,Rainy,0,1206.28,101.87,Online,Wholesale,3906.61,None,48.0,63.0,27.0,47.714285714285715,46.92857142857143,35.63333333333333
2025-06-18,P002,Electronics,S03,74,2192.053597008809,21,1,1,Wednesday,June,Q2,0,0,Summer,Rainy,0,2050.117989577751,98.59693557767318,In-Store,Corporate,2339.947707031537,None,73.0,18.0,1.0,30.142857142857142,24.928571428571427,30.633333333333333
2025-06-19,P005,Home,S02,32,1812.28,0,0,1,Thursday,June,Q2,0,0,Summer,Rainy,0,1939.74,101.88,Online,Corporate,109.93,None,71.0,1.0,51.0,43.285714285714285,34.5,47.53333333333333
2025-06-19,P001,Electronics,S02,13,2997.46849727736,0,0,1,Thursday,June,Q2,0,0,Summer,Sunny,0,3026.091219149287,101.3264121248528,Wholesale,Retail,715.2764539046736,None,32.0,17.0,79.0,28.285714285714285,29.142857142857142,47.53333333333333
2025-06-19,P006,Apparel,S03,53,4739.989160797439,19,1,1,Thursday,June,Q2,0,0,Summer,Clear,1,4448.413370441609,97.03533159809167,In-Store,Retail,9800.44774470957,None,37.0,88.0,2.0,44.0,39.214285714285715,38.56666666666667
2025-06-19,P004,Stationery,S04,63,1414.015549684915,9,1,1,Thursday,June,Q2,0,0,Summer,Sunny,0,1476.88086407486,108.7689314098721,Online,Retail,7520.114539262793,None,27.0,0.0,61.0,18.142857142857142,30.071428571428573,34.86666666666667
2025-06-20,P005,Home,S01,58,3537.231326898037,2,1,1,Friday,June,Q2,0,0,Summer,Rainy,1,3875.441483788337,95.57991702677927,In-Store,Wholesale,5511.851837015789,None,52.0,66.0,81.0,32.142857142857146,29.571428571428573,35.233333333333334
2025-06-20,P002,Electronics,S04,52,4782.762643413701,23,1,1,Friday,June,Q2,0,0,Summer,Rainy,0,4604.72998463483,106.7820284246006,Wholesale,Corporate,1538.34211578651,None,47.0,86.0,85.0,53.857142857142854,49.0,42.13333333333333
2025-06-20,P006,Apparel,S01,44,2925.805308650693,4,0,1,Friday,June,Q2,0,0,Summer,Cloudy,1,2994.536977277593,104.0443834121068,Wholesale,Wholesale,31.01016310477269,None,10.0,71.0,65.0,47.857142857142854,45.0,45.2
2025-06-20,P002,Electronics,S03,2,370.8979558640328,16,1,0,Friday,June,Q2,0,0,Summer,Stormy,0,402.1486056748224,108.6906928053601,In-Store,Corporate,8858.592729754917,None,74.0,3.0,49.0,38.142857142857146,30.142857142857142,30.433333333333334
2025-06-20,P005,Home,S02,0,3989.83,15,1,0,Friday,June,Q2,0,0,Summer,Rainy,1,4364.98,107.83,Online,Corporate,8641.25,None,32.0,34.0,7.0,47.714285714285715,33.142857142857146,48.6
2025-06-21,P008,Appliances,S02,72,3039.59,20,1,1,Saturday,June,Q2,0,1,Summer,Cloudy,0,3179.42,106.04,Online,Retail,3609.31,None,63.0,57.0,44.0,44.42857142857143,42.857142857142854,35.766666666666666
2025-06-21,P003,Furniture,S01,52,3028.651453674709,13,1,1,Saturday,June,Q2,0,1,Summer,Rainy,0,3275.395087434941,107.4933905752461,Wholesale,Wholesale,8308.725339529205,None,28.0,45.0,85.0,45.857142857142854,41.357142857142854,42.266666666666666
2025-06-22,P008,Appliances,S03,12,4757.249700697635,14,1,0,Sunday,June,Q2,0,1,Summer,Rainy,0,5091.145658666717,106.8468515365272,In-Store,Corporate,7955.735592509276,None,86.0,49.0,5.0,51.0,38.214285714285715,45.9
2025-06-22,P004,Stationery,S02,37,4586.02,0,1,1,Sunday,June,Q2,0,1,Summer,Sunny,0,4800.17,102.56,In-Store,Wholesale,4246.04,None,65.0,29.0,34.0,50.285714285714285,49.5,42.666666666666664
2025-06-22,P001,Electronics,S01,40,4294.745398823084,15,1,1,Sunday,June,Q2,0,1,Summer,Cloudy,0,4627.225111203472,109.5249886569975,In-Store,Wholesale,1384.808491702657,None,23.0,53.0,3.0,43.57142857142857,41.642857142857146,44.833333333333336
2025-06-22,P008,Appliances,S03,86,2415.937638939797,22,1,1,Sunday,June,Q2,0,1,Summer,Cloudy,0,2596.910318870984,109.1961322157612,Online,Corporate,8001.58688934536,None,13.0,2.0,38.0,39.0,34.785714285714285,43.43333333333333
2025-06-23,P008,Appliances,S02,60,4368.960735511404,18,1,1,Monday,June,Q2,0,0,Summer,Stormy,1,4428.888204263618,107.5398606715406,Online,Retail,2109.655681187478,None,72.0,77.0,36.0,46.57142857142857,44.857142857142854,36.666666666666664
2025-06-23,P002,Electronics,S01,68,4141.337525677027,19,1,1,Monday,June,Q2,0,0,Summer,Clear,0,4312.261534120842,109.5124065516858,Online,Wholesale,237.730623104059,None,1.0,30.0,1.0,37.57142857142857,35.5,37.4
2025-06-23,P002,Electronics,S04,20,2577.37,0,0,1,Monday,June,Q2,0,0,Summer,Rainy,0,2504.38,98.59,Online,Retail,239.89,None,52.0,95.0,49.0,49.0,46.642857142857146,41.93333333333333
2025-06-23,P004,Stationery,S01,71,1789.044792232776,11,1,1,Monday,June,Q2,0,0,Summer,Cloudy,0,1615.251574558201,100.1477010368024,In-Store,Wholesale,7133.637395801823,None,0.0,6.0,5.0,20.571428571428573,18.857142857142858,28.366666666666667
2025-06-24,P001,Electronics,S01,1,2239.706762099903,0,1,0,Tuesday,June,Q2,0,0,Summer,Cloudy,0,2163.95279630493,97.91114201727976,Wholesale,Wholesale,971.7133858216331,None,40.0,41.0,0.0,41.714285714285715,44.285714285714285,44.56666666666667
2025-06-24,P006,Apparel,S03,55,1148.388831995088,2,1,1,Tuesday,June,Q2,0,0,Summer,Rainy,0,1250.118949443488,108.9314408249472,Wholesale,Retail,429.6717547914982,None,53.0,33.0,85.0,39.0,42.857142857142854,40.166666666666664
2025-06-24,P005,Home,S02,7,3575.86,20,1,0,Tuesday,June,Q2,0,0,Summer,Clear,0,3916.58,101.96,Online,Wholesale,4350.92,None,0.0,2.0,27.0,42.857142857142854,32.642857142857146,46.733333333333334
2025-06-25,P007,Sports,S03,7,4537.98587082364,0,0,0,Wednesday,June,Q2,0,0,Summer,Cloudy,0,4890.562309440304,99.70175171274266,In-Store,Retail,89.07369726009995,None,45.0,36.0,67.0,50.714285714285715,54.357142857142854,52.8
2025-06-25,P007,Sports,S01,41,776.9331747301435,0,0,1,Wednesday,June,Q2,0,0,Summer,Clear,0,793.2036623984519,100.1798930361843,In-Store,Wholesale,0.0,None,39.0,74.0,33.0,38.0,48.714285714285715,44.766666666666666
2025-06-25,P001,Electronics,S01,38,1766.839148748459,1,1,1,Wednesday,June,Q2,0,0,Summer,Stormy,1,1858.902654537996,105.4599905012472,In-Store,Retail,6213.484789780176,None,1.0,19.0,32.0,36.0,44.357142857142854,42.833333333333336
2025-06-25,P006,Apparel,S04,17,3578.73,0,0,1,Wednesday,June,Q2,0,0,Summer,Cloudy,1,3244.27,101.39,In-Store,Wholesale,473.05,None,92.0,50.0,53.0,33.142857142857146,37.285714285714285,35.8
2025-06-25,P008,Appliances,S04,74,4018.568396163563,12,1,1,Wednesday,June,Q2,0,0,Summer,Stormy,0,4137.756391567858,108.8028252977678,Wholesale,Corporate,4754.485486833331,None,68.0,70.0,100.0,59.42857142857143,46.42857142857143,46.56666666666667
2025-06-26,P003,Furniture,S04,50,1858.587501492703,0,1,1,Thursday,June,Q2,0,0,Summer,Cloudy,0,1706.243951244471,108.2330855497538,Online,Wholesale,6821.54956428902,None,2.0,1.0,52.0,39.0,39.214285714285715,39.36666666666667
2025-06-26,P003,Furniture,S03,27,4736.453588806563,1,1,1,Thursday,June,Q2,0,0,Summer,Cloudy,0,4653.497158499041,105.4021228626678,In-Store,Wholesale,5968.275156530029,None,6.0,73.0,4.0,34.142857142857146,25.5,28.666666666666668
2025-06-26,P004,Stationery,S01,4,3178.19,0,0,0,Thursday,June,Q2,0,0,Summer,Cloudy,0,2930.91,100.48,Wholesale,Retail,182.79,None,71.0,93.0,5.0,29.857142857142858,23.571428571428573,30.666666666666668
2025-06-26,P008,Appliances,S03,70,252.6454035278371,0,1,1,Thursday,June,Q2,0,0,Summer,Clear,0,252.651256232119,103.4026153880466,Online,Corporate,9349.15964417403,None,12.0,82.0,30.0,45.714285714285715,38.714285714285715,43.233333333333334
2025-06-27,P003,Furniture,S01,78,2891.64,20,1,1,Friday,June,Q2,0,0,Summer,Rainy,0,2740.48,96.7,In-Store,Wholesale,9421.91,None,52.0,97.0,22.0,46.857142857142854,39.0,41.1
2025-06-28,P005,Home,S04,86,289.6016695371957,7,1,1,Saturday,June,Q2,0,1,Summer,Sunny,0,309.1838154039571,99.10273382314952,Wholesale,Corporate,9374.129921759632,None,43.0,19.0,30.0,30.857142857142858,41.5,45.13333333333333
2025-06-28,P002,Electronics,S04,52,1860.993944178571,0,1,1,Saturday,June,Q2,0,1,Summer,Sunny,0,1770.261148013633,104.9391298396935,Wholesale,Retail,8823.156962550844,None,20.0,99.0,52.0,38.285714285714285,44.57142857142857,41.53333333333333
2025-06-28,P004,Stationery,S02,38,1738.23,0,1,1,Saturday,June,Q2,0,1,Summer,Sunny,0,1694.01,101.79,Wholesale,Wholesale,8380.82,None,37.0,35.0,65.0,51.42857142857143,49.714285714285715,43.766666666666666
2025-06-29,P002,Electronics,S01,37,4029.760478020159,10,1,1,Sunday,June,Q2,0,1,Summer,Cloudy,0,3785.04650160277,97.13883347703408,Wholesale,Corporate,5950.907541604874,None,68.0,32.0,46.0,43.0,40.285714285714285,39.43333333333333
2025-06-29,P008,Appliances,S03,30,2369.5,0,0,1,Sunday,June,Q2,0,1,Summer,Stormy,0,2170.54,108.47,In-Store,Retail,54.68,None,70.0,79.0,43.0,44.0,41.57142857142857,44.06666666666667
2025-06-29,P001,Electronics,S01,83,2358.437967946519,20,1,1,Sunday,June,Q2,0,1,Summer,Rainy,1,2395.216059342492,109.7451762501581,Online,Wholesale,4358.014166999682,None,38.0,83.0,29.0,38.714285714285715,44.785714285714285,43.9
2025-06-29,P004,Stationery,S02,37,4585.366721265992,2,1,1,Sunday,June,Q2,0,1,Summer,Sunny,0,4794.362545103125,102.1984498771931,In-Store,Wholesale,4723.091775148015,None,38.0,76.0,35.0,51.857142857142854,47.785714285714285,42.56666666666667
2025-06-30,P001,Electronics,S01,41,3764.228993248443,0,1,1,Monday,June,Q2,0,0,Summer,Cloudy,1,3804.049607487164,103.846453079614,Wholesale,Retail,2919.948889841243,None,83.0,41.0,75.0,38.714285714285715,48.642857142857146,45.166666666666664
2025-06-30,P002,Electronics,S01,106,2646.302391301538,19,1,1,Monday,June,Q2,0,0,Summer,Clear,1,2718.22787120066,99.23354054563995,Online,Corporate,1297.422633814305,None,37.0,0.0,1.0,43.714285714285715,39.642857142857146,39.46666666666667
2025-06-30,P007,Sports,S04,21,2555.067631615879,0,0,1,Monday,June,Q2,0,0,Summer,Cloudy,0,2426.351305991973,102.825930301654,Online,Corporate,105.4907583305222,None,61.0,94.0,59.0,49.714285714285715,52.0,45.233333333333334
2025-06-30,P005,Home,S01,54,3545.99,5,1,1,Monday,June,Q2,0,0,Summer,Rainy,1,3866.62,95.34,In-Store,Wholesale,5643.63,None,58.0,5.0,45.0,31.0,27.928571428571427,35.766666666666666
2025-06-30,P005,Home,S04,33,1585.230798769557,4,0,1,Monday,June,Q2,0,0,Summer,Rainy,0,1633.408102614823,98.74816956936796,In-Store,Corporate,318.9902220187996,None,86.0,3.0,72.0,40.42857142857143,45.5,45.3
2025-07-01,P003,Furniture,S04,52,1864.16,5,1,1,Tuesday,July,Q3,0,0,Summer,Cloudy,0,1701.21,108.08,Online,Wholesale,6624.38,None,50.0,70.0,56.0,46.0,39.07142857142857,41.0
2025-07-01,P005,Home,S02,59,2913.745713854225,12,1,1,Tuesday,July,Q3,0,0,Summer,Clear,0,2830.990961139687,106.5891704934946,Wholesale,Wholesale,1548.599023027495,None,7.0,85.0,57.0,43.57142857142857,31.214285714285715,45.1
2025-07-02,P007,Sports,S02,61,1233.154848513309,13,1,1,Wednesday,July,Q3,0,0,Summer,Rainy,0,1199.920540665119,101.9789311912002,Online,Wholesale,4395.786759541586,None,9.0,58.0,28.0,40.42857142857143,48.285714285714285,37.8
2025-07-02,P006,Apparel,S02,54,747.4291840139775,6,1,1,Wednesday,July,Q3,0,0,Summer,Cloudy,0,777.3076522489589,101.78273105598,In-Store,Wholesale,9182.24192281447,None,71.0,67.0,46.0,61.714285714285715,49.42857142857143,44.13333333333333
2025-07-02,P007,Sports,S03,76,3347.65,20,1,1,Wednesday,July,Q3,0,0,Summer,Stormy,1,3458.7,102.95,Wholesale,Corporate,4851.07,None,7.0,74.0,63.0,46.57142857142857,50.07142857142857,51.833333333333336
2025-07-03,P003,Furniture,S03,35,1024.34,0,0,1,Thursday,July,Q3,0,0,Summer,Cloudy,0,1079.6,95.71,In-Store,Corporate,227.96,None,27.0,25.0,1.0,27.571428571428573,27.142857142857142,27.633333333333333
2025-07-03,P007,Sports,S04,4,416.9721165723837,0,0,0,Thursday,July,Q3,0,0,Summer,Rainy,0,445.0524401304141,98.05185926637323,Wholesale,Retail,294.9200534357101,None,21.0,71.0,37.0,39.285714285714285,49.285714285714285,44.766666666666666
2025-07-03,P007,Sports,S03,81,1105.171366973901,14,1,1,Thursday,July,Q3,0,0,Summer,Clear,1,1022.768134122425,94.70401110198718,Wholesale,Retail,7184.634515512849,None,76.0,32.0,0.0,46.857142857142854,51.0,52.4
2025-07-04,P003,Furniture,S02,15,3616.7,0,0,1,Friday,July,Q3,0,0,Summer,Rainy,0,3427.12,95.62,In-Store,Wholesale,63.24,None,57.0,3.0,97.0,24.428571428571427,36.142857142857146,45.4
2025-07-04,P007,Sports,S03,55,4156.836253079974,18,1,1,Friday,July,Q3,0,0,Summer,Cloudy,1,3941.927357593609,98.29440622302553,Online,Retail,580.0728461299335,None,81.0,29.0,70.0,53.857142857142854,56.785714285714285,52.3
2025-07-05,P005,Home,S03,78,1085.58,10,1,1,Saturday,July,Q3,0,1,Summer,Cloudy,0,1009.14,101.73,Online,Wholesale,3364.82,None,37.0,1.0,3.0,14.571428571428571,37.0,39.766666666666666
2025-07-05,P007,Sports,S03,36,4685.93233399531,21,1,1,Saturday,July,Q3,0,1,Summer,Rainy,0,4781.681915986295,107.4083932802061,Wholesale,Corporate,9290.659707464376,None,55.0,45.0,76.0,57.57142857142857,55.714285714285715,51.46666666666667
2025-07-05,P003,Furniture,S02,72,4447.746243093829,19,1,1,Saturday,July,Q3,0,1,Summer,Cloudy,1,4226.932107970404,97.76166620413316,Online,Corporate,9392.99702105103,None,15.0,40.0,61.0,26.142857142857142,30.285714285714285,43.5
2025-07-06,P001,Electronics,S04,68,4669.13,20,1,1,Sunday,July,Q3,0,1,Summer,Stormy,0,4347.94,109.55,Wholesale,Wholesale,3647.17,None,4.0,60.0,60.0,45.285714285714285,47.357142857142854,46.4
2025-07-06,P004,Stationery,S02,63,630.6970206065142,1,1,1,Sunday,July,Q3,0,1,Summer,Sunny,0,672.2925518447136,105.1551568535096,Online,Retail,9170.801733212349,None,37.0,47.0,38.0,46.285714285714285,47.92857142857143,42.6
2025-07-06,P005,Home,S04,40,2531.67161812685,3,1,1,Sunday,July,Q3,0,1,Summer,Sunny,0,2357.762176169575,96.84284335375493,In-Store,Corporate,6992.687307874205,None,33.0,0.0,64.0,44.714285714285715,42.714285714285715,45.9
2025-07-06,P003,Furniture,S03,38,490.7820613948048,0,0,1,Sunday,July,Q3,0,1,Summer,Clear,0,537.9945061812855,100.5645510377786,Wholesale,Corporate,764.7936573765135,None,35.0,46.0,36.0,29.0,29.571428571428573,25.866666666666667
2025-07-06,P003,Furniture,S03,40,3498.253515984567,11,1,1,Sunday,July,Q3,0,1,Summer,Stormy,0,3615.500334015776,103.5798101772619,Online,Corporate,932.0733027076737,None,38.0,30.0,38.0,27.857142857142858,29.714285714285715,25.566666666666666
2025-07-06,P006,Apparel,S02,56,3396.275963750341,19,1,1,Sunday,July,Q3,0,1,Summer,Clear,0,3646.622078105257,103.327787990864,In-Store,Wholesale,3497.087376279473,None,54.0,28.0,51.0,59.857142857142854,50.0,45.9
2025-07-07,P003,Furniture,S02,41,2517.120714637791,1,1,1,Monday,July,Q3,0,0,Summer,Clear,0,2534.563748154182,109.8032447724352,Wholesale,Retail,2902.36689593848,None,72.0,1.0,75.0,30.714285714285715,31.071428571428573,42.56666666666667
2025-07-07,P001,Electronics,S02,13,2998.147713166239,3,0,1,Monday,July,Q3,0,0,Summer,Sunny,0,3017.946419839243,101.3321623084101,Wholesale,Retail,0.0,None,13.0,49.0,18.0,27.714285714285715,24.428571428571427,44.56666666666667
2025-07-07,P008,Appliances,S01,70,873.9171815243899,6,1,1,Monday,July,Q3,0,0,Summer,Cloudy,0,857.0755636048125,107.730330468141,In-Store,Corporate,1177.028979021964,None,41.0,42.0,2.0,37.857142857142854,41.285714285714285,46.166666666666664
2025-07-07,P005,Home,S04,2,4500.69,20,1,0,Monday,July,Q3,0,0,Summer,Rainy,1,4706.41,108.83,In-Store,Wholesale,1567.0,None,40.0,7.0,76.0,50.42857142857143,41.0,46.266666666666666
2025-07-08,P005,Home,S02,4,743.106033803667,17,1,0,Tuesday,July,Q3,0,0,Summer,Sunny,1,735.1075248426248,103.1474254718861,In-Store,Wholesale,1631.288412158551,None,59.0,61.0,1.0,39.857142857142854,31.357142857142858,47.06666666666667
2025-07-08,P008,Appliances,S01,74,869.23,10,1,1,Tuesday,July,Q3,0,0,Summer,Cloudy,0,852.13,107.61,In-Store,Corporate,1378.57,None,70.0,44.0,42.0,41.857142857142854,46.142857142857146,47.0
2025-07-08,P001,Electronics,S04,45,2679.006191531173,7,1,1,Tuesday,July,Q3,0,0,Summer,Sunny,0,2425.148343444621,105.9935377909469,Wholesale,Retail,9180.379494306466,None,68.0,65.0,11.0,46.42857142857143,47.92857142857143,47.3
2025-07-09,P001,Electronics,S02,17,3000.47,0,0,1,Wednesday,July,Q3,0,0,Summer,Sunny,0,3023.52,101.68,Wholesale,Retail,487.92,None,13.0,1.0,12.0,22.571428571428573,24.071428571428573,42.56666666666667
2025-07-09,P008,Appliances,S04,38,1303.488915873303,4,0,1,Wednesday,July,Q3,0,0,Summer,Clear,0,1322.945070868443,99.51729342931988,Wholesale,Corporate,481.8761060143682,None,74.0,98.0,4.0,60.0,44.57142857142857,46.53333333333333
2025-07-10,P004,Stationery,S02,68,763.8737833008914,11,1,1,Thursday,July,Q3,0,0,Summer,Clear,0,811.0424764884909,110.2939489635322,Wholesale,Retail,5070.479880137302,None,63.0,31.0,36.0,48.57142857142857,49.714285714285715,43.166666666666664
2025-07-10,P004,Stationery,S01,76,3454.403627937724,15,1,1,Thursday,July,Q3,0,0,Summer,Rainy,0,3321.579481456677,96.4008768614366,Wholesale,Wholesale,3702.266383688192,None,4.0,3.0,86.0,17.142857142857142,23.5,28.4
2025-07-10,P007,Sports,S02,0,2554.23,10,1,0,Thursday,July,Q3,0,0,Summer,Clear,0,2762.88,100.42,Online,Wholesale,8611.14,None,61.0,1.0,88.0,40.857142857142854,50.642857142857146,39.8
2025-07-11,P001,Electronics,S01,15,3494.964206584287,2,0,1,Friday,July,Q3,0,0,Summer,Cloudy,0,3813.154962688824,103.7455899207506,Wholesale,Corporate,8.773730990385957,None,41.0,45.0,71.0,38.714285714285715,46.214285714285715,44.166666666666664
2025-07-11,P006,Apparel,S04,17,3571.543888055036,0,0,1,Friday,July,Q3,0,0,Summer,Cloudy,1,3236.180290965821,101.6342666028073,In-Store,Wholesale,545.1232739058239,None,27.0,4.0,7.0,29.142857142857142,32.07142857142857,33.766666666666666
2025-07-11,P006,Apparel,S04,27,1989.59,0,0,1,Friday,July,Q3,0,0,Summer,Cloudy,0,2138.53,96.31,Wholesale,Corporate,370.76,None,17.0,22.0,64.0,28.428571428571427,34.714285714285715,34.56666666666667
2025-07-12,P007,Sports,S01,58,1314.223010665149,1,1,1,Saturday,July,Q3,0,1,Summer,Cloudy,1,1351.730242996606,106.7736727887469,Wholesale,Corporate,4095.733809728869,None,41.0,1.0,70.0,33.285714285714285,49.285714285714285,44.96666666666667
2025-07-12,P002,Electronics,S01,1,3756.134046868556,0,0,1,Saturday,July,Q3,0,1,Summer,Sunny,0,3889.203747858149,96.55096279832789,In-Store,Corporate,153.8603413710059,None,106.0,105.0,20.0,58.857142857142854,47.142857142857146,42.1
2025-07-12,P005,Home,S01,8,1570.492644928481,0,0,0,Saturday,July,Q3,0,1,Summer,Sunny,0,1499.101684028749,104.5506038482602,In-Store,Corporate,242.6207057935812,None,54.0,24.0,8.0,38.0,28.571428571428573,37.3
2025-07-12,P007,Sports,S04,92,1585.44,20,1,1,Saturday,July,Q3,0,1,Summer,Stormy,0,1691.83,103.97,Online,Retail,3380.7,None,4.0,0.0,41.0,29.714285714285715,46.92857142857143,42.46666666666667
2025-07-12,P007,Sports,S03,76,2572.696154664096,16,1,1,Saturday,July,Q3,0,1,Summer,Sunny,0,2736.607350330974,108.4530404780921,Wholesale,Retail,7398.936203224155,None,36.0,94.0,91.0,56.285714285714285,52.857142857142854,50.46666666666667
2025-07-12,P008,Appliances,S04,87,1168.163213504837,10,1,1,Saturday,July,Q3,0,1,Summer,Stormy,1,1111.552714800774,99.70714497338248,Wholesale,Wholesale,483.7734516367892,None,38.0,77.0,4.0,51.42857142857143,47.0,44.93333333333333
2025-07-12,P002,Electronics,S03,10,4246.002941777682,14,1,0,Saturday,July,Q3,0,1,Summer,Sunny,0,4611.97135832726,96.20763968309295,Online,Corporate,690.1065367882538,None,2.0,37.0,1.0,38.0,26.785714285714285,28.8
2025-07-13,P006,Apparel,S01,40,4679.13,10,1,1,Sunday,July,Q3,0,1,Summer,Sunny,0,4594.4,108.72,In-Store,Retail,5780.23,None,44.0,20.0,1.0,44.0,43.5,46.5
2025-07-13,P006,Apparel,S04,1,1631.220749548352,10,1,0,Sunday,July,Q3,0,1,Summer,Sunny,0,1509.480758676811,97.30453340257323,Online,Corporate,5448.620614707983,None,17.0,28.0,32.0,31.0,32.785714285714285,34.3
2025-07-14,P003,Furniture,S02,64,1092.83,5,1,1,Monday,July,Q3,0,0,Summer,Clear,0,992.78,107.39,Wholesale,Corporate,5193.95,None,41.0,1.0,81.0,36.42857142857143,28.642857142857142,41.43333333333333
2025-07-15,P004,Stationery,S02,4,4910.931384520272,0,0,1,Tuesday,July,Q3,0,0,Summer,Clear,0,5178.23842182625,102.0970348064435,Online,Corporate,783.279790585136,None,68.0,69.0,59.0,53.857142857142854,52.0,44.3
2025-07-15,P008,Appliances,S02,43,3748.745287144425,2,0,1,Tuesday,July,Q3,0,0,Summer,Sunny,1,3856.437715855097,97.96681002077855,In-Store,Wholesale,334.7932442485456,None,60.0,68.0,1.0,44.142857142857146,46.57142857142857,38.6
2025-07-15,P007,Sports,S02,43,4990.194449453604,14,1,1,Tuesday,July,Q3,0,0,Summer,Clear,0,4802.866703631622,105.9286223266829,Online,Retail,4162.004171306168,None,0.0,40.0,25.0,40.714285714285715,44.357142857142854,38.333333333333336
2025-07-15,P008,Appliances,S02,63,328.83,0,0,1,Tuesday,July,Q3,0,0,Summer,Cloudy,0,304.11,104.99,In-Store,Corporate,89.69,None,43.0,45.0,78.0,40.57142857142857,49.57142857142857,40.03333333333333
2025-07-16,P006,Apparel,S02,24,3227.501692060099,0,0,1,Wednesday,July,Q3,0,0,Summer,Stormy,0,3031.811054196707,108.3511668331947,Wholesale,Retail,827.7071078765019,None,56.0,100.0,1.0,63.857142857142854,50.357142857142854,47.0
2025-07-16,P004,Stationery,S01,64,772.9,0,1,1,Wednesday,July,Q3,0,0,Summer,Clear,0,785.43,103.48,In-Store,Wholesale,7016.17,None,76.0,1.0,1.0,27.571428571428573,22.785714285714285,30.666666666666668
2025-07-16,P008,Appliances,S03,7,4371.816859893945,6,1,0,Wednesday,July,Q3,0,0,Summer,Rainy,0,4392.286329031721,101.9932938171441,In-Store,Wholesale,3539.743938374436,None,30.0,41.0,29.0,37.0,40.642857142857146,42.733333333333334
2025-07-17,P005,Home,S01,2,1572.799139439631,0,0,0,Thursday,July,Q3,0,0,Summer,Sunny,0,1503.92840368035,104.6217811836567,In-Store,Corporate,290.9215962564647,None,8.0,50.0,8.0,35.714285714285715,28.571428571428573,36.1
2025-07-17,P002,Electronics,S03,51,2660.12,10,1,1,Thursday,July,Q3,0,0,Summer,Cloudy,0,2703.56,97.19,In-Store,Wholesale,1787.23,None,10.0,13.0,81.0,34.142857142857146,27.428571428571427,29.1
2025-07-17,P007,Sports,S03,80,3134.496390643113,16,1,1,Thursday,July,Q3,0,0,Summer,Stormy,0,2890.733464174082,101.5610613713049,Online,Retail,2581.632434440447,None,76.0,45.0,39.0,53.714285714285715,51.785714285714285,52.7
2025-07-18,P001,Electronics,S01,87,1803.067220332475,0,1,1,Friday,July,Q3,0,0,Summer,Clear,1,1865.556932000179,107.088020361601,Online,Corporate,4824.142997202218,None,66.0,40.0,53.0,40.57142857142857,42.07142857142857,42.03333333333333
2025-07-18,P001,Electronics,S01,66,4099.51994190306,17,1,1,Friday,July,Q3,0,0,Summer,Cloudy,0,4355.673034696382,99.39856166244522,Wholesale,Retail,1005.00629364779,None,15.0,23.0,68.0,34.42857142857143,42.214285714285715,42.36666666666667
2025-07-18,P003,Furniture,S01,67,1508.82,5,1,1,Friday,July,Q3,0,0,Summer,Sunny,0,1445.95,104.58,Online,Wholesale,2341.24,None,78.0,15.0,47.0,44.142857142857146,43.0,42.3
2025-07-19,P008,Appliances,S02,33,3148.415230548501,0,1,1,Saturday,July,Q3,0,1,Summer,Sunny,0,3165.78193291746,96.46594272330177,Online,Retail,8555.31561183284,None,63.0,1.0,48.0,43.142857142857146,48.5,40.96666666666667
2025-07-19,P003,Furniture,S01,26,3074.06,0,0,1,Saturday,July,Q3,0,1,Summer,Cloudy,0,3188.07,105.33,Online,Wholesale,290.02,None,67.0,59.0,35.0,51.57142857142857,44.42857142857143,41.6
2025-07-19,P008,Appliances,S01,72,867.30221559685,6,1,1,Saturday,July,Q3,0,1,Summer,Cloudy,0,847.847713618947,108.0007539502631,In-Store,Corporate,917.9052371946841,None,74.0,42.0,57.0,46.142857142857146,48.42857142857143,47.63333333333333
2025-07-19,P004,Stationery,S04,28,3475.167438901584,5,1,1,Saturday,July,Q3,0,1,Summer,Cloudy,0,3502.820865540853,101.6127266081569,In-Store,Corporate,4469.189620880888,None,63.0,1.0,80.0,27.142857142857142,30.214285714285715,34.8
2025-07-20,P003,Furniture,S01,35,857.36,0,0,1,Sunday,July,Q3,0,1,Summer,Stormy,0,929.53,97.45,Online,Retail,251.69,None,26.0,18.0,24.0,46.857142857142854,43.785714285714285,42.2
2025-07-21,P001,Electronics,S01,72,4105.917555788608,23,1,1,Monday,July,Q3,0,0,Summer,Cloudy,0,4349.367416594716,99.82592833403174,Wholesale,Retail,1656.807382472592,None,87.0,1.0,41.0,47.285714285714285,44.5,44.9
2025-07-21,P003,Furniture,S01,78,2896.905536552775,18,1,1,Monday,July,Q3,0,0,Summer,Rainy,0,2750.437039958274,97.03744794501367,In-Store,Wholesale,9817.823345411356,None,35.0,59.0,37.0,49.285714285714285,44.57142857142857,41.333333333333336
2025-07-21,P004,Stationery,S01,20,2203.26,0,0,1,Monday,July,Q3,0,0,Summer,Sunny,0,2136.37,105.37,Online,Corporate,444.86,None,64.0,36.0,0.0,36.57142857142857,27.285714285714285,31.233333333333334
2025-07-21,P007,Sports,S04,67,2876.971308674893,6,1,1,Monday,July,Q3,0,0,Summer,Sunny,0,2646.562631229202,106.9107785936006,Online,Retail,830.8596335853541,None,92.0,2.0,56.0,42.857142857142854,50.57142857142857,44.56666666666667
2025-07-22,P005,Home,S01,50,4527.951468572073,14,1,1,Tuesday,July,Q3,0,0,Summer,Stormy,0,4556.938197116316,102.3643939373647,Wholesale,Corporate,4906.730671512721,None,2.0,5.0,34.0,28.857142857142858,28.142857142857142,34.46666666666667
2025-07-22,P006,Apparel,S02,0,3607.5,0,0,1,Tuesday,July,Q3,0,0,Summer,Rainy,0,3743.18,99.61,Online,Retail,490.55,None,24.0,26.0,47.0,53.0,52.0,47.766666666666666
2025-07-23,P007,Sports,S01,86,573.13,20,1,1,Wednesday,July,Q3,0,0,Summer,Stormy,0,538.32,95.49,Wholesale,Wholesale,6135.17,None,58.0,49.0,84.0,41.42857142857143,48.42857142857143,44.766666666666666
2025-07-23,P007,Sports,S03,87,2057.197610589203,23,1,1,Wednesday,July,Q3,0,0,Summer,Sunny,0,2009.349056082098,97.59998693289832,Online,Retail,7920.859130578654,None,82.0,76.0,74.0,69.42857142857143,58.0,53.43333333333333
2025-07-23,P005,Home,S02,64,1049.617142216935,0,1,1,Wednesday,July,Q3,0,0,Summer,Cloudy,0,1132.463587395092,104.2620077406757,In-Store,Corporate,1548.176792143802,None,4.0,49.0,35.0,31.714285714285715,31.571428571428573,45.53333333333333
2025-07-23,P007,Sports,S03,82,1111.904039035705,15,1,1,Wednesday,July,Q3,0,0,Summer,Clear,1,1030.301564805343,95.59302949841073,Wholesale,Retail,7203.770855351339,None,80.0,7.0,36.0,58.714285714285715,54.714285714285715,52.63333333333333
2025-07-23,P002,Electronics,S04,48,1856.347864022816,0,1,1,Wednesday,July,Q3,0,0,Summer,Sunny,0,1767.622134340296,105.0667500793508,Wholesale,Retail,9247.224118948683,None,52.0,37.0,42.0,31.571428571428573,44.57142857142857,41.733333333333334
2025-07-23,P005,Home,S04,40,2539.568803061778,5,1,1,Wednesday,July,Q3,0,0,Summer,Sunny,0,2359.995320889893,97.25343874606051,In-Store,Corporate,6989.864546725567,None,2.0,60.0,46.0,49.714285714285715,35.714285714285715,43.06666666666667
2025-07-23,P008,Appliances,S03,43,3557.277690401689,7,1,1,Wednesday,July,Q3,0,0,Summer,Cloudy,0,3323.164275929104,109.2916170177113,Online,Retail,10095.70241532092,None,7.0,7.0,16.0,32.142857142857146,39.07142857142857,41.9
2025-07-24,P008,Appliances,S01,5,4560.94,0,0,1,Thursday,July,Q3,0,0,Summer,Sunny,0,4818.52,108.8,Online,Wholesale,450.59,None,72.0,51.0,48.0,50.42857142857143,49.5,49.96666666666667
2025-07-24,P008,Appliances,S03,38,3901.17411557452,19,1,1,Thursday,July,Q3,0,0,Summer,Cloudy,0,4115.003346650931,98.67001529585463,Online,Corporate,4296.144771215933,None,43.0,13.0,53.0,37.285714285714285,41.0,43.2
2025-07-24,P005,Home,S01,68,1546.340619037599,5,1,1,Thursday,July,Q3,0,0,Summer,Stormy,0,1544.250916044269,103.3908806719315,Online,Wholesale,4241.082325563774,None,50.0,23.0,4.0,35.285714285714285,29.285714285714285,36.0
2025-07-24,P005,Home,S02,86,1637.377517791515,23,1,1,Thursday,July,Q3,0,0,Summer,Sunny,1,1745.280274630426,97.576916310981,Online,Retail,5536.570143852507,None,64.0,71.0,2.0,33.857142857142854,33.642857142857146,45.3
2025-07-25,P003,Furniture,S03,13,340.44,0,0,0,Friday,July,Q3,0,0,Summer,Cloudy,0,317.33,102.51,Wholesale,Wholesale,120.91,None,40.0,39.0,1.0,29.285714285714285,29.857142857142858,24.533333333333335
2025-07-25,P005,Home,S03,29,3780.081185290174,2,1,1,Friday,July,Q3,0,0,Summer,Stormy,0,3855.258360605804,109.9139432353025,In-Store,Wholesale,7006.563035250569,None,78.0,0.0,5.0,25.571428571428573,42.357142857142854,40.3
2025-07-26,P004,Stationery,S03,70,958.1948442333918,3,0,1,Saturday,July,Q3,0,1,Summer,Stormy,1,850.5504521348603,108.3381676157194,Online,Corporate,0.0,None,61.0,73.0,2.0,55.142857142857146,48.714285714285715,52.733333333333334
2025-07-26,P007,Sports,S02,89,906.5209909172128,16,1,1,Saturday,July,Q3,0,1,Summer,Stormy,0,843.6022136709878,102.7296063205297,Wholesale,Wholesale,5613.92312885652,None,43.0,65.0,67.0,41.142857142857146,45.642857142857146,36.9
2025-07-26,P002,Electronics,S01,66,4134.02,20,1,1,Saturday,July,Q3,0,1,Summer,Clear,0,4312.45,109.46,Online,Wholesale,541.12,None,1.0,58.0,71.0,44.0,45.785714285714285,40.5
2025-07-26,P005,Home,S01,2,1581.884194766177,3,0,0,Saturday,July,Q3,0,1,Summer,Sunny,0,1492.776766418145,103.9544212671087,In-Store,Corporate,252.6723449498233,None,68.0,52.0,9.0,41.714285714285715,33.857142857142854,36.8
2025-07-26,P003,Furniture,S04,62,4784.510671129698,18,1,1,Saturday,July,Q3,0,1,Summer,Sunny,1,4362.183686169157,99.15086834765022,Online,Retail,9226.932357520544,None,52.0,65.0,2.0,43.42857142857143,38.785714285714285,42.7
2025-07-27,P004,Stationery,S03,4,1066.143851034506,0,0,0,Sunday,July,Q3,0,1,Summer,Clear,0,1075.703725642805,109.3244608323769,Wholesale,Wholesale,285.7121876997916,None,70.0,69.0,9.0,54.714285714285715,53.57142857142857,52.46666666666667
2025-07-27,P008,Appliances,S01,1,213.670173297917,2,1,0,Sunday,July,Q3,0,1,Summer,Cloudy,0,183.5759509488875,109.449698250211,In-Store,Corporate,6317.0584192694,None,5.0,45.0,49.0,43.857142857142854,46.42857142857143,46.93333333333333
2025-07-27,P008,Appliances,S03,78,2422.576967375963,17,1,1,Sunday,July,Q3,0,1,Summer,Cloudy,0,2601.864375344138,109.7372461279107,Online,Corporate,7751.221443374647,None,38.0,86.0,2.0,40.857142857142854,39.92857142857143,43.233333333333334
2025-07-27,P006,Apparel,S03,3,529.5314440061445,23,1,0,Sunday,July,Q3,0,1,Summer,Stormy,0,482.6504758898858,106.7853067455922,Wholesale,Corporate,4814.120528621739,None,55.0,53.0,39.0,42.142857142857146,40.714285714285715,40.333333333333336
2025-07-27,P002,Electronics,S02,69,4618.29,20,1,1,Sunday,July,Q3,0,1,Summer,Cloudy,1,4327.45,105.1,Online,Retail,8430.05,None,3.0,37.0,64.0,30.0,39.142857142857146,37.8
2025-07-28,P007,Sports,S03,73,3353.064572306132,20,1,1,Monday,July,Q3,0,0,Summer,Stormy,1,3449.249703896587,102.7236955159664,Wholesale,Corporate,4620.415879061104,None,87.0,81.0,32.0,71.0,58.92857142857143,54.233333333333334
2025-07-28,P007,Sports,S04,59,1228.52,0,1,1,Monday,July,Q3,0,0,Summer,Cloudy,0,1220.14,102.8,In-Store,Corporate,7194.94,None,67.0,61.0,29.0,52.142857142857146,51.357142857142854,44.666666666666664
2025-07-28,P003,Furniture,S04,55,4183.944387658163,9,1,1,Monday,July,Q3,0,0,Summer,Clear,0,3913.12645453771,103.7682734367443,Wholesale,Wholesale,1506.905946994079,None,62.0,0.0,80.0,43.0,43.07142857142857,41.266666666666666
2025-07-29,P004,Stationery,S04,1,2193.799117048438,0,0,0,Tuesday,July,Q3,0,0,Summer,Rainy,0,2246.72002687804,105.7155691336706,In-Store,Retail,296.7699073812875,None,28.0,31.0,3.0,31.0,26.5,35.733333333333334
2025-07-29,P006,Apparel,S02,53,3407.461741318662,17,1,1,Tuesday,July,Q3,0,0,Summer,Clear,0,3652.632139024719,103.5160734688275,In-Store,Wholesale,3374.304158048796,None,0.0,74.0,43.0,49.285714285714285,48.642857142857146,46.266666666666666
2025-07-29,P001,Electronics,S01,42,1774.95,0,1,1,Tuesday,July,Q3,0,0,Summer,Stormy,1,1858.79,105.31,In-Store,Retail,5762.2,None,72.0,38.0,19.0,57.42857142857143,46.714285714285715,44.833333333333336
2025-07-30,P005,Home,S04,56,1106.17,0,1,1,Wednesday,July,Q3,0,0,Summer,Rainy,0,1216.5,102.37,Online,Corporate,4661.55,None,40.0,84.0,44.0,46.857142857142854,35.285714285714285,42.4
2025-07-30,P003,Furniture,S03,23,3470.78741997595,2,0,1,Wednesday,July,Q3,0,0,Summer,Rainy,1,3159.377598155341,107.4184442224616,Online,Wholesale,275.734004988871,None,13.0,20.0,1.0,25.571428571428573,30.714285714285715,23.633333333333333
2025-07-30,P002,Electronics,S04,31,1718.120040550703,3,0,1,Wednesday,July,Q3,0,0,Summer,Stormy,1,1583.261410250001,100.7884273718861,In-Store,Retail,392.0396585058818,None,48.0,9.0,24.0,33.142857142857146,45.0,42.13333333333333
2025-07-30,P004,Stationery,S02,38,3473.060304560859,7,1,1,Wednesday,July,Q3,0,0,Summer,Stormy,0,3437.638887567456,99.38660941864768,Wholesale,Retail,8662.104948008076,None,4.0,65.0,74.0,44.57142857142857,48.07142857142857,43.3
2025-07-30,P003,Furniture,S01,91,831.260038241222,14,1,1,Wednesday,July,Q3,0,0,Summer,Rainy,0,815.6303386009465,103.4539444255068,Wholesale,Wholesale,4562.802322000123,None,78.0,28.0,8.0,52.0,47.5,41.56666666666667
2025-07-31,P003,Furniture,S02,2,4637.020777702298,0,0,1,Thursday,July,Q3,0,0,Summer,Sunny,0,5013.170201113914,103.7820648276107,Online,Wholesale,79.43304953957966,None,64.0,69.0,15.0,45.42857142857143,27.428571428571427,41.53333333333333
2025-07-31,P004,Stationery,S04,2,4094.431997680303,4,0,1,Thursday,July,Q3,0,0,Summer,Sunny,0,3710.887339500777,108.4463507165628,In-Store,Wholesale,409.0856613888835,None,1.0,4.0,16.0,26.714285714285715,26.357142857142858,32.46666666666667
2025-07-31,P002,Electronics,S02,47,2795.839674040279,2,1,1,Thursday,July,Q3,0,0,Summer,Clear,0,3030.442708988501,105.7324547452574,Online,Retail,1611.162310393891,None,69.0,1.0,46.0,34.57142857142857,39.5,38.36666666666667
2025-07-31,P005,Home,S04,75,3143.46442288454,17,1,1,Thursday,July,Q3,0,0,Summer,Stormy,0,2948.16870081198,103.8286431874372,In-Store,Corporate,4290.574698567472,None,56.0,43.0,33.0,42.857142857142854,36.142857142857146,42.06666666666667
2025-07-31,P002,Electronics,S01,6,888.16,5,1,0,Thursday,July,Q3,0,0,Summer,Sunny,0,810.84,109.63,In-Store,Retail,6152.13,None,66.0,37.0,71.0,45.142857142857146,45.42857142857143,42.666666666666664
2025-08-01,P007,Sports,S01,59,1317.77,5,1,1,Friday,August,Q3,0,0,Summer,Cloudy,1,1342.45,106.34,Wholesale,Corporate,3882.92,None,86.0,86.0,58.0,46.714285714285715,48.57142857142857,45.53333333333333
2025-08-02,P002,Electronics,S02,40,4577.148255210799,18,1,1,Saturday,August,Q3,0,1,Summer,Stormy,0,4859.154428562127,99.24728285242196,Wholesale,Retail,5278.241649545058,None,47.0,51.0,18.0,41.142857142857146,39.57142857142857,37.56666666666667
2025-08-02,P006,Apparel,S04,53,842.6897183373349,0,1,1,Saturday,August,Q3,0,1,Summer,Cloudy,0,810.8392869083057,109.9619382585366,In-Store,Corporate,7213.548439823088,None,1.0,15.0,29.0,27.142857142857142,30.571428571428573,34.233333333333334
2025-08-02,P007,Sports,S04,58,2654.79,0,1,1,Saturday,August,Q3,0,1,Summer,Sunny,0,2649.13,98.46,Online,Retail,1446.23,None,59.0,59.0,64.0,51.857142857142854,53.5,45.233333333333334
2025-08-02,P001,Electronics,S02,97,1134.573716230916,24,1,1,Saturday,August,Q3,0,1,Summer,Sunny,0,1028.957671707584,95.5219913948183,In-Store,Wholesale,2871.010352641254,None,17.0,31.0,38.0,24.857142857142858,24.428571428571427,43.1
2025-08-02,P004,Stationery,S04,74,2651.278707753018,12,1,1,Saturday,August,Q3,0,1,Summer,Sunny,0,2408.50611757841,101.9272309760873,In-Store,Retail,5132.11982757451,None,2.0,1.0,64.0,26.428571428571427,25.357142857142858,31.5
2025-08-02,P003,Furniture,S01,56,3070.850903534024,14,1,1,Saturday,August,Q3,0,1,Summer,Clear,0,3143.100289905703,106.4912555895359,In-Store,Corporate,1036.200349830244,None,91.0,52.0,45.0,61.0,53.42857142857143,44.56666666666667
2025-08-03,P001,Electronics,S01,74,2377.27019675119,15,1,1,Sunday,August,Q3,0,1,Summer,Rainy,1,2394.13041733868,109.8381375357125,Online,Wholesale,4026.489043088924,None,42.0,83.0,83.0,58.0,48.357142857142854,43.666666666666664
2025-08-03,P001,Electronics,S01,37,2591.05,0,0,1,Sunday,August,Q3,0,1,Summer,Clear,0,2411.09,104.33,Online,Retail,330.54,None,74.0,41.0,41.0,56.714285714285715,47.714285714285715,45.13333333333333
2025-08-03,P006,Apparel,S03,45,1011.527050714237,0,0,1,Sunday,August,Q3,0,1,Summer,Sunny,0,939.8919272817811,105.3182547559798,In-Store,Corporate,688.4597885758363,None,3.0,1.0,3.0,35.0,38.142857142857146,38.36666666666667
2025-08-04,P008,Appliances,S04,84,1169.27,15,1,1,Monday,August,Q3,0,0,Summer,Stormy,1,1113.53,100.15,Wholesale,Wholesale,667.87,None,87.0,0.0,1.0,52.857142857142854,52.92857142857143,47.56666666666667
2025-08-04,P006,Apparel,S04,53,3541.0955306478,23,1,1,Monday,August,Q3,0,0,Summer,Rainy,0,3750.06840785554,97.30155032907781,In-Store,Retail,6455.022759395252,None,53.0,21.0,75.0,32.57142857142857,32.285714285714285,34.36666666666667
2025-08-05,P001,Electronics,S04,26,4424.6,0,1,1,Tuesday,August,Q3,0,0,Summer,Cloudy,0,4373.77,95.54,Online,Wholesale,6764.4,None,45.0,52.0,69.0,43.57142857142857,50.357142857142854,46.9
2025-08-05,P002,Electronics,S02,39,4563.138276634529,18,1,1,Tuesday,August,Q3,0,0,Summer,Stormy,0,4841.470657992413,98.42755915292138,Wholesale,Retail,5186.987142220314,None,40.0,1.0,65.0,39.57142857142857,41.142857142857146,38.0
2025-08-06,P005,Home,S04,70,3704.172945114127,20,1,1,Wednesday,August,Q3,0,0,Summer,Sunny,0,3396.679705257153,101.1947153914559,In-Store,Wholesale,6047.095587048284,None,75.0,86.0,19.0,47.42857142857143,39.142857142857146,44.233333333333334
2025-08-06,P005,Home,S02,43,2559.1,0,0,1,Wednesday,August,Q3,0,0,Summer,Stormy,0,2594.34,102.36,Wholesale,Wholesale,269.7,None,86.0,32.0,1.0,36.0,39.642857142857146,45.3
2025-08-07,P008,Appliances,S04,22,2898.83,0,0,1,Thursday,August,Q3,0,0,Summer,Cloudy,0,2951.61,100.67,Wholesale,Corporate,383.24,None,84.0,14.0,1.0,64.85714285714286,58.857142857142854,49.7
2025-08-07,P001,Electronics,S04,28,4418.682544255072,0,1,1,Thursday,August,Q3,0,0,Summer,Cloudy,0,4368.09015596944,95.77421341282631,Online,Wholesale,6684.917214152252,None,26.0,81.0,70.0,39.857142857142854,47.285714285714285,45.06666666666667
2025-08-07,P003,Furniture,S03,26,4734.659097333834,0,1,1,Thursday,August,Q3,0,0,Summer,Cloudy,0,4653.614779192213,104.7932300826665,In-Store,Wholesale,6048.483149429724,None,23.0,6.0,37.0,26.0,32.285714285714285,24.133333333333333
2025-08-08,P007,Sports,S03,94,2055.988613773509,20,1,1,Friday,August,Q3,0,0,Summer,Sunny,0,2003.484328785924,98.18800752268685,Online,Retail,7144.115521175822,None,73.0,55.0,29.0,69.85714285714286,61.857142857142854,55.06666666666667
2025-08-08,P005,Home,S02,98,328.7328430778171,7,1,1,Friday,August,Q3,0,0,Summer,Sunny,0,301.6820301386487,110.015136370063,Wholesale,Corporate,7843.386675098634,None,43.0,0.0,34.0,37.57142857142857,42.642857142857146,43.96666666666667
2025-08-08,P005,Home,S03,77,494.84,10,1,1,Friday,August,Q3,0,0,Summer,Rainy,0,479.88,106.13,Online,Wholesale,3741.94,None,29.0,22.0,80.0,29.714285714285715,44.07142857142857,39.46666666666667
2025-08-08,P001,Electronics,S01,82,687.408169531212,20,1,1,Friday,August,Q3,0,0,Summer,Sunny,0,746.0911821431554,97.01795719323376,In-Store,Retail,10108.54757413613,None,37.0,15.0,45.0,56.142857142857146,47.42857142857143,44.03333333333333
2025-08-09,P006,Apparel,S03,39,3465.018183122588,0,1,1,Saturday,August,Q3,0,1,Summer,Sunny,0,3497.766525950952,109.8316044486207,Online,Corporate,7697.470424408837,None,45.0,57.0,43.0,41.285714285714285,41.142857142857146,39.7
2025-08-09,P002,Electronics,S04,53,1856.69,0,1,1,Saturday,August,Q3,0,1,Summer,Sunny,0,1762.97,104.72,Wholesale,Retail,9148.7,None,31.0,4.0,15.0,36.285714285714285,45.5,41.4
2025-08-10,P005,Home,S04,3,3649.033512967182,3,0,0,Sunday,August,Q3,0,1,Summer,Sunny,1,4006.629813460098,101.2555044360155,Online,Corporate,106.2715588163682,None,70.0,33.0,3.0,45.142857142857146,42.785714285714285,45.0
2025-08-10,P002,Electronics,S03,0,749.46,0,0,0,Sunday,August,Q3,0,1,Summer,Cloudy,0,743.6,107.95,Wholesale,Wholesale,450.7,None,51.0,13.0,4.0,39.57142857142857,25.285714285714285,30.8
2025-08-11,P005,Home,S04,20,2747.203605599859,3,0,1,Monday,August,Q3,0,0,Summer,Rainy,0,2530.874254596695,103.6628886183839,Online,Wholesale,440.5051478239652,None,3.0,40.0,0.0,40.857142857142854,42.785714285714285,43.166666666666664
2025-08-11,P003,Furniture,S02,3,4646.643434721736,1,0,1,Monday,August,Q3,0,0,Summer,Sunny,0,5018.041390214112,103.8525699602091,Online,Wholesale,0.0,None,2.0,0.0,5.0,35.857142857142854,26.5,41.5
2025-08-11,P005,Home,S01,51,3540.6,10,1,1,Monday,August,Q3,0,0,Summer,Cloudy,0,3590.42,99.84,Online,Corporate,1450.54,None,2.0,58.0,66.0,34.57142857142857,33.357142857142854,35.56666666666667
2025-08-12,P001,Electronics,S01,1,2238.696210638395,2,1,0,Tuesday,August,Q3,0,0,Summer,Cloudy,0,2173.414568566247,98.30570023234783,Wholesale,Wholesale,797.6480900160581,None,82.0,66.0,23.0,65.71428571428571,50.07142857142857,46.03333333333333
2025-08-12,P002,Electronics,S01,44,4041.430100399437,7,1,1,Tuesday,August,Q3,0,0,Summer,Cloudy,0,3799.546164302746,96.53750895484072,Wholesale,Corporate,5426.461293513393,None,6.0,1.0,24.0,40.714285714285715,40.785714285714285,42.833333333333336
2025-08-12,P004,Stationery,S03,74,2584.31,20,1,1,Tuesday,August,Q3,0,0,Summer,Rainy,1,2480.69,109.54,Online,Corporate,6536.72,None,4.0,78.0,67.0,45.42857142857143,53.214285714285715,52.56666666666667
2025-08-12,P002,Electronics,S03,83,931.7440420903537,0,1,1,Tuesday,August,Q3,0,0,Summer,Stormy,0,956.6048334078486,95.29589807096481,Online,Wholesale,6808.818792539373,None,0.0,54.0,0.0,37.714285714285715,25.0,28.0
2025-08-13,P002,Electronics,S02,1,1579.31,0,0,0,Wednesday,August,Q3,0,0,Summer,Stormy,0,1618.66,109.37,Wholesale,Wholesale,47.37,None,39.0,65.0,45.0,45.0,39.285714285714285,38.53333333333333
2025-08-13,P006,Apparel,S04,53,4004.436616111296,5,1,1,Wednesday,August,Q3,0,0,Summer,Clear,0,3960.029406275808,98.94311622142814,Wholesale,Wholesale,2943.727389419838,None,53.0,92.0,30.0,37.142857142857146,30.714285714285715,34.46666666666667
2025-08-13,P008,Appliances,S02,45,665.5350703032436,0,0,1,Wednesday,August,Q3,0,0,Summer,Sunny,0,712.063755370707,99.27285319612916,In-Store,Corporate,402.2655927287174,None,33.0,0.0,1.0,47.714285714285715,47.42857142857143,40.93333333333333
2025-08-14,P006,Apparel,S03,0,522.89,20,1,0,Thursday,August,Q3,0,0,Summer,Stormy,0,492.54,106.93,Wholesale,Corporate,5294.08,None,39.0,39.0,49.0,38.714285714285715,40.857142857142854,40.333333333333336
2025-08-14,P008,Appliances,S02,1,867.0913762934916,0,0,0,Thursday,August,Q3,0,0,Summer,Rainy,0,849.0679049951253,107.3810335251883,Wholesale,Corporate,29.91302288386393,None,55.0,72.0,57.0,53.0,48.714285714285715,41.96666666666667
2025-08-14,P001,Electronics,S03,44,2739.226197393302,10,1,1,Thursday,August,Q3,0,0,Summer,Cloudy,0,2988.934401970655,108.970074636831,Online,Retail,7123.677995808197,None,1.0,0.0,67.0,14.285714285714286,26.142857142857142,24.966666666666665
2025-08-14,P008,Appliances,S02,55,4365.370540162663,13,1,1,Thursday,August,Q3,0,0,Summer,Stormy,1,4420.394200356406,108.2286473011577,Online,Retail,2037.340009722873,None,45.0,63.0,81.0,54.142857142857146,50.57142857142857,42.36666666666667
2025-08-15,P005,Home,S04,20,3384.59,0,0,1,Friday,August,Q3,1,0,Summer,Stormy,0,3469.18,101.8,Wholesale,Retail,440.45,Independence Day,20.0,2.0,7.0,38.0,44.214285714285715,42.46666666666667
2025-08-15,P002,Electronics,S04,56,644.6775570244599,3,0,1,Friday,August,Q3,1,0,Summer,Stormy,0,576.4701948929608,98.1291601376551,In-Store,Corporate,532.4691427054365,Independence Day,53.0,47.0,42.0,43.285714285714285,48.214285714285715,39.93333333333333
2025-08-15,P004,Stationery,S04,94,1487.747986789251,17,1,1,Friday,August,Q3,1,0,Summer,Cloudy,1,1514.370127915346,103.4001134637333,In-Store,Corporate,9109.032427304179,Independence Day,74.0,63.0,4.0,36.857142857142854,26.071428571428573,33.93333333333333
2025-08-16,P003,Furniture,S04,107,1222.17,20,1,1,Saturday,August,Q3,0,1,Summer,Cloudy,1,1297.68,107.79,In-Store,Wholesale,7402.84,None,55.0,53.0,1.0,50.857142857142854,41.285714285714285,43.06666666666667
2025-08-17,P008,Appliances,S04,1,1900.844524378011,1,1,0,Sunday,August,Q3,0,1,Summer,Sunny,1,1900.971126625401,106.1085077464567,Wholesale,Wholesale,2935.488257090353,None,22.0,89.0,103.0,66.0,60.357142857142854,49.666666666666664
2025-08-17,P001,Electronics,S02,49,1948.52,0,0,1,Sunday,August,Q3,0,1,Summer,Cloudy,0,1913.55,107.9,Online,Wholesale,101.78,None,97.0,26.0,1.0,34.285714285714285,28.642857142857142,46.3
2025-08-18,P007,Sports,S03,54,4153.81,15,1,1,Monday,August,Q3,0,0,Summer,Cloudy,1,3934.6,98.58,Online,Retail,763.19,None,94.0,36.0,45.0,75.42857142857143,66.5,56.03333333333333
2025-08-18,P001,Electronics,S01,39,2144.029999523785,1,0,1,Monday,August,Q3,0,0,Summer,Clear,1,2202.915808897897,108.2197891373282,Wholesale,Retail,280.0861841742027,None,1.0,87.0,40.0,56.42857142857143,48.5,43.43333333333333
2025-08-18,P002,Electronics,S04,101,1421.908324206187,12,1,1,Monday,August,Q3,0,0,Summer,Sunny,1,1521.390617070371,101.0765461620844,Wholesale,Corporate,5360.308580778887,None,56.0,52.0,86.0,44.57142857142857,49.214285714285715,41.166666666666664
2025-08-19,P001,Electronics,S03,1,2217.482266813722,0,0,0,Tuesday,August,Q3,0,0,Summer,Clear,0,2181.486363023908,108.1254041738059,Wholesale,Wholesale,182.1731210884896,None,44.0,52.0,47.0,20.571428571428573,24.5,26.4
2025-08-19,P008,Appliances,S02,58,323.7781399298654,0,0,1,Tuesday,August,Q3,0,0,Summer,Cloudy,0,309.5521704655344,105.4869396508459,In-Store,Corporate,0.0,None,1.0,60.0,77.0,42.857142857142854,44.714285714285715,40.86666666666667
2025-08-19,P002,Electronics,S04,100,1431.575785027486,12,1,1,Tuesday,August,Q3,0,0,Summer,Sunny,1,1532.911278401779,100.3993145653192,Wholesale,Corporate,5062.619809617748,None,101.0,20.0,95.0,51.57142857142857,50.285714285714285,44.3
2025-08-19,P006,Apparel,S04,44,2456.338395004284,7,1,1,Tuesday,August,Q3,0,0,Summer,Sunny,0,2250.931966308034,109.0861382668469,Wholesale,Corporate,8375.456229421101,None,53.0,17.0,50.0,31.571428571428573,32.357142857142854,34.166666666666664
2025-08-19,P007,Sports,S04,49,1965.777204887932,3,1,1,Tuesday,August,Q3,0,0,Summer,Cloudy,0,1782.619506507167,101.6073734852139,In-Store,Wholesale,1124.991297984482,None,58.0,61.0,94.0,51.714285714285715,53.07142857142857,46.93333333333333
2025-08-19,P005,Home,S04,45,2529.84,5,1,1,Tuesday,August,Q3,0,0,Summer,Sunny,0,2357.49,97.05,In-Store,Corporate,6757.37,None,20.0,40.0,60.0,40.57142857142857,45.142857142857146,42.733333333333334
2025-08-19,P001,Electronics,S02,44,1591.153069830212,8,1,1,Tuesday,August,Q3,0,0,Summer,Cloudy,0,1500.255139056952,99.26311339814377,Online,Wholesale,5273.599202485259,None,49.0,42.0,15.0,37.57142857142857,32.07142857142857,45.2
2025-08-20,P001,Electronics,S04,49,2489.574964998548,7,1,1,Wednesday,August,Q3,0,0,Summer,Clear,0,2243.218137910437,108.8416605726103,In-Store,Retail,5424.547542982145,None,28.0,5.0,64.0,32.285714285714285,44.285714285714285,45.96666666666667
2025-08-20,P007,Sports,S02,69,1119.338106060292,15,1,1,Wednesday,August,Q3,0,0,Summer,Clear,0,1134.259323007217,103.1692428669835,Wholesale,Retail,7961.504900924765,None,89.0,48.0,63.0,44.57142857142857,47.214285714285715,38.13333333333333
2025-08-20,P003,Furniture,S01,16,4826.18,5,1,1,Wednesday,August,Q3,0,0,Summer,Sunny,0,4646.55,99.47,Online,Corporate,9019.35,None,56.0,78.0,97.0,61.57142857142857,54.214285714285715,46.06666666666667
2025-08-21,P008,Appliances,S04,1,1912.151051701812,0,1,0,Thursday,August,Q3,0,0,Summer,Sunny,1,1913.600166565455,105.6606544891704,Wholesale,Wholesale,3248.925897526408,None,1.0,68.0,21.0,53.42857142857143,53.07142857142857,49.666666666666664
2025-08-21,P002,Electronics,S04,37,4727.18,15,1,1,Thursday,August,Q3,0,0,Summer,Rainy,0,4794.28,102.5,Online,Wholesale,6810.06,None,100.0,52.0,99.0,63.0,50.642857142857146,46.13333333333333
2025-08-22,P005,Home,S04,21,4445.91,0,0,1,Friday,August,Q3,0,0,Summer,Cloudy,1,4656.86,107.09,Wholesale,Retail,467.75,None,45.0,56.0,84.0,41.285714285714285,44.07142857142857,42.53333333333333
2025-08-23,P004,Stationery,S02,59,712.71,0,0,1,Saturday,August,Q3,0,1,Summer,Stormy,0,764.44,95.84,Wholesale,Corporate,349.81,None,38.0,37.0,29.0,40.714285714285715,45.5,43.43333333333333
2025-08-23,P002,Electronics,S02,4,3306.419087389896,3,0,1,Saturday,August,Q3,0,1,Summer,Rainy,0,3610.603811075575,106.6825851208838,Online,Retail,815.8220216088444,None,1.0,52.0,65.0,35.857142857142854,36.142857142857146,38.53333333333333
2025-08-24,P007,Sports,S04,65,2873.08174455523,11,1,1,Sunday,August,Q3,0,1,Summer,Sunny,0,2637.241418622922,106.5100367348121,Online,Retail,1162.718806712798,None,49.0,21.0,94.0,50.0,49.857142857142854,47.4
2025-08-24,P002,Electronics,S03,47,2819.58,5,1,1,Sunday,August,Q3,0,1,Summer,Cloudy,0,2742.32,105.74,In-Store,Retail,6631.28,None,83.0,73.0,2.0,41.857142857142854,30.928571428571427,30.733333333333334
2025-08-25,P001,Electronics,S01,79,3515.28,20,1,1,Monday,August,Q3,0,0,Summer,Cloudy,1,3434.21,104.58,Wholesale,Corporate,9079.99,None,39.0,72.0,1.0,49.57142857142857,48.42857142857143,43.93333333333333
2025-08-25,P006,Apparel,S02,88,695.52192755471,16,1,1,Monday,August,Q3,0,0,Summer,Stormy,0,753.981222952826,104.1363860853841,Wholesale,Retail,4830.458352975084,None,53.0,66.0,19.0,46.285714285714285,49.357142857142854,45.56666666666667
2025-08-26,P002,Electronics,S02,40,4316.71,5,1,1,Tuesday,August,Q3,0,0,Summer,Stormy,0,4144.81,109.04,Online,Corporate,2498.67,None,4.0,3.0,35.0,29.0,31.785714285714285,36.666666666666664
2025-08-26,P006,Apparel,S01,73,3120.049522218968,16,1,1,Tuesday,August,Q3,0,0,Summer,Stormy,1,3223.085501126403,99.21277238034182,Wholesale,Retail,9240.137150483666,None,40.0,57.0,62.0,46.857142857142854,46.285714285714285,45.43333333333333
2025-08-27,P001,Electronics,S01,67,3576.391781687425,23,1,1,Wednesday,August,Q3,0,0,Summer,Sunny,0,3842.739955337796,98.35383611536409,Wholesale,Wholesale,4401.638632734142,None,79.0,42.0,38.0,50.57142857142857,54.0,46.0
2025-08-27,P001,Electronics,S03,69,4756.318985262497,6,1,1,Wednesday,August,Q3,0,0,Summer,Clear,0,5059.363339792375,107.170348721878,In-Store,Wholesale,3214.122112699625,None,1.0,0.0,1.0,13.285714285714286,21.214285714285715,26.433333333333334
2025-08-27,P004,Stationery,S02,68,2508.73285806611,17,1,1,Wednesday,August,Q3,0,0,Summer,Stormy,0,2465.790629363424,107.7757234402788,Online,Corporate,286.0939802289875,None,59.0,38.0,35.0,43.857142857142854,47.642857142857146,44.2
2025-08-27,P003,Furniture,S04,66,3230.49,20,1,1,Wednesday,August,Q3,0,0,Summer,Sunny,0,3467.25,107.35,In-Store,Corporate,7500.95,None,107.0,82.0,84.0,58.57142857142857,48.857142857142854,44.5
2025-08-28,P005,Home,S04,72,3136.480017785385,15,1,1,Thursday,August,Q3,0,0,Summer,Stormy,0,2943.876503432467,104.0794090283472,In-Store,Corporate,3878.180871347771,None,21.0,75.0,43.0,36.285714285714285,39.57142857142857,41.666666666666664
2025-08-28,P006,Apparel,S04,66,4408.45,20,1,1,Thursday,August,Q3,0,0,Summer,Rainy,0,4414.04,100.28,Wholesale,Wholesale,8227.57,None,44.0,27.0,22.0,35.42857142857143,31.928571428571427,35.63333333333333
2025-08-29,P006,Apparel,S04,53,3537.01,20,1,1,Friday,August,Q3,0,0,Summer,Rainy,0,3742.88,97.04,In-Store,Retail,6468.81,None,66.0,17.0,4.0,41.0,35.07142857142857,36.36666666666667
2025-08-29,P003,Furniture,S01,61,368.9954735927208,4,0,1,Friday,August,Q3,0,0,Summer,Stormy,1,400.0683859126011,102.9998496621437,Online,Wholesale,61.05290228898184,None,16.0,67.0,15.0,52.714285714285715,48.42857142857143,45.2
2025-08-30,P008,Appliances,S04,97,993.600283684353,23,1,1,Saturday,August,Q3,0,1,Summer,Rainy,0,1041.791330945706,109.1396634497923,Wholesale,Wholesale,1010.5052833687,None,1.0,74.0,70.0,43.857142857142854,51.642857142857146,47.333333333333336
2025-08-30,P006,Apparel,S01,0,731.98,0,0,0,Saturday,August,Q3,0,1,Summer,Stormy,0,724.88,108.1,Online,Corporate,86.74,None,73.0,86.0,52.0,49.142857142857146,47.07142857142857,45.8
2025-08-30,P007,Sports,S02,3,4355.863569148436,21,1,0,Saturday,August,Q3,0,1,Summer,Sunny,0,4248.139322273001,107.1580988464097,Wholesale,Wholesale,1271.131648842136,None,69.0,62.0,63.0,47.57142857142857,47.642857142857146,40.233333333333334
2025-08-31,P007,Sports,S01,2,4208.964528478289,3,0,0,Sunday,August,Q3,0,1,Summer,Clear,0,3957.83486836074,105.4233329605603,In-Store,Retail,605.4898031114128,None,59.0,0.0,84.0,42.857142857142854,48.642857142857146,46.266666666666666
2025-08-31,P006,Apparel,S03,57,1153.59,5,1,1,Sunday,August,Q3,0,1,Summer,Rainy,0,1240.43,109.17,Wholesale,Retail,696.98,None,0.0,37.0,20.0,33.142857142857146,37.357142857142854,37.43333333333333
2025-09-01,P001,Electronics,S02,39,4552.85,5,1,1,Monday,September,Q3,0,0,Autumn,Cloudy,0,4142.9,104.27,Wholesale,Corporate,1917.89,None,44.0,32.0,47.0,37.857142857142854,34.142857142857146,43.666666666666664
2025-09-02,P006,Apparel,S02,5,4746.77,0,0,0,Tuesday,September,Q3,0,0,Autumn,Stormy,0,5057.45,102.41,Online,Wholesale,101.57,None,88.0,71.0,53.0,49.42857142857143,54.285714285714285,47.166666666666664
2025-09-02,P008,Appliances,S01,43,3210.158585301173,11,1,1,Tuesday,September,Q3,0,0,Autumn,Sunny,0,3465.207041522243,100.8786998069596,Wholesale,Retail,7855.751601312651,None,1.0,0.0,53.0,37.57142857142857,43.0,43.56666666666667
2025-09-03,P006,Apparel,S03,1,528.8002832665902,23,1,0,Wednesday,September,Q3,0,0,Autumn,Stormy,0,489.671717839397,106.8526629962042,Wholesale,Corporate,5286.077641116994,None,57.0,53.0,88.0,36.0,40.0,39.3
2025-09-03,P004,Stationery,S04,73,2634.256344827545,14,1,1,Wednesday,September,Q3,0,0,Autumn,Sunny,0,2416.262151455961,101.4702348242139,In-Store,Retail,4872.536346791557,None,94.0,27.0,66.0,41.285714285714285,32.5,36.63333333333333
2025-09-03,P005,Home,S03,34,3782.93,5,1,1,Wednesday,September,Q3,0,0,Autumn,Stormy,0,3858.65,109.93,In-Store,Wholesale,6933.29,None,77.0,38.0,60.0,37.57142857142857,43.857142857142854,38.733333333333334
2025-09-04,P008,Appliances,S03,31,3801.318028602217,4,1,1,Thursday,September,Q3,0,0,Autumn,Rainy,0,3975.979890399118,97.01551463793952,Wholesale,Retail,6227.371353610241,None,78.0,12.0,49.0,39.714285714285715,45.357142857142854,43.06666666666667
2025-09-04,P001,Electronics,S01,48,4096.137614646289,6,1,1,Thursday,September,Q3,0,0,Autumn,Clear,0,4429.238519319944,103.3522867565748,Wholesale,Wholesale,4881.094098291832,None,67.0,74.0,83.0,54.142857142857146,56.07142857142857,48.13333333333333
2025-09-04,P007,Sports,S02,31,2160.92,0,0,1,Thursday,September,Q3,0,0,Autumn,Cloudy,0,2211.78,108.61,In-Store,Wholesale,342.13,None,3.0,9.0,59.0,39.142857142857146,43.357142857142854,38.9
2025-09-05,P002,Electronics,S02,1,1586.053814491705,4,0,0,Friday,September,Q3,0,0,Autumn,Stormy,0,1625.457545851153,108.9878661339198,Wholesale,Wholesale,216.3986448021464,None,40.0,69.0,37.0,34.285714285714285,32.142857142857146,36.733333333333334
2025-09-05,P008,Appliances,S01,39,249.54,0,0,1,Friday,September,Q3,0,0,Autumn,Rainy,0,259.94,106.04,In-Store,Retail,47.64,None,43.0,41.0,62.0,43.714285714285715,42.285714285714285,43.266666666666666
2025-09-05,P004,Stationery,S01,4,438.5727701242062,5,1,0,Friday,September,Q3,0,0,Autumn,Stormy,0,396.8099362911707,95.35840493161939,Online,Corporate,8479.668359226318,None,20.0,5.0,17.0,34.285714285714285,28.714285714285715,28.933333333333334
2025-09-05,P005,Home,S04,2,4502.711065473391,24,1,0,Friday,September,Q3,0,0,Autumn,Rainy,1,4699.77520433568,108.7880339693129,In-Store,Wholesale,1070.051291348896,None,72.0,70.0,86.0,35.857142857142854,41.642857142857146,43.3
2025-09-06,P001,Electronics,S01,89,1797.74,0,1,1,Saturday,September,Q3,0,1,Autumn,Clear,1,1873.09,107.15,Online,Corporate,5293.15,None,48.0,37.0,41.0,50.42857142857143,53.57142857142857,49.733333333333334
2025-09-06,P001,Electronics,S04,58,1284.018467749734,0,1,1,Saturday,September,Q3,0,1,Autumn,Cloudy,0,1295.699662909578,96.4107976558275,Wholesale,Retail,2467.505655902775,None,49.0,50.0,10.0,38.57142857142857,43.214285714285715,46.46666666666667
2025-09-06,P002,Electronics,S01,52,3270.537897249629,12,1,1,Saturday,September,Q3,0,1,Autumn,Clear,0,3409.046825736526,96.54562861060248,Wholesale,Retail,3093.577567088097,None,44.0,68.0,30.0,46.857142857142854,42.214285714285715,42.266666666666666
2025-09-06,P004,Stationery,S02,25,2368.447268842212,4,1,1,Saturday,September,Q3,0,1,Autumn,Cloudy,0,2563.482091353275,103.42602791687,In-Store,Corporate,5668.084535752635,None,68.0,37.0,76.0,48.142857142857146,50.0,46.3
2025-09-07,P007,Sports,S03,62,4892.11,15,1,1,Sunday,September,Q3,0,1,Autumn,Rainy,1,4443.14,97.69,Online,Wholesale,5181.98,None,54.0,76.0,94.0,78.0,67.14285714285714,56.3
2025-09-08,P002,Electronics,S03,51,3341.62272664489,9,1,1,Monday,September,Q3,0,0,Autumn,Rainy,1,3531.10901261314,102.5508077076471,Wholesale,Wholesale,10186.5431842882,None,47.0,74.0,18.0,38.142857142857146,34.142857142857146,30.966666666666665
2025-09-08,P004,Stationery,S01,85,1142.890597688211,17,1,1,Monday,September,Q3,0,0,Autumn,Sunny,0,1155.067054513029,102.2142432771919,Wholesale,Retail,6974.995286732204,None,4.0,0.0,6.0,34.142857142857146,27.785714285714285,27.2
2025-09-08,P006,Apparel,S04,58,833.21,0,1,1,Monday,September,Q3,0,0,Autumn,Cloudy,0,802.09,109.68,In-Store,Corporate,7604.32,None,53.0,1.0,28.0,46.142857142857146,38.57142857142857,37.06666666666667
2025-09-08,P007,Sports,S01,62,404.0243810563362,0,1,1,Monday,September,Q3,0,0,Autumn,Rainy,0,389.1449021342766,104.6358289713863,Online,Corporate,5248.943473104709,None,2.0,17.0,41.0,43.142857142857146,42.785714285714285,44.0
2025-09-08,P006,Apparel,S04,14,3579.942191332156,4,0,1,Monday,September,Q3,0,0,Autumn,Cloudy,1,3245.093904948844,101.3063424464808,In-Store,Wholesale,904.7935768674693,None,58.0,53.0,15.0,54.285714285714285,40.714285714285715,37.56666666666667
2025-09-09,P005,Home,S02,1,560.7836542274638,2,0,0,Tuesday,September,Q3,0,0,Autumn,Sunny,0,524.1752888161375,101.3331117534048,In-Store,Corporate,490.2373067990399,None,98.0,7.0,2.0,51.57142857142857,47.214285714285715,44.833333333333336
2025-09-09,P007,Sports,S03,6,4533.4,0,0,0,Tuesday,September,Q3,0,0,Autumn,Cloudy,0,4889.43,99.73,In-Store,Retail,277.84,None,62.0,80.0,45.0,76.0,64.85714285714286,56.2
2025-09-10,P008,Appliances,S03,81,3301.786243723211,22,1,1,Wednesday,September,Q3,0,0,Autumn,Sunny,1,3393.268386407437,107.0515106647647,In-Store,Wholesale,6213.639657291737,None,31.0,70.0,82.0,42.42857142857143,44.07142857142857,43.03333333333333
2025-09-10,P008,Appliances,S01,43,1106.82,0,0,1,Wednesday,September,Q3,0,0,Autumn,Sunny,0,1053.74,105.59,In-Store,Retail,497.6,None,39.0,70.0,42.0,43.42857142857143,40.642857142857146,43.266666666666666
2025-09-10,P002,Electronics,S01,23,4643.346024414563,3,1,1,Wednesday,September,Q3,0,0,Autumn,Sunny,0,4913.832622957962,103.8187802479512,Online,Wholesale,951.5797251316527,None,52.0,37.0,32.0,44.57142857142857,43.785714285714285,41.7
2025-09-11,P008,Appliances,S03,31,3806.088289781685,0,1,1,Thursday,September,Q3,0,0,Autumn,Rainy,0,3972.806412200543,96.9919474255884,Wholesale,Retail,6324.224435686615,None,81.0,30.0,79.0,44.0,44.0,44.4
2025-09-11,P002,Electronics,S01,1,4799.349416752433,10,1,0,Thursday,September,Q3,0,0,Autumn,Sunny,0,4831.67336651087,103.0236348697034,In-Store,Retail,9109.128590130202,None,23.0,106.0,0.0,42.57142857142857,43.142857142857146,39.2
2025-09-11,P008,Appliances,S01,2,2319.29,15,1,0,Thursday,September,Q3,0,0,Autumn,Stormy,0,2316.04,107.69,Online,Retail,3821.24,None,43.0,74.0,44.0,39.57142857142857,40.714285714285715,41.4
2025-09-12,P004,Stationery,S03,0,1067.14,0,0,0,Friday,September,Q3,0,0,Autumn,Clear,0,1084.97,109.57,Wholesale,Wholesale,90.28,None,74.0,1.0,76.0,44.857142857142854,53.714285714285715,52.666666666666664
2025-09-13,P007,Sports,S01,59,384.6504744134168,0,1,1,Saturday,September,Q3,0,1,Autumn,Rainy,0,399.9846062010188,104.4939489746191,Online,Corporate,4568.684049605232,None,62.0,39.0,46.0,49.57142857142857,44.285714285714285,46.03333333333333
2025-09-13,P005,Home,S02,64,1050.290770856579,0,1,1,Saturday,September,Q3,0,1,Autumn,Cloudy,0,1122.466301993317,104.3434859479055,In-Store,Corporate,1294.440793534247,None,1.0,59.0,85.0,50.714285714285715,47.142857142857146,43.9
2025-09-13,P002,Electronics,S02,62,3887.62,15,1,1,Saturday,September,Q3,0,1,Autumn,Cloudy,0,3719.89,109.72,Online,Corporate,4048.8,None,1.0,47.0,1.0,24.571428571428573,29.571428571428573,35.1
2025-09-13,P004,Stationery,S02,2,4895.571963364141,0,0,1,Saturday,September,Q3,0,1,Autumn,Clear,0,5162.556497863906,101.2229594556381,Online,Corporate,102.919395165829,None,25.0,63.0,47.0,46.42857142857143,46.357142857142854,45.166666666666664
2025-09-14,P006,Apparel,S04,6,2155.1283193244,7,1,0,Sunday,September,Q3,0,1,Autumn,Rainy,0,2139.225172550697,97.58461724576921,In-Store,Corporate,8292.64056010112,None,14.0,53.0,21.0,48.714285714285715,40.642857142857146,38.03333333333333
2025-09-14,P008,Appliances,S04,91,2784.000583803787,24,1,1,Sunday,September,Q3,0,1,Autumn,Clear,0,3009.337323902359,107.3674411874008,In-Store,Wholesale,1885.964982949338,None,97.0,38.0,98.0,47.142857142857146,53.57142857142857,47.63333333333333
2025-09-14,P002,Electronics,S03,81,938.12,0,1,1,Sunday,September,Q3,0,1,Autumn,Stormy,0,955.79,95.09,Online,Wholesale,6412.47,None,51.0,2.0,3.0,34.857142857142854,36.5,32.666666666666664
2025-09-15,P008,Appliances,S03,11,4747.61,15,1,0,Monday,September,Q3,0,0,Autumn,Rainy,0,5092.55,107.02,In-Store,Corporate,8082.4,None,31.0,7.0,41.0,44.142857142857146,40.57142857142857,44.03333333333333
2025-09-15,P003,Furniture,S04,47,4132.823225607675,15,1,1,Monday,September,Q3,0,0,Autumn,Rainy,0,4227.072054089447,98.10465151458531,Online,Wholesale,7151.632826848574,None,66.0,2.0,1.0,56.285714285714285,47.57142857142857,44.96666666666667
2025-09-16,P004,Stationery,S01,60,764.7375870801302,2,1,1,Tuesday,September,Q3,0,0,Autumn,Clear,0,782.0827993623996,103.6886874370942,In-Store,Wholesale,7211.709934611019,None,85.0,71.0,6.0,46.285714285714285,33.42857142857143,30.033333333333335
2025-09-16,P002,Electronics,S04,56,644.24,0,0,1,Tuesday,September,Q3,0,0,Autumn,Stormy,0,582.46,98.12,In-Store,Corporate,142.47,None,37.0,48.0,37.0,60.857142857142854,46.214285714285715,46.333333333333336
2025-09-17,P003,Furniture,S01,87,1633.02,20,1,1,Wednesday,September,Q3,0,0,Autumn,Cloudy,1,1512.6,104.98,In-Store,Wholesale,2398.78,None,61.0,26.0,59.0,51.857142857142854,51.714285714285715,45.36666666666667
2025-09-17,P006,Apparel,S01,23,4903.711677377555,11,1,1,Wednesday,September,Q3,0,0,Autumn,Cloudy,0,4969.439177305828,109.2289685000431,Online,Retail,7167.121651801527,None,0.0,73.0,25.0,36.857142857142854,43.357142857142854,43.56666666666667
2025-09-17,P006,Apparel,S04,50,4005.660967927023,8,1,1,Wednesday,September,Q3,0,0,Autumn,Clear,0,3953.69236058405,98.0527855785573,Wholesale,Wholesale,3210.80388671532,None,6.0,53.0,92.0,42.0,39.57142857142857,36.46666666666667
2025-09-17,P007,Sports,S03,1,2363.487076282918,4,1,0,Wednesday,September,Q3,0,0,Autumn,Rainy,0,2165.414930788727,99.74039048163064,Wholesale,Wholesale,7712.599052298062,None,6.0,82.0,7.0,65.42857142857143,62.07142857142857,55.13333333333333
2025-09-18,P008,Appliances,S02,2,4753.104059266466,19,1,0,Thursday,September,Q3,0,0,Autumn,Sunny,0,5145.494079199117,104.2707903707316,In-Store,Corporate,3354.896863652046,None,58.0,43.0,68.0,42.57142857142857,43.357142857142854,42.766666666666666
2025-09-18,P007,Sports,S03,62,4321.55243386772,5,1,1,Thursday,September,Q3,0,0,Autumn,Sunny,1,4390.836657169948,106.5818564617713,Online,Corporate,2224.977430288061,None,1.0,87.0,76.0,53.857142857142854,61.642857142857146,54.96666666666667
2025-09-18,P002,Electronics,S02,4,1577.629201078783,0,0,0,Thursday,September,Q3,0,0,Autumn,Stormy,0,1612.093805185277,109.6828144467262,Wholesale,Wholesale,0.0,None,62.0,40.0,51.0,26.714285714285715,33.92857142857143,37.13333333333333
2025-09-18,P008,Appliances,S04,0,2486.91,10,1,0,Thursday,September,Q3,0,0,Autumn,Stormy,0,2614.48,107.16,Wholesale,Retail,4624.01,None,91.0,87.0,77.0,54.714285714285715,53.07142857142857,47.53333333333333
2025-09-18,P008,Appliances,S01,5,2310.48197324378,17,1,0,Thursday,September,Q3,0,0,Autumn,Stormy,0,2321.057101447707,107.7510476978566,Online,Retail,3570.399854835226,None,2.0,72.0,42.0,29.285714285714285,37.714285714285715,39.9
2025-09-18,P007,Sports,S04,88,1591.239335266874,20,1,1,Thursday,September,Q3,0,0,Autumn,Stormy,0,1693.72262770331,104.4352835381054,Online,Retail,3859.268916096126,None,65.0,4.0,71.0,56.285714285714285,47.785714285714285,48.333333333333336
2025-09-19,P007,Sports,S02,55,459.663270981223,0,0,1,Friday,September,Q3,0,0,Autumn,Stormy,1,483.9932470123674,105.584849974308,In-Store,Wholesale,0.0,None,31.0,61.0,58.0,42.285714285714285,41.357142857142854,38.63333333333333
2025-09-19,P007,Sports,S01,60,394.1,0,1,1,Friday,September,Q3,0,0,Autumn,Rainy,0,396.25,104.71,Online,Corporate,4948.08,None,59.0,41.0,74.0,52.42857142857143,45.214285714285715,46.7
2025-09-20,P002,Electronics,S04,44,1641.89,0,0,1,Saturday,September,Q3,0,1,Autumn,Clear,0,1574.73,95.72,Online,Retail,256.71,None,56.0,31.0,9.0,62.0,47.57142857142857,48.1
2025-09-20,P002,Electronics,S04,39,1644.906691099317,2,0,1,Saturday,September,Q3,0,1,Autumn,Clear,0,1579.699985209654,95.80455764878309,Online,Retail,647.2311279940338,None,44.0,53.0,4.0,63.857142857142854,50.07142857142857,48.53333333333333
2025-09-20,P006,Apparel,S04,22,3572.50045733653,8,1,1,Saturday,September,Q3,0,1,Autumn,Rainy,0,3617.427776853074,102.3941523241172,Wholesale,Retail,5146.260576399384,None,50.0,44.0,17.0,41.57142857142857,36.57142857142857,35.166666666666664
2025-09-20,P001,Electronics,S04,27,4425.313746549234,3,1,1,Saturday,September,Q3,0,1,Autumn,Cloudy,0,4369.61492329935,95.45833204892497,Online,Wholesale,6309.097198998379,None,58.0,4.0,62.0,39.714285714285715,46.642857142857146,48.4
2025-09-20,P006,Apparel,S04,62,2634.233728330163,18,1,1,Saturday,September,Q3,0,1,Autumn,Sunny,0,2558.118332861253,103.987036770425,Online,Corporate,5876.207197436887,None,22.0,66.0,27.0,38.42857142857143,36.92857142857143,35.86666666666667
2025-09-21,P007,Sports,S04,56,1236.986392226824,0,1,1,Sunday,September,Q3,0,1,Autumn,Cloudy,0,1222.508891612805,102.3237050331496,In-Store,Corporate,6975.222870044446,None,9.0,67.0,2.0,56.42857142857143,49.642857142857146,48.4
2025-09-21,P007,Sports,S04,9,653.52,15,1,0,Sunday,September,Q3,0,1,Autumn,Cloudy,0,621.48,96.23,Wholesale,Retail,1582.39,None,88.0,92.0,0.0,68.28571428571429,49.0,48.766666666666666
2025-09-22,P001,Electronics,S04,52,2684.010354369984,5,1,1,Monday,September,Q3,0,0,Autumn,Sunny,0,2411.733787860743,105.2986720980854,Wholesale,Retail,8691.97657930436,None,27.0,68.0,60.0,43.0,44.142857142857146,48.4
2025-09-22,P008,Appliances,S01,2,2312.712624043578,14,1,0,Monday,September,Q3,0,0,Autumn,Stormy,0,2311.406757849741,107.6539533119375,Online,Retail,4247.859943438973,None,5.0,5.0,51.0,19.714285714285715,35.07142857142857,37.766666666666666
2025-09-22,P005,Home,S03,63,804.4391776487511,8,1,1,Monday,September,Q3,0,0,Autumn,Rainy,0,747.7502930595429,102.7723253675532,In-Store,Corporate,3622.508355767633,None,34.0,1.0,91.0,37.0,42.0,37.96666666666667
2025-09-22,P005,Home,S03,8,4350.907728343897,1,0,1,Monday,September,Q3,0,0,Autumn,Rainy,0,4360.752889218397,105.831522929541,In-Store,Corporate,0.0,None,63.0,3.0,95.0,45.857142857142854,40.0,38.0
2025-09-22,P008,Appliances,S02,42,3973.65,20,1,1,Monday,September,Q3,0,0,Autumn,Sunny,0,3907.09,105.57,In-Store,Wholesale,7378.9,None,2.0,63.0,45.0,36.714285714285715,38.642857142857146,40.96666666666667
2025-09-23,P008,Appliances,S03,89,1838.41,20,1,1,Tuesday,September,Q3,0,0,Autumn,Rainy,0,1683.33,109.73,In-Store,Wholesale,1510.14,None,11.0,43.0,7.0,44.714285714285715,38.42857142857143,43.0
2025-09-24,P002,Electronics,S03,51,2665.215119195246,13,1,1,Wednesday,September,Q3,0,0,Autumn,Cloudy,0,2711.949184998062,97.44250770951753,In-Store,Wholesale,2222.849562028633,None,81.0,10.0,37.0,46.142857142857146,42.07142857142857,35.266666666666666
2025-09-24,P005,Home,S02,11,3569.17484256921,21,1,0,Wednesday,September,Q3,0,0,Autumn,Clear,0,3918.797783847036,102.3243322729489,Online,Wholesale,4697.368969651175,None,64.0,4.0,61.0,51.42857142857143,45.642857142857146,44.46666666666667
2025-09-24,P001,Electronics,S01,28,2095.68,0,0,1,Wednesday,September,Q3,0,0,Autumn,Stormy,0,2250.25,109.49,Wholesale,Wholesale,243.36,None,89.0,82.0,15.0,57.857142857142854,57.0,51.63333333333333
2025-09-24,P007,Sports,S03,7,4245.749572475415,0,0,1,Wednesday,September,Q3,0,0,Autumn,Rainy,1,4304.505152352782,99.35745956510303,In-Store,Wholesale,372.7209676655134,None,62.0,73.0,81.0,50.285714285714285,60.642857142857146,56.43333333333333
2025-09-24,P002,Electronics,S01,5,897.7839156263655,6,1,0,Wednesday,September,Q3,0,0,Autumn,Sunny,0,814.7423083058658,109.5357878718797,In-Store,Retail,5681.181903468373,None,1.0,1.0,105.0,27.571428571428573,43.214285714285715,37.56666666666667
2025-09-24,P005,Home,S02,99,320.0380928856591,7,1,1,Wednesday,September,Q3,0,0,Autumn,Sunny,0,306.0774596908962,109.4362309884655,Wholesale,Corporate,7862.786303230677,None,11.0,64.0,49.0,52.42857142857143,42.07142857142857,42.233333333333334
2025-09-24,P005,Home,S03,8,4356.368197424527,0,0,1,Wednesday,September,Q3,0,0,Autumn,Rainy,0,4358.934914324288,105.3438168797772,In-Store,Corporate,669.3222689038012,None,8.0,37.0,82.0,46.57142857142857,33.785714285714285,37.233333333333334
2025-09-25,P001,Electronics,S03,45,2732.942157981383,16,1,1,Thursday,September,Q3,0,0,Autumn,Cloudy,0,2987.662747667495,109.3638616811665,Online,Retail,7050.803218887681,None,69.0,33.0,52.0,23.142857142857142,26.071428571428573,26.0
2025-09-25,P006,Apparel,S04,6,4062.28,0,0,1,Thursday,September,Q3,0,0,Autumn,Sunny,0,3746.98,95.24,Online,Retail,104.61,None,62.0,53.0,17.0,37.857142857142854,39.42857142857143,37.266666666666666
2025-09-25,P003,Furniture,S01,97,851.1147670275892,17,1,1,Thursday,September,Q3,0,0,Autumn,Stormy,1,927.2662285043795,104.0714478390259,In-Store,Wholesale,4884.744226113372,None,87.0,35.0,18.0,60.57142857142857,53.714285714285715,46.8
2025-09-25,P006,Apparel,S03,53,1145.93805676077,9,1,1,Thursday,September,Q3,0,0,Autumn,Rainy,0,1243.088924219488,108.9255052506955,Wholesale,Retail,1042.296472434691,None,1.0,55.0,33.0,28.571428571428573,33.785714285714285,38.766666666666666
2025-09-25,P005,Home,S02,57,2614.852917512228,16,1,1,Thursday,September,Q3,0,0,Autumn,Cloudy,0,2359.479858562963,97.33254881602221,Online,Corporate,5770.085015265106,None,99.0,86.0,71.0,57.42857142857143,45.642857142857146,43.733333333333334
2025-09-26,P001,Electronics,S01,53,3413.310092335819,5,1,1,Friday,September,Q3,0,0,Autumn,Clear,1,3241.923636178261,95.69103034213555,In-Store,Corporate,9402.282472575578,None,44.0,39.0,87.0,56.285714285714285,56.357142857142854,50.56666666666667
2025-09-26,P008,Appliances,S04,18,2905.559585815777,0,0,1,Friday,September,Q3,0,0,Autumn,Cloudy,0,2951.999527643787,101.0897516535946,Wholesale,Corporate,782.6230615766705,None,0.0,84.0,0.0,42.285714285714285,47.57142857142857,44.13333333333333
2025-09-26,P005,Home,S03,57,3311.497809233044,7,1,1,Friday,September,Q3,0,0,Autumn,Stormy,0,3544.361777200382,97.2678811570423,In-Store,Retail,6721.015664524491,None,8.0,78.0,1.0,42.42857142857143,28.5,35.2
2025-09-26,P002,Electronics,S02,65,3881.712991327109,11,1,1,Friday,September,Q3,0,0,Autumn,Cloudy,0,3719.296032278112,109.2244303195422,Online,Corporate,3579.938344900278,None,4.0,39.0,1.0,21.571428571428573,30.571428571428573,35.93333333333333
2025-09-26,P001,Electronics,S01,44,3766.458815457841,0,1,1,Friday,September,Q3,0,0,Autumn,Cloudy,1,3801.86464255505,103.910404945559,Wholesale,Retail,3296.13295784549,None,28.0,1.0,66.0,50.142857142857146,57.92857142857143,51.6
2025-09-26,P003,Furniture,S02,0,2291.78,15,1,0,Friday,September,Q3,0,0,Autumn,Rainy,0,2200.53,101.95,In-Store,Corporate,707.26,None,3.0,57.0,1.0,36.285714285714285,26.357142857142858,39.36666666666667
2025-09-27,P007,Sports,S01,81,1194.017934835121,19,1,1,Saturday,September,Q3,0,1,Autumn,Sunny,0,1079.689343169147,105.6561965023712,Online,Retail,1360.488487515955,None,60.0,58.0,1.0,55.142857142857146,44.214285714285715,48.666666666666664
2025-09-27,P003,Furniture,S02,32,3746.15,5,1,1,Saturday,September,Q3,0,1,Autumn,Stormy,0,4015.72,103.78,Online,Corporate,5909.59,None,0.0,15.0,3.0,28.142857142857142,26.285714285714285,39.3
2025-09-28,P005,Home,S02,1,3685.245310745021,0,1,0,Sunday,September,Q3,0,1,Autumn,Clear,0,3475.394347179067,101.2484215500398,Online,Retail,2696.491646755202,None,57.0,43.0,32.0,53.285714285714285,44.642857142857146,43.1
2025-09-28,P006,Apparel,S02,53,4449.284079190204,12,1,1,Sunday,September,Q3,0,1,Autumn,Cloudy,0,4251.068962200347,109.0156197767366,Wholesale,Wholesale,4969.360925422944,None,5.0,54.0,67.0,40.0,50.857142857142854,45.43333333333333
2025-09-28,P006,Apparel,S04,6,4059.908466216363,0,0,1,Sunday,September,Q3,0,1,Autumn,Sunny,0,3754.562283826392,94.86960369385632,Online,Retail,261.8951899207609,None,6.0,58.0,1.0,31.142857142857142,38.642857142857146,35.7
2025-09-28,P003,Furniture,S01,43,385.1486196485478,0,0,1,Sunday,September,Q3,0,1,Autumn,Cloudy,0,417.5551011587733,99.24844439139169,In-Store,Corporate,0.0,None,97.0,78.0,59.0,69.42857142857143,59.357142857142854,48.766666666666666
2025-09-28,P007,Sports,S01,76,1802.48,0,1,1,Sunday,September,Q3,0,1,Autumn,Stormy,1,1837.03,103.31,In-Store,Retail,5131.22,None,81.0,86.0,49.0,58.42857142857143,49.92857142857143,50.233333333333334
2025-09-29,P004,Stationery,S03,75,2454.73878479457,9,1,1,Monday,September,Q3,0,0,Autumn,Cloudy,0,2461.794053497134,98.04796776979174,Wholesale,Corporate,3648.32366638229,None,1.0,25.0,64.0,33.57142857142857,48.357142857142854,48.53333333333333
2025-09-29,P008,Appliances,S04,37,1313.15,0,0,1,Monday,September,Q3,0,0,Autumn,Clear,0,1327.14,99.02,Wholesale,Corporate,444.57,None,18.0,22.0,14.0,32.857142857142854,48.857142857142854,43.666666666666664
2025-09-29,P004,Stationery,S03,1,1643.177865994128,16,1,0,Monday,September,Q3,0,0,Autumn,Rainy,0,1639.19566207712,98.62228691229626,In-Store,Wholesale,6412.283812489947,None,0.0,79.0,0.0,44.714285714285715,48.285714285714285,50.46666666666667
2025-09-29,P004,Stationery,S03,49,4564.565451240264,6,1,1,Monday,September,Q3,0,0,Autumn,Stormy,1,4150.805221486027,95.990615948244,Wholesale,Corporate,3465.504403693675,None,75.0,61.0,78.0,40.714285714285715,49.142857142857146,48.86666666666667
2025-09-30,P002,Electronics,S04,45,3188.94,15,1,1,Tuesday,September,Q3,0,0,Autumn,Stormy,0,2883.32,99.32,Online,Corporate,3766.55,None,39.0,56.0,47.0,61.857142857142854,52.57142857142857,49.2
2025-09-30,P001,Electronics,S02,43,1589.294244043351,5,1,1,Tuesday,September,Q3,0,0,Autumn,Cloudy,0,1500.963053907556,99.48806458735396,Online,Wholesale,5153.370354886089,None,39.0,13.0,17.0,38.857142857142854,33.57142857142857,41.666666666666664
2025-10-01,P004,Stationery,S02,47,3020.76,15,1,1,Wednesday,October,Q4,0,0,Autumn,Clear,0,2797.92,99.4,Wholesale,Corporate,9618.13,None,2.0,68.0,31.0,37.714285714285715,43.142857142857146,43.233333333333334
2025-10-01,P001,Electronics,S01,55,3405.941913554555,1,1,1,Wednesday,October,Q4,0,0,Autumn,Clear,1,3231.161092412783,95.90593402714518,In-Store,Corporate,9389.846732988657,None,53.0,79.0,72.0,58.285714285714285,53.92857142857143,49.96666666666667
2025-10-02,P006,Apparel,S04,52,4038.82,20,1,1,Thursday,October,Q4,1,0,Autumn,Clear,0,3863.1,106.24,Wholesale,Corporate,1726.42,Gandhi Jayanti,6.0,14.0,53.0,23.714285714285715,39.0,33.766666666666666
2025-10-02,P001,Electronics,S01,88,1794.650684949673,0,1,1,Thursday,October,Q4,1,0,Autumn,Clear,1,1875.786334479647,107.5677902884487,Online,Corporate,5078.760330934653,Gandhi Jayanti,55.0,67.0,42.0,54.857142857142854,52.714285714285715,49.53333333333333
2025-10-02,P003,Furniture,S01,37,2717.853867418215,7,1,1,Thursday,October,Q4,1,0,Autumn,Clear,0,2719.480041300021,100.4470853368191,Wholesale,Retail,4391.095938603613,Gandhi Jayanti,43.0,91.0,28.0,64.42857142857143,58.214285714285715,48.06666666666667
2025-10-02,P007,Sports,S04,73,1401.463223792129,11,1,1,Thursday,October,Q4,1,0,Autumn,Stormy,0,1334.842860342167,101.4637197616334,Online,Wholesale,7953.31635570218,Gandhi Jayanti,56.0,59.0,61.0,54.857142857142854,53.5,47.36666666666667
2025-10-02,P006,Apparel,S04,48,2450.241773486227,8,1,1,Thursday,October,Q4,1,0,Autumn,Sunny,0,2262.941694596447,109.7028586651261,Wholesale,Corporate,8424.062536723835,Gandhi Jayanti,52.0,6.0,53.0,29.142857142857142,38.92857142857143,35.266666666666666
2025-10-03,P002,Electronics,S02,37,4572.973127477612,12,1,1,Friday,October,Q4,0,0,Autumn,Stormy,0,4852.975477950063,98.42843722301825,Wholesale,Retail,5026.425277163315,None,65.0,1.0,65.0,25.285714285714285,35.142857142857146,36.06666666666667
2025-10-03,P007,Sports,S03,63,4900.102144388268,17,1,1,Friday,October,Q4,0,0,Autumn,Rainy,1,4448.092025569431,97.76639639725025,Online,Wholesale,4785.451182175138,None,7.0,94.0,55.0,40.857142857142854,55.357142857142854,54.43333333333333
2025-10-03,P004,Stationery,S02,47,3107.6,0,1,1,Friday,October,Q4,0,0,Autumn,Cloudy,0,2927.01,95.71,Online,Corporate,8868.61,None,47.0,4.0,69.0,34.714285714285715,44.285714285714285,43.46666666666667
2025-10-03,P002,Electronics,S03,49,2821.96102216679,0,1,1,Friday,October,Q4,0,0,Autumn,Cloudy,0,2747.828311633862,105.9151068281752,In-Store,Retail,6824.742576586422,None,51.0,51.0,13.0,52.0,43.07142857142857,35.03333333333333
2025-10-04,P002,Electronics,S04,43,3198.417840727053,18,1,1,Saturday,October,Q4,0,1,Autumn,Stormy,0,2877.607744041177,99.73856689998748,Online,Corporate,3662.954358180269,None,45.0,101.0,52.0,60.285714285714285,52.42857142857143,49.56666666666667
2025-10-04,P006,Apparel,S02,0,1038.63,20,1,0,Saturday,October,Q4,0,1,Autumn,Sunny,0,1004.92,96.71,Online,Retail,5838.82,None,53.0,56.0,28.0,39.857142857142854,49.857142857142854,45.233333333333334
2025-10-04,P007,Sports,S03,80,3141.893543348484,24,1,1,Saturday,October,Q4,0,1,Autumn,Stormy,0,2897.707084830927,101.0844022929983,Online,Retail,2983.552202878647,None,63.0,54.0,36.0,36.42857142857143,55.92857142857143,54.43333333333333
2025-10-05,P008,Appliances,S03,55,4969.58,20,1,1,Sunday,October,Q4,0,1,Autumn,Sunny,1,4738.49,97.27,Wholesale,Wholesale,6240.75,None,89.0,38.0,13.0,51.285714285714285,44.285714285714285,42.93333333333333
2025-10-05,P002,Electronics,S02,46,1715.581616869996,0,0,1,Sunday,October,Q4,0,1,Autumn,Stormy,0,1666.611413861145,106.4893748710136,Wholesale,Wholesale,0.0,None,37.0,4.0,52.0,30.428571428571427,33.142857142857146,37.3
2025-10-06,P004,Stationery,S02,77,1643.011229243106,13,1,1,Monday,October,Q4,0,0,Autumn,Cloudy,0,1726.870350171936,104.5006037859251,Online,Retail,5167.301773111904,None,47.0,38.0,65.0,40.857142857142854,42.714285714285715,43.766666666666666
2025-10-06,P002,Electronics,S01,24,4647.83,5,1,1,Monday,October,Q4,0,0,Autumn,Sunny,0,4909.64,104.14,Online,Wholesale,898.71,None,5.0,66.0,58.0,28.142857142857142,36.07142857142857,34.4
2025-10-07,P002,Electronics,S02,61,3223.65,20,1,1,Tuesday,October,Q4,0,0,Autumn,Cloudy,0,3370.87,105.62,Wholesale,Corporate,7459.24,None,46.0,40.0,3.0,36.42857142857143,32.714285714285715,38.8
2025-10-07,P001,Electronics,S01,67,4094.267697235284,16,1,1,Tuesday,October,Q4,0,0,Autumn,Cloudy,0,4354.11849192774,99.51951162672732,Wholesale,Retail,1739.102148860923,None,88.0,48.0,74.0,57.857142857142854,56.0,50.7
2025-10-07,P002,Electronics,S03,11,2863.335963101224,0,0,0,Tuesday,October,Q4,0,0,Autumn,Stormy,0,2915.16366822586,98.7881093988537,Online,Wholesale,465.6934601244144,None,49.0,0.0,13.0,51.714285714285715,45.642857142857146,35.0
2025-10-08,P003,Furniture,S03,39,1014.985294285379,2,0,1,Wednesday,October,Q4,0,0,Autumn,Cloudy,0,1075.978740268722,95.85572452533017,In-Store,Corporate,0.0,None,26.0,27.0,73.0,28.857142857142858,31.5,24.6
2025-10-08,P004,Stationery,S02,32,2374.725560333241,4,1,1,Wednesday,October,Q4,0,0,Autumn,Cloudy,0,2552.108693846196,103.4452577220645,In-Store,Corporate,5544.423784575702,None,77.0,59.0,37.0,46.42857142857143,43.57142857142857,44.63333333333333
2025-10-08,P002,Electronics,S01,32,4501.042477988196,5,1,1,Wednesday,October,Q4,0,0,Autumn,Stormy,0,4275.211764153697,97.50702630325685,Online,Corporate,2338.387735163374,None,24.0,6.0,37.0,22.142857142857142,33.642857142857146,34.7
2025-10-08,P002,Electronics,S02,0,3306.05,0,0,1,Wednesday,October,Q4,0,0,Autumn,Rainy,0,3616.58,106.54,Online,Retail,417.41,None,61.0,1.0,69.0,39.42857142857143,36.857142857142854,39.2
2025-10-09,P001,Electronics,S02,49,1946.52636468962,0,0,1,Thursday,October,Q4,0,0,Autumn,Cloudy,0,1912.505403445845,107.9350993034407,Online,Wholesale,296.6519144026641,None,43.0,13.0,49.0,43.142857142857146,35.42857142857143,40.833333333333336
2025-10-09,P008,Appliances,S03,34,1576.44,0,0,1,Thursday,October,Q4,0,0,Autumn,Cloudy,0,1532.5,104.97,Online,Wholesale,210.86,None,55.0,78.0,86.0,53.714285714285715,47.285714285714285,42.4
2025-10-10,P004,Stationery,S02,42,4048.49,5,1,1,Friday,October,Q4,0,0,Autumn,Stormy,1,4287.03,100.43,Online,Corporate,1883.05,None,32.0,68.0,38.0,42.57142857142857,43.214285714285715,44.53333333333333
2025-10-11,P001,Electronics,S01,74,2372.205920781291,17,1,1,Saturday,October,Q4,0,1,Autumn,Rainy,1,2395.05826983442,109.6430336826234,Online,Wholesale,4658.485757682583,None,75.0,28.0,82.0,58.57142857142857,58.214285714285715,53.43333333333333
2025-10-11,P001,Electronics,S01,75,606.94,0,1,1,Saturday,October,Q4,0,1,Autumn,Stormy,0,593.98,95.56,Wholesale,Retail,9073.86,None,67.0,89.0,37.0,60.57142857142857,55.5,51.56666666666667
2025-10-11,P006,Apparel,S04,2,1642.287217160489,9,1,0,Saturday,October,Q4,0,1,Autumn,Sunny,0,1507.292663119732,97.60866364030575,Online,Corporate,5425.017381753851,None,48.0,50.0,53.0,35.142857142857146,38.57142857142857,35.8
2025-10-12,P005,Home,S02,83,1573.248192771059,8,1,1,Sunday,October,Q4,0,1,Autumn,Sunny,1,1710.57749184602,102.5474214350138,In-Store,Retail,9288.7470553754,None,1.0,98.0,0.0,47.285714285714285,42.42857142857143,40.166666666666664
2025-10-12,P001,Electronics,S03,15,2212.67,15,1,0,Sunday,October,Q4,0,1,Autumn,Cloudy,0,2393.77,95.12,In-Store,Wholesale,6298.81,None,45.0,0.0,1.0,24.857142857142858,25.571428571428573,27.4
2025-10-13,P003,Furniture,S04,51,2341.71,0,1,1,Monday,October,Q4,0,0,Autumn,Stormy,0,2520.14,96.26,Wholesale,Corporate,4204.94,None,47.0,50.0,1.0,62.714285714285715,50.857142857142854,43.766666666666666
2025-10-13,P006,Apparel,S02,83,698.3023948157715,22,1,1,Monday,October,Q4,0,0,Autumn,Stormy,0,771.4115457859343,105.0176718856416,Wholesale,Retail,5054.840062619944,None,0.0,24.0,100.0,31.857142857142858,47.857142857142854,43.6
2025-10-13,P005,Home,S04,65,4527.059922362985,15,1,1,Monday,October,Q4,0,0,Autumn,Stormy,1,4186.301808886655,97.57587241252865,Wholesale,Corporate,8174.22386958644,None,2.0,3.0,33.0,26.142857142857142,35.642857142857146,40.8
2025-10-14,P005,Home,S02,51,2620.462157608736,9,1,1,Tuesday,October,Q4,0,0,Autumn,Sunny,0,2564.076417755853,106.4571351554196,Online,Corporate,783.036797670402,None,1.0,64.0,59.0,45.142857142857146,47.92857142857143,38.06666666666667
2025-10-14,P005,Home,S02,1,3984.546086023152,11,1,0,Tuesday,October,Q4,0,0,Autumn,Rainy,1,4360.594729045384,107.5964343068418,Online,Corporate,8215.255194797304,None,83.0,1.0,7.0,45.142857142857146,48.357142857142854,39.733333333333334
2025-10-14,P003,Furniture,S03,0,1225.93,10,1,0,Tuesday,October,Q4,0,0,Autumn,Cloudy,1,1186.87,104.54,Online,Retail,8958.03,None,39.0,35.0,25.0,30.571428571428573,29.071428571428573,25.9
2025-10-15,P006,Apparel,S01,19,4896.423449994378,5,1,1,Wednesday,October,Q4,0,0,Autumn,Cloudy,0,4964.433181816105,109.0370870015889,Online,Retail,7563.280121243935,None,23.0,18.0,47.0,29.714285714285715,43.214285714285715,42.166666666666664
2025-10-15,P005,Home,S02,0,4194.7,0,1,0,Wednesday,October,Q4,0,0,Autumn,Sunny,0,4481.27,98.9,Wholesale,Corporate,1676.22,None,51.0,11.0,4.0,43.285714285714285,47.357142857142854,39.53333333333333
2025-10-16,P002,Electronics,S04,92,1630.21,15,1,1,Thursday,October,Q4,0,0,Autumn,Stormy,0,1787.67,107.08,Wholesale,Wholesale,7289.15,None,43.0,100.0,20.0,52.0,51.785714285714285,49.7
2025-10-17,P001,Electronics,S02,83,2012.209817851518,23,1,1,Friday,October,Q4,0,0,Autumn,Cloudy,0,1937.501116707518,98.90827551321462,In-Store,Wholesale,2172.427223167953,None,49.0,17.0,1.0,48.285714285714285,35.42857142857143,41.96666666666667
2025-10-17,P008,Appliances,S01,101,667.4278753586761,12,1,1,Friday,October,Q4,0,0,Autumn,Sunny,0,651.602052776631,104.6625519598172,In-Store,Wholesale,5751.67309724847,None,2.0,1.0,45.0,19.285714285714285,31.571428571428573,36.5
2025-10-17,P004,Stationery,S04,67,1402.095000864641,12,1,1,Friday,October,Q4,0,0,Autumn,Sunny,0,1468.797017101771,108.7845213513843,Online,Retail,7769.466071536902,None,73.0,63.0,0.0,47.857142857142854,33.0,38.86666666666667
2025-10-17,P004,Stationery,S03,0,1636.17,15,1,0,Friday,October,Q4,0,0,Autumn,Rainy,0,1642.61,98.71,In-Store,Wholesale,6032.51,None,49.0,70.0,73.0,39.0,47.07142857142857,49.56666666666667
2025-10-18,P006,Apparel,S04,91,670.34,15,1,1,Saturday,October,Q4,0,1,Autumn,Stormy,0,615.67,101.37,Online,Corporate,2540.45,None,2.0,22.0,44.0,28.285714285714285,34.92857142857143,34.9
2025-10-18,P004,Stationery,S01,1,4961.307925869022,18,1,0,Saturday,October,Q4,0,1,Autumn,Clear,0,5142.665105546311,108.1696891556863,Online,Corporate,6152.088708134695,None,60.0,4.0,93.0,44.714285714285715,37.285714285714285,29.7
2025-10-18,P003,Furniture,S01,44,2714.049164639329,3,1,1,Saturday,October,Q4,0,1,Autumn,Clear,0,2727.495346111122,101.2588350285693,Wholesale,Retail,4511.784247638617,None,37.0,56.0,52.0,56.714285714285715,58.857142857142854,47.333333333333336
2025-10-18,P007,Sports,S01,4,4206.290154269958,0,0,0,Saturday,October,Q4,0,1,Autumn,Clear,0,3959.710197351414,105.6971815958443,In-Store,Retail,71.76025120454034,None,76.0,59.0,86.0,57.0,51.857142857142854,52.166666666666664
2025-10-19,P005,Home,S03,59,806.7960901736567,6,1,1,Sunday,October,Q4,0,1,Autumn,Rainy,0,747.0077258672663,102.2781324802303,In-Store,Corporate,3018.440998185886,None,57.0,29.0,0.0,39.42857142857143,32.5,37.03333333333333
2025-10-19,P005,Home,S04,15,4834.34533615098,2,1,1,Sunday,October,Q4,0,1,Autumn,Rainy,0,4916.049818987315,108.2138090528035,Wholesale,Corporate,8541.768015427191,None,65.0,20.0,40.0,35.0,37.92857142857143,41.03333333333333
2025-10-19,P002,Electronics,S03,0,3448.75,5,1,0,Sunday,October,Q4,0,1,Autumn,Clear,1,3641.07,108.08,Wholesale,Corporate,6546.38,None,11.0,83.0,54.0,53.285714285714285,45.5,33.86666666666667
2025-10-20,P008,Appliances,S04,49,3712.24,5,1,1,Monday,October,Q4,1,0,Autumn,Rainy,1,3435.4,105.67,Online,Wholesale,5375.26,Diwali,37.0,1.0,89.0,35.0,50.5,44.3
2025-10-20,P002,Electronics,S01,104,2650.490321105152,17,1,1,Monday,October,Q4,1,0,Autumn,Clear,1,2707.398989743559,99.26398906215174,Online,Corporate,982.9636205433644,Diwali,32.0,44.0,1.0,25.857142857142858,33.285714285714285,34.56666666666667
2025-10-21,P002,Electronics,S02,0,2386.08,0,0,0,Tuesday,October,Q4,0,0,Autumn,Cloudy,0,2434.57,101.13,Online,Corporate,285.88,None,0.0,62.0,47.0,39.285714285714285,31.928571428571427,37.03333333333333
2025-10-21,P002,Electronics,S04,20,3767.927796919839,2,0,1,Tuesday,October,Q4,0,0,Autumn,Clear,1,4106.305413753957,98.45129608413313,Online,Corporate,0.0,None,92.0,37.0,52.0,50.857142857142854,56.92857142857143,51.833333333333336
2025-10-22,P001,Electronics,S01,72,605.5914128271797,1,1,1,Wednesday,October,Q4,0,0,Autumn,Stormy,0,585.6842819182621,95.33242418264992,Wholesale,Retail,9339.489721876931,None,74.0,44.0,1.0,65.14285714285714,57.642857142857146,53.13333333333333
2025-10-22,P001,Electronics,S02,38,765.16,0,0,1,Wednesday,October,Q4,0,0,Autumn,Cloudy,0,692.93,97.14,Wholesale,Corporate,24.33,None,83.0,97.0,31.0,57.714285714285715,41.285714285714285,43.13333333333333
2025-10-22,P007,Sports,S02,19,4752.001404563455,0,1,1,Wednesday,October,Q4,0,0,Autumn,Stormy,0,4589.924152012942,109.7318253579128,Wholesale,Corporate,1880.351658122429,None,55.0,0.0,1.0,41.42857142857143,41.142857142857146,38.166666666666664
2025-10-23,P003,Furniture,S02,5,687.6445792380986,10,1,0,Thursday,October,Q4,0,0,Autumn,Clear,0,698.941878721472,100.5061530810988,Wholesale,Wholesale,7453.586908259563,None,32.0,72.0,40.0,30.571428571428573,28.357142857142858,38.2
2025-10-23,P005,Home,S03,78,1234.79,20,1,1,Thursday,October,Q4,0,0,Autumn,Sunny,0,1246.53,96.01,Online,Corporate,5071.18,None,59.0,77.0,22.0,43.714285714285715,36.714285714285715,36.36666666666667
2025-10-24,P005,Home,S02,1,3982.086351601631,17,1,0,Friday,October,Q4,0,0,Autumn,Rainy,1,4358.484674791525,107.6661493855104,Online,Corporate,8365.851510837332,None,0.0,99.0,64.0,41.714285714285715,47.07142857142857,38.63333333333333
2025-10-24,P005,Home,S04,62,4521.38,20,1,1,Friday,October,Q4,0,0,Autumn,Stormy,1,4189.34,97.08,Wholesale,Corporate,7735.95,None,15.0,20.0,2.0,34.285714285714285,36.142857142857146,40.53333333333333
2025-10-24,P004,Stationery,S02,3,4896.903681315782,0,0,1,Friday,October,Q4,0,0,Autumn,Clear,0,5171.5396156755,101.5986372226277,Online,Corporate,0.0,None,42.0,25.0,37.0,38.857142857142854,43.5,45.9
2025-10-25,P008,Appliances,S02,0,4358.46,0,0,0,Saturday,October,Q4,0,1,Autumn,Clear,0,4260.16,108.5,In-Store,Wholesale,22.91,None,42.0,33.0,1.0,33.714285714285715,38.42857142857143,42.266666666666666
2025-10-25,P005,Home,S04,41,2537.453952693122,2,1,1,Saturday,October,Q4,0,1,Autumn,Sunny,0,2355.933855127445,97.39222067194689,In-Store,Corporate,6275.778931908015,None,62.0,45.0,40.0,40.285714285714285,40.42857142857143,40.2
2025-10-25,P005,Home,S01,29,2381.000413754402,3,0,1,Saturday,October,Q4,0,1,Autumn,Cloudy,0,2326.252721232778,109.979370389479,Online,Wholesale,110.7129113779471,None,51.0,54.0,5.0,33.57142857142857,32.285714285714285,36.733333333333334
2025-10-25,P001,Electronics,S02,50,1600.374715235943,6,1,1,Saturday,October,Q4,0,1,Autumn,Cloudy,0,1485.957215861496,99.44919262718008,Online,Wholesale,5627.312646732064,None,38.0,49.0,26.0,49.285714285714285,41.785714285714285,42.733333333333334
2025-10-25,P006,Apparel,S03,35,3475.600847769913,9,1,1,Saturday,October,Q4,0,1,Autumn,Sunny,0,3502.028734448531,109.672116976177,Online,Corporate,7965.355121957345,None,53.0,3.0,53.0,28.285714285714285,35.214285714285715,39.8
2025-10-26,P008,Appliances,S03,78,3300.4,20,1,1,Sunday,October,Q4,0,1,Autumn,Sunny,1,3386.28,106.57,In-Store,Wholesale,6629.02,None,34.0,31.0,12.0,47.42857142857143,43.57142857142857,42.2
2025-10-26,P008,Appliances,S04,104,1015.438280370148,16,1,1,Sunday,October,Q4,0,1,Autumn,Clear,0,1085.12741864867,106.8506491320822,Online,Wholesale,7146.132041392361,None,49.0,1.0,68.0,41.857142857142854,47.642857142857146,45.13333333333333
2025-10-27,P007,Sports,S01,77,1665.167536826286,19,1,1,Monday,October,Q4,0,0,Autumn,Rainy,0,1792.357870956548,107.8267111809746,Online,Retail,1911.901685520814,None,4.0,2.0,0.0,49.142857142857146,46.0,50.63333333333333
2025-10-27,P002,Electronics,S02,1,4784.81,10,1,0,Monday,October,Q4,0,0,Autumn,Sunny,1,4805.63,106.26,Wholesale,Retail,1642.69,None,0.0,4.0,40.0,30.428571428571427,28.571428571428573,35.46666666666667
2025-10-27,P004,Stationery,S04,4,2176.84576880954,17,1,0,Monday,October,Q4,0,0,Autumn,Sunny,0,1980.043625179492,96.29621380780738,In-Store,Corporate,5219.478960718017,None,67.0,28.0,1.0,48.42857142857143,37.785714285714285,40.233333333333334
2025-10-27,P008,Appliances,S03,7,4368.331347451149,14,1,0,Monday,October,Q4,0,0,Autumn,Rainy,0,4398.567163177539,102.0973977176763,In-Store,Wholesale,4209.39775650022,None,78.0,81.0,70.0,54.142857142857146,48.285714285714285,42.03333333333333
2025-10-28,P003,Furniture,S01,0,1519.82,0,0,0,Tuesday,October,Q4,0,0,Autumn,Stormy,0,1613.11,104.1,In-Store,Wholesale,22.49,None,44.0,16.0,78.0,55.0,58.285714285714285,48.233333333333334
2025-10-28,P007,Sports,S03,82,3128.316807668687,18,1,1,Tuesday,October,Q4,0,0,Autumn,Stormy,0,2899.601332665728,100.7025495062386,Online,Retail,2660.211170153542,None,80.0,62.0,76.0,40.142857142857146,59.07142857142857,57.1
2025-10-29,P005,Home,S02,59,1052.447152115644,1,1,1,Wednesday,October,Q4,0,0,Autumn,Cloudy,0,1123.542614364101,104.039104206246,In-Store,Corporate,1746.679192613491,None,1.0,57.0,86.0,27.714285714285715,42.57142857142857,36.766666666666666
2025-10-29,P002,Electronics,S04,28,1710.211046028602,0,0,1,Wednesday,October,Q4,0,0,Autumn,Stormy,1,1588.097695024589,100.8210626639926,In-Store,Retail,0.0,None,58.0,44.0,31.0,48.714285714285715,55.357142857142854,49.96666666666667
2025-10-29,P004,Stationery,S01,1,4958.482956885195,10,1,0,Wednesday,October,Q4,0,0,Autumn,Clear,0,5131.677417819909,108.1996818867684,Online,Corporate,6665.982999186845,None,1.0,76.0,3.0,44.285714285714285,30.714285714285715,27.3
2025-10-29,P003,Furniture,S02,1,1822.342298841476,5,1,0,Wednesday,October,Q4,0,0,Autumn,Sunny,1,1772.86160562073,96.4626008838091,Wholesale,Corporate,8348.094710925128,None,5.0,41.0,1.0,21.0,25.857142857142858,37.3
2025-10-29,P004,Stationery,S02,49,3313.144033132506,4,1,1,Wednesday,October,Q4,0,0,Autumn,Rainy,0,3057.368655388092,104.3865109610881,Online,Wholesale,5282.397282231567,None,3.0,2.0,63.0,35.714285714285715,41.07142857142857,44.86666666666667
2025-10-29,P003,Furniture,S04,1,3341.171098574514,16,1,0,Wednesday,October,Q4,0,0,Autumn,Rainy,0,3471.810582673266,99.1258286271383,In-Store,Wholesale,9454.00981575522,None,51.0,52.0,70.0,62.857142857142854,54.42857142857143,45.43333333333333
2025-10-29,P002,Electronics,S04,58,646.7744280404978,0,0,1,Wednesday,October,Q4,0,0,Autumn,Stormy,0,574.80171584584,97.66879778508536,In-Store,Corporate,475.3398788725063,None,20.0,56.0,48.0,48.42857142857143,54.642857142857146,49.666666666666664
2025-10-29,P001,Electronics,S03,62,2297.68,5,1,1,Wednesday,October,Q4,0,0,Autumn,Clear,0,2243.46,96.37,Online,Wholesale,2097.48,None,15.0,14.0,46.0,27.0,26.571428571428573,27.866666666666667
2025-10-30,P003,Furniture,S02,15,1426.66,0,0,1,Thursday,October,Q4,0,0,Autumn,Stormy,0,1300.8,109.42,Online,Retail,356.65,None,1.0,64.0,1.0,15.285714285714286,25.857142857142858,34.13333333333333
2025-10-31,P002,Electronics,S04,89,1631.052398480968,18,1,1,Friday,October,Q4,0,0,Autumn,Stormy,0,1785.656892830759,107.0667846200128,Wholesale,Wholesale,7572.949858785013,None,28.0,39.0,53.0,46.42857142857143,55.142857142857146,49.166666666666664
2025-10-31,P005,Home,S04,67,673.97,0,1,1,Friday,October,Q4,0,0,Autumn,Cloudy,0,733.49,108.49,Online,Retail,2776.42,None,41.0,21.0,56.0,39.714285714285715,40.5,39.43333333333333
2025-10-31,P007,Sports,S04,57,1221.232569386686,0,1,1,Friday,October,Q4,0,0,Autumn,Cloudy,0,1228.329022246687,102.3154896157412,In-Store,Corporate,7326.112444445149,None,73.0,58.0,59.0,56.857142857142854,54.357142857142854,47.6
2025-11-01,P004,Stationery,S02,37,3831.988708353614,0,1,1,Saturday,November,Q4,0,1,Autumn,Rainy,1,4179.894323486667,104.8686471546043,Online,Wholesale,7257.253400537122,None,49.0,47.0,68.0,42.42857142857143,40.07142857142857,44.333333333333336
2025-11-01,P004,Stationery,S04,74,2641.38,10,1,1,Saturday,November,Q4,0,1,Autumn,Sunny,0,2409.27,101.97,In-Store,Retail,5099.63,None,4.0,1.0,31.0,45.0,38.0,38.36666666666667
2025-11-01,P005,Home,S04,71,3133.572225516851,17,1,1,Saturday,November,Q4,0,1,Autumn,Stormy,0,2941.331316196464,103.8355298557423,In-Store,Corporate,4453.696932939497,None,67.0,72.0,75.0,46.285714285714285,41.285714285714285,39.13333333333333
2025-11-01,P003,Furniture,S03,34,3510.688511213411,9,1,1,Saturday,November,Q4,0,1,Autumn,Stormy,0,3612.496493506811,103.0542766066592,Online,Corporate,1213.204059944855,None,0.0,38.0,46.0,25.571428571428573,27.285714285714285,24.566666666666666
2025-11-02,P004,Stationery,S03,1,1077.02941192815,0,0,0,Sunday,November,Q4,0,1,Autumn,Clear,0,1094.430773480219,109.1432244870782,Wholesale,Wholesale,0.0,None,0.0,4.0,69.0,29.0,41.857142857142854,47.233333333333334
2025-11-02,P008,Appliances,S04,25,2890.38035419586,4,0,1,Sunday,November,Q4,0,1,Autumn,Cloudy,0,2948.02945385551,100.5893469939259,Wholesale,Corporate,477.1774438586043,None,104.0,97.0,74.0,56.57142857142857,50.214285714285715,46.06666666666667
2025-11-02,P007,Sports,S02,0,4585.93,0,0,0,Sunday,November,Q4,0,1,Autumn,Clear,0,4353.25,103.32,Online,Corporate,284.12,None,19.0,43.0,40.0,44.142857142857146,42.42857142857143,38.766666666666666
2025-11-03,P008,Appliances,S01,35,4262.13,10,1,1,Monday,November,Q4,0,0,Autumn,Rainy,0,4296.6,97.52,Online,Wholesale,9549.82,None,101.0,43.0,0.0,33.57142857142857,35.57142857142857,39.833333333333336
2025-11-03,P003,Furniture,S01,43,373.5722485555598,2,0,1,Monday,November,Q4,0,0,Autumn,Cloudy,0,419.5219351306657,98.84171398665971,In-Store,Corporate,0.0,None,0.0,61.0,67.0,52.714285714285715,52.714285714285715,48.233333333333334
2025-11-03,P005,Home,S02,54,432.9446168007951,0,0,1,Monday,November,Q4,0,0,Autumn,Sunny,0,471.6293029611606,104.6719421864768,Wholesale,Corporate,345.4670241024406,None,59.0,1.0,43.0,28.0,40.642857142857146,38.7
2025-11-04,P007,Sports,S02,64,3734.171845943719,16,1,1,Tuesday,November,Q4,0,0,Autumn,Stormy,0,3720.874881130098,108.3438153872264,Wholesale,Wholesale,8423.345685116925,None,0.0,89.0,65.0,38.0,39.57142857142857,38.666666666666664
2025-11-04,P008,Appliances,S01,0,204.81,5,1,0,Tuesday,November,Q4,0,0,Autumn,Cloudy,0,184.35,109.0,In-Store,Corporate,6179.74,None,35.0,39.0,41.0,32.42857142857143,38.07142857142857,38.86666666666667
2025-11-05,P007,Sports,S03,8,4243.71,0,0,1,Wednesday,November,Q4,0,0,Autumn,Rainy,1,4297.25,99.51,In-Store,Wholesale,61.49,None,82.0,6.0,80.0,43.0,59.5,57.5
2025-11-05,P003,Furniture,S01,82,2891.898824368374,19,1,1,Wednesday,November,Q4,0,0,Autumn,Rainy,0,2737.890499895456,96.39246000147439,In-Store,Wholesale,9839.96943994876,None,43.0,87.0,26.0,50.142857142857146,51.0,46.833333333333336
2025-11-06,P005,Home,S03,8,4351.001507956656,0,0,1,Thursday,November,Q4,0,0,Autumn,Rainy,0,4365.388770977682,105.2623859322915,In-Store,Corporate,201.8949172528353,None,78.0,34.0,38.0,43.857142857142854,40.714285714285715,38.96666666666667
2025-11-06,P003,Furniture,S03,0,4415.74,0,0,1,Thursday,November,Q4,0,0,Autumn,Cloudy,0,4215.28,104.93,In-Store,Corporate,105.31,None,34.0,40.0,30.0,25.0,26.428571428571427,24.966666666666665
2025-11-06,P001,Electronics,S03,30,2436.106911185519,0,0,1,Thursday,November,Q4,0,0,Autumn,Cloudy,1,2219.255633087405,108.7861551407126,Wholesale,Wholesale,551.3883231372989,None,62.0,1.0,52.0,33.857142857142854,27.714285714285715,27.733333333333334
2025-11-07,P006,Apparel,S04,36,4452.533291140061,2,1,1,Friday,November,Q4,0,0,Autumn,Sunny,1,4677.600419492231,100.79617771892,In-Store,Corporate,6610.621148895686,None,91.0,62.0,66.0,38.142857142857146,38.285714285714285,35.43333333333333
2025-11-07,P005,Home,S04,33,1590.833625388647,4,0,1,Friday,November,Q4,0,0,Autumn,Rainy,0,1633.618104240084,99.10384535770848,In-Store,Corporate,650.471705274055,None,71.0,2.0,70.0,46.142857142857146,41.0,39.96666666666667
2025-11-07,P004,Stationery,S01,19,2207.266269529557,0,0,1,Friday,November,Q4,0,0,Autumn,Sunny,0,2139.699130952527,105.1285332522188,Online,Corporate,0.0,None,1.0,64.0,1.0,33.57142857142857,30.571428571428573,25.566666666666666
2025-11-07,P006,Apparel,S01,0,4587.29,0,0,0,Friday,November,Q4,0,0,Autumn,Stormy,0,4955.6,105.09,In-Store,Wholesale,447.63,None,19.0,10.0,43.0,29.857142857142858,41.214285714285715,42.766666666666666
2025-11-08,P003,Furniture,S01,36,853.3298188889057,0,0,1,Saturday,November,Q4,0,1,Autumn,Stormy,0,930.0207130173399,97.93957816659656,Online,Retail,144.6404750146058,None,82.0,97.0,35.0,49.42857142857143,55.0,48.833333333333336
2025-11-08,P002,Electronics,S03,2,746.153619357959,0,0,0,Saturday,November,Q4,0,1,Autumn,Cloudy,0,738.1831789880384,108.2217699434881,Wholesale,Wholesale,726.0244959739111,None,0.0,47.0,73.0,41.42857142857143,41.642857142857146,32.2
2025-11-08,P007,Sports,S02,7,3097.031722595785,0,1,0,Saturday,November,Q4,0,1,Autumn,Clear,0,3348.948338452205,102.5830478481531,Online,Retail,4599.377706885487,None,64.0,69.0,48.0,34.42857142857143,39.5,39.96666666666667
2025-11-08,P008,Appliances,S04,91,2783.03,20,1,1,Saturday,November,Q4,0,1,Autumn,Clear,0,3001.54,107.24,In-Store,Wholesale,1672.45,None,25.0,91.0,38.0,46.285714285714285,46.714285714285715,46.86666666666667
2025-11-09,P007,Sports,S03,92,2056.4,20,1,1,Sunday,November,Q4,0,1,Autumn,Sunny,0,2003.13,97.89,Online,Retail,7559.87,None,8.0,1.0,82.0,43.285714285714285,54.357142857142854,55.233333333333334
2025-11-09,P006,Apparel,S01,49,1494.361870581407,3,1,1,Sunday,November,Q4,0,1,Autumn,Cloudy,0,1606.566942915382,99.67470336817802,Wholesale,Corporate,2544.745688718609,None,0.0,44.0,71.0,28.428571428571427,38.142857142857146,41.96666666666667
2025-11-09,P006,Apparel,S03,56,1158.299122759242,3,1,1,Sunday,November,Q4,0,1,Autumn,Rainy,0,1244.27487576601,108.9142830210822,Wholesale,Retail,864.1991370953003,None,35.0,45.0,1.0,32.857142857142854,33.92857142857143,39.36666666666667
2025-11-09,P004,Stationery,S01,3,3049.647199177107,0,0,1,Sunday,November,Q4,0,1,Autumn,Cloudy,0,3206.679174832759,97.99419444381635,In-Store,Wholesale,429.5608269838995,None,19.0,20.0,36.0,27.142857142857142,31.857142857142858,26.133333333333333
2025-11-09,P002,Electronics,S04,28,1707.708416897809,0,0,1,Sunday,November,Q4,0,1,Autumn,Stormy,1,1583.910789840196,100.7269678167197,In-Store,Retail,520.2280977358225,None,89.0,45.0,56.0,53.57142857142857,57.714285714285715,50.733333333333334
2025-11-09,P008,Appliances,S01,1,209.1146022100114,8,1,0,Sunday,November,Q4,0,1,Autumn,Cloudy,0,178.622135989119,109.1104767225023,In-Store,Corporate,6169.897632976915,None,0.0,43.0,70.0,26.857142857142858,35.142857142857146,38.7
2025-11-10,P005,Home,S03,10,1119.26,20,1,0,Monday,November,Q4,0,0,Autumn,Cloudy,0,1059.77,102.41,In-Store,Retail,3167.19,None,8.0,63.0,1.0,40.142857142857146,38.57142857142857,39.2
2025-11-10,P002,Electronics,S01,44,3273.118261719444,11,1,1,Monday,November,Q4,0,0,Autumn,Clear,0,3401.552907626972,95.71358445565996,Wholesale,Retail,3401.023401630695,None,104.0,52.0,68.0,34.42857142857143,40.642857142857146,36.5
2025-11-10,P002,Electronics,S04,20,2576.467309502648,0,0,1,Monday,November,Q4,0,0,Autumn,Rainy,0,2510.057915158774,98.93331406627223,Online,Retail,368.7899771202785,None,28.0,43.0,101.0,51.142857142857146,55.714285714285715,50.86666666666667
2025-11-10,P004,Stationery,S01,3,4957.40692555132,18,1,0,Monday,November,Q4,0,0,Autumn,Clear,0,5137.108035423134,108.3541322274249,Online,Corporate,6099.963940533599,None,3.0,4.0,5.0,24.714285714285715,29.5,26.133333333333333
2025-11-11,P004,Stationery,S01,89,1141.22,20,1,1,Tuesday,November,Q4,0,0,Autumn,Sunny,0,1156.99,102.41,Wholesale,Retail,6768.47,None,3.0,85.0,0.0,24.571428571428573,29.357142857142858,23.3
2025-11-12,P003,Furniture,S01,48,3023.19,15,1,1,Wednesday,November,Q4,0,0,Autumn,Rainy,0,3285.34,107.83,Wholesale,Wholesale,7931.4,None,36.0,43.0,78.0,40.714285714285715,55.07142857142857,48.46666666666667
2025-11-12,P004,Stationery,S03,4,1628.307806839799,14,1,0,Wednesday,November,Q4,0,0,Autumn,Rainy,0,1632.626025014002,98.26907754390601,In-Store,Wholesale,5922.36884319564,None,1.0,74.0,78.0,28.571428571428573,37.0,44.2
2025-11-13,P004,Stationery,S04,1,2172.91479813006,17,1,0,Thursday,November,Q4,0,0,Autumn,Sunny,0,1982.878478373494,96.51830013956717,In-Store,Corporate,4979.059137562463,None,74.0,2.0,4.0,55.42857142857143,41.07142857142857,39.266666666666666
2025-11-13,P002,Electronics,S03,1,379.118288493422,16,1,0,Thursday,November,Q4,0,0,Autumn,Stormy,0,400.2860241988993,108.703712182249,In-Store,Corporate,8559.380878283207,None,2.0,51.0,74.0,35.0,36.57142857142857,30.366666666666667
2025-11-13,P001,Electronics,S02,13,3007.318917296949,3,0,1,Thursday,November,Q4,0,0,Autumn,Sunny,0,3015.821725181212,102.0089924161933,Wholesale,Retail,44.26872889525958,None,50.0,44.0,42.0,49.42857142857143,43.5,43.1
2025-11-13,P004,Stationery,S01,0,4961.37,15,1,0,Thursday,November,Q4,0,0,Autumn,Clear,0,5140.65,108.25,Online,Corporate,6589.18,None,89.0,60.0,71.0,25.142857142857142,35.714285714285715,25.533333333333335
2025-11-13,P005,Home,S03,55,805.9287932178298,2,1,1,Thursday,November,Q4,0,0,Autumn,Rainy,0,737.3479653630045,101.9904896563106,In-Store,Corporate,3508.529362999599,None,10.0,8.0,3.0,32.57142857142857,39.214285714285715,39.43333333333333
2025-11-14,P003,Furniture,S02,4,1812.407232637429,7,1,0,Friday,November,Q4,0,0,Autumn,Sunny,1,1776.512535878634,96.58912600666281,Wholesale,Corporate,8015.133267041111,None,15.0,2.0,69.0,8.285714285714286,26.857142857142858,31.933333333333334
2025-11-14,P002,Electronics,S02,39,4560.708819364221,18,1,1,Friday,November,Q4,0,0,Autumn,Stormy,0,4846.753315074944,98.71785570798113,Wholesale,Retail,5575.087526111,None,1.0,65.0,39.0,30.0,25.785714285714285,33.36666666666667
2025-11-14,P001,Electronics,S03,66,2276.23,5,1,1,Friday,November,Q4,0,0,Autumn,Sunny,1,2261.02,100.42,Online,Wholesale,2633.21,None,30.0,44.0,0.0,38.0,26.142857142857142,26.6
2025-11-14,P001,Electronics,S02,38,766.6257796169886,0,0,1,Friday,November,Q4,0,0,Autumn,Cloudy,0,686.3100744933689,97.60610822490965,Wholesale,Corporate,415.481033406651,None,13.0,39.0,32.0,45.0,41.42857142857143,40.7
2025-11-15,P005,Home,S04,23,2755.57,0,0,1,Saturday,November,Q4,0,1,Autumn,Rainy,0,2525.1,103.58,Online,Wholesale,112.81,None,33.0,65.0,3.0,50.57142857142857,38.357142857142854,39.6
2025-11-15,P002,Electronics,S01,70,4126.344181926911,17,1,1,Saturday,November,Q4,0,1,Autumn,Clear,0,4305.372394587746,109.172708644014,Online,Wholesale,618.843892485298,None,44.0,23.0,37.0,33.285714285714285,38.92857142857143,37.06666666666667
2025-11-15,P004,Stationery,S02,41,4579.611041554984,0,1,1,Saturday,November,Q4,0,1,Autumn,Sunny,0,4794.621567049447,102.6671003214112,In-Store,Wholesale,3772.899290856999,None,37.0,47.0,4.0,41.0,37.857142857142854,44.4
2025-11-15,P003,Furniture,S01,29,2094.763795131223,0,0,1,Saturday,November,Q4,0,1,Autumn,Cloudy,1,2011.919849464152,109.1598859747897,Wholesale,Wholesale,731.2901800010748,None,48.0,37.0,91.0,41.42857142857143,52.92857142857143,48.9
2025-11-16,P005,Home,S03,3,995.0733813339086,14,1,0,Sunday,November,Q4,0,1,Autumn,Cloudy,1,947.6926392233911,104.8579935025316,Wholesale,Retail,6094.689426150596,None,55.0,8.0,37.0,39.285714285714285,42.92857142857143,39.36666666666667
2025-11-16,P005,Home,S04,18,2750.722441489626,3,0,1,Sunday,November,Q4,0,1,Autumn,Rainy,0,2522.492501406326,103.7920700021207,Online,Wholesale,0.0,None,23.0,15.0,20.0,44.57142857142857,39.785714285714285,39.266666666666666
2025-11-16,P007,Sports,S01,20,4601.58,0,0,1,Sunday,November,Q4,0,1,Autumn,Cloudy,0,4717.53,96.45,In-Store,Corporate,404.03,None,77.0,62.0,17.0,59.857142857142854,51.5,53.166666666666664
2025-11-17,P001,Electronics,S02,32,3230.951187474137,0,0,1,Monday,November,Q4,0,0,Autumn,Clear,0,3460.551819051906,95.81833465667167,Online,Retail,661.4624447365754,None,38.0,43.0,13.0,44.857142857142854,41.857142857142854,38.766666666666666
2025-11-17,P006,Apparel,S03,57,1386.34,5,1,1,Monday,November,Q4,0,0,Autumn,Cloudy,0,1475.52,102.8,Online,Retail,7869.62,None,56.0,39.0,57.0,34.42857142857143,37.857142857142854,39.3
2025-11-17,P003,Furniture,S02,35,2510.358830805261,4,1,1,Monday,November,Q4,0,0,Autumn,Clear,0,2537.999613949472,109.9467774266387,Wholesale,Retail,2635.760248593337,None,4.0,3.0,0.0,8.571428571428571,22.214285714285715,30.933333333333334
2025-11-18,P008,Appliances,S01,45,3201.67,10,1,1,Tuesday,November,Q4,0,0,Autumn,Sunny,0,3468.51,100.66,Wholesale,Retail,7935.14,None,1.0,2.0,74.0,20.857142857142858,30.214285714285715,37.2
2025-11-18,P005,Home,S02,47,1729.893022440853,2,0,1,Tuesday,November,Q4,0,0,Autumn,Clear,1,1566.845807173704,96.4751125953222,Wholesale,Wholesale,111.7458474818394,None,54.0,83.0,98.0,35.57142857142857,41.42857142857143,39.333333333333336
2025-11-18,P007,Sports,S04,95,1588.073461721763,20,1,1,Tuesday,November,Q4,0,0,Autumn,Stormy,0,1690.294421633441,104.1164784060507,Online,Retail,3644.419112538586,None,57.0,49.0,61.0,56.714285714285715,54.214285714285715,48.93333333333333
2025-11-19,P001,Electronics,S04,81,462.99,10,1,1,Wednesday,November,Q4,0,0,Autumn,Sunny,0,479.43,103.39,In-Store,Corporate,4315.99,None,52.0,45.0,65.0,40.714285714285715,43.57142857142857,49.6
2025-11-19,P006,Apparel,S01,61,3284.615916617758,19,1,1,Wednesday,November,Q4,0,0,Autumn,Sunny,0,3259.806267387578,101.6664053660937,In-Store,Wholesale,9804.570601331152,None,49.0,40.0,20.0,29.142857142857142,36.57142857142857,43.1
2025-11-20,P007,Sports,S02,4,4350.0,20,1,0,Thursday,November,Q4,0,0,Autumn,Sunny,0,4249.01,106.93,Wholesale,Wholesale,1462.14,None,7.0,3.0,62.0,25.571428571428573,36.57142857142857,39.96666666666667
2025-11-20,P007,Sports,S03,82,3128.632589510646,15,1,1,Thursday,November,Q4,0,0,Autumn,Stormy,0,2898.349701169034,101.5488009580859,Online,Retail,3167.192943496767,None,92.0,62.0,87.0,56.285714285714285,55.07142857142857,55.266666666666666
2025-11-20,P005,Home,S02,11,3567.675824649498,16,1,0,Thursday,November,Q4,0,0,Autumn,Clear,0,3916.737312566664,101.8936400161772,Online,Wholesale,4354.828564014572,None,47.0,1.0,1.0,30.428571428571427,37.785714285714285,40.833333333333336
2025-11-21,P001,Electronics,S04,50,2682.62,10,1,1,Friday,November,Q4,0,0,Autumn,Sunny,0,2420.95,105.7,Wholesale,Retail,9091.51,None,81.0,26.0,52.0,45.857142857142854,44.714285714285715,50.13333333333333
2025-11-22,P003,Furniture,S03,9,1905.88,5,1,0,Saturday,November,Q4,0,1,Autumn,Stormy,0,1807.98,106.96,Online,Retail,3460.84,None,0.0,13.0,39.0,19.285714285714285,24.285714285714285,24.2
2025-11-22,P001,Electronics,S02,42,4562.192453379304,1,1,1,Saturday,November,Q4,0,1,Autumn,Cloudy,0,4135.810386743499,103.7968761073958,Wholesale,Corporate,2226.647196830344,None,32.0,49.0,13.0,43.285714285714285,43.214285714285715,37.1
2025-11-23,P003,Furniture,S03,21,3485.117361458997,3,0,1,Sunday,November,Q4,0,1,Autumn,Rainy,1,3152.56786670573,106.7299558103585,Online,Wholesale,900.3737893111131,None,9.0,23.0,20.0,18.714285714285715,22.142857142857142,24.466666666666665
2025-11-23,P007,Sports,S03,8,939.4897895855748,0,0,0,Sunday,November,Q4,0,1,Autumn,Rainy,0,910.1090211466822,103.5175948768048,Wholesale,Corporate,176.9902872024676,None,82.0,7.0,73.0,59.142857142857146,54.714285714285715,56.7
2025-11-23,P007,Sports,S03,64,1693.7,10,1,1,Sunday,November,Q4,0,1,Autumn,Rainy,0,1628.89,100.14,In-Store,Retail,5417.97,None,8.0,63.0,94.0,59.285714285714285,50.07142857142857,55.766666666666666
2025-11-24,P005,Home,S01,2,1572.672186145324,4,0,0,Monday,November,Q4,0,0,Autumn,Sunny,0,1503.492467999833,104.1399129482027,In-Store,Corporate,435.4100115405272,None,29.0,8.0,24.0,30.0,34.0,35.93333333333333
2025-11-24,P006,Apparel,S03,57,1393.834749693303,4,1,1,Monday,November,Q4,0,0,Autumn,Cloudy,0,1468.678580687462,102.8612842433731,Online,Retail,7945.204151372603,None,57.0,0.0,39.0,37.0,37.857142857142854,39.7
2025-11-24,P003,Furniture,S01,5,1339.46,20,1,0,Monday,November,Q4,0,0,Autumn,Sunny,0,1297.62,109.65,Wholesale,Retail,7960.01,None,29.0,44.0,56.0,40.285714285714285,48.5,49.06666666666667
2025-11-25,P007,Sports,S02,5,4358.807606729914,15,1,0,Tuesday,November,Q4,0,0,Autumn,Sunny,0,4246.206065257745,107.3310120426115,Wholesale,Wholesale,1823.525172986329,None,4.0,31.0,9.0,25.714285714285715,32.42857142857143,39.1
2025-11-25,P006,Apparel,S02,58,3405.73,15,1,1,Tuesday,November,Q4,0,0,Autumn,Clear,0,3645.5,103.49,In-Store,Wholesale,3346.5,None,83.0,0.0,26.0,40.285714285714285,46.642857142857146,45.53333333333333
2025-11-25,P001,Electronics,S01,1,2250.401456408313,0,1,0,Tuesday,November,Q4,0,0,Autumn,Cloudy,0,2178.137313997226,97.68404015744376,Wholesale,Wholesale,771.8602638590348,None,72.0,53.0,39.0,69.14285714285714,62.714285714285715,54.166666666666664
2025-11-26,P006,Apparel,S02,85,703.27,20,1,1,Wednesday,November,Q4,0,0,Autumn,Stormy,0,762.34,104.58,Wholesale,Retail,4932.1,None,58.0,53.0,74.0,48.57142857142857,48.92857142857143,47.43333333333333
2025-11-26,P002,Electronics,S02,1,3314.595804923309,0,0,1,Wednesday,November,Q4,0,0,Autumn,Rainy,0,3625.761263475405,106.8795169374264,Online,Retail,325.0770539061274,None,39.0,37.0,1.0,26.285714285714285,25.785714285714285,33.13333333333333
2025-11-27,P006,Apparel,S01,54,3284.182045342084,24,1,1,Thursday,November,Q4,0,0,Autumn,Sunny,0,3267.093530738694,101.9582066846509,In-Store,Wholesale,9758.212760743827,None,61.0,73.0,57.0,32.142857142857146,39.5,44.266666666666666
2025-11-27,P004,Stationery,S02,73,2507.58,20,1,1,Thursday,November,Q4,0,0,Autumn,Stormy,0,2457.59,107.39,Online,Corporate,593.97,None,41.0,77.0,38.0,40.142857142857146,40.5,44.5
2025-11-28,P008,Appliances,S04,3,2718.208506944356,18,1,0,Friday,November,Q4,0,0,Autumn,Cloudy,0,2699.568544732936,98.22514806745077,Online,Corporate,3710.695656475326,None,91.0,0.0,87.0,46.285714285714285,50.5,48.96666666666667
2025-11-28,P005,Home,S01,49,3547.888846970074,7,1,1,Friday,November,Q4,0,0,Autumn,Cloudy,0,3581.926965978758,99.39483447954412,Online,Corporate,1575.412733065245,None,2.0,2.0,50.0,29.142857142857142,32.42857142857143,32.333333333333336
2025-11-28,P003,Furniture,S03,31,1023.336465808589,0,0,1,Friday,November,Q4,0,0,Autumn,Cloudy,0,1079.819075809431,95.29916063634998,In-Store,Corporate,435.4471904897094,None,21.0,26.0,6.0,18.428571428571427,22.214285714285715,23.466666666666665
2025-11-28,P008,Appliances,S01,40,245.8186521432348,0,0,1,Friday,November,Q4,0,0,Autumn,Rainy,0,268.0323264858341,106.1468542545227,In-Store,Retail,0.0,None,45.0,5.0,72.0,27.0,28.142857142857142,37.2
2025-11-28,P003,Furniture,S02,76,947.772603441084,11,1,1,Friday,November,Q4,0,0,Autumn,Rainy,0,1022.210523295941,106.2519692432771,In-Store,Wholesale,5262.436641462737,None,35.0,0.0,57.0,13.142857142857142,24.714285714285715,32.0
2025-11-28,P006,Apparel,S01,23,2862.52,0,0,1,Friday,November,Q4,0,0,Autumn,Rainy,1,3098.8,100.4,Online,Retail,98.91,None,54.0,0.0,86.0,29.428571428571427,39.285714285714285,44.06666666666667
2025-11-29,P002,Electronics,S01,31,4511.051387347867,8,1,1,Saturday,November,Q4,0,1,Autumn,Stormy,0,4287.784042356713,98.00697667573617,Online,Corporate,2985.831602775678,None,70.0,1.0,106.0,40.0,41.285714285714285,39.333333333333336
2025-11-29,P007,Sports,S01,56,1323.535441862928,4,1,1,Saturday,November,Q4,0,1,Autumn,Cloudy,1,1345.266725865895,106.7147713325616,Wholesale,Corporate,4043.389462368784,None,20.0,59.0,39.0,53.857142857142854,51.714285714285715,53.733333333333334
2025-11-29,P003,Furniture,S02,72,4449.83,15,1,1,Saturday,November,Q4,0,1,Autumn,Cloudy,1,4223.75,97.94,Online,Corporate,9151.17,None,76.0,32.0,15.0,24.0,26.071428571428573,33.46666666666667
2025-11-30,P001,Electronics,S02,83,2018.83,20,1,1,Sunday,November,Q4,0,1,Autumn,Cloudy,0,1940.12,98.6,In-Store,Wholesale,2127.92,None,42.0,83.0,17.0,42.285714285714285,45.285714285714285,35.6
2025-12-01,P007,Sports,S03,56,4146.122480330697,19,1,1,Monday,December,Q4,0,0,Winter,Cloudy,1,3932.479284971738,98.2037220647999,Online,Retail,1141.381936216794,None,64.0,80.0,54.0,59.42857142857143,47.92857142857143,55.43333333333333
2025-12-01,P005,Home,S03,35,3773.154557730509,4,1,1,Monday,December,Q4,0,0,Winter,Stormy,0,3853.179140422663,110.3095514573622,In-Store,Wholesale,6880.79095499078,None,3.0,57.0,78.0,38.57142857142857,40.5,37.5
2025-12-01,P007,Sports,S01,38,768.77,0,0,1,Monday,December,Q4,0,0,Winter,Clear,0,798.65,99.77,In-Store,Wholesale,122.27,None,56.0,60.0,41.0,53.42857142857143,52.92857142857143,52.86666666666667
2025-12-02,P001,Electronics,S02,15,4301.29,0,0,1,Tuesday,December,Q4,0,0,Winter,Rainy,0,4412.66,99.2,Online,Wholesale,484.19,None,83.0,38.0,97.0,42.285714285714285,50.0,35.733333333333334
2025-12-03,P008,Appliances,S02,52,3691.03,20,1,1,Wednesday,December,Q4,0,0,Winter,Clear,0,3445.53,100.82,Wholesale,Wholesale,4055.53,None,0.0,45.0,0.0,29.0,38.357142857142854,40.7
2025-12-03,P004,Stationery,S01,1,826.4790164815194,0,0,0,Wednesday,December,Q4,0,0,Winter,Clear,1,783.5659090381192,98.6440232453343,Wholesale,Retail,605.6868028892179,None,0.0,1.0,4.0,16.571428571428573,30.642857142857142,25.5
2025-12-04,P008,Appliances,S02,36,1744.75,0,1,1,Thursday,December,Q4,0,0,Winter,Stormy,0,1773.08,104.57,Wholesale,Wholesale,847.74,None,52.0,55.0,63.0,30.0,42.07142857142857,42.4
2025-12-04,P003,Furniture,S02,2,1806.723771320369,6,1,0,Thursday,December,Q4,0,0,Winter,Sunny,1,1772.251746181926,95.87240624234323,Wholesale,Corporate,8289.273978633119,None,72.0,5.0,72.0,29.714285714285715,30.142857142857142,33.9
2025-12-05,P004,Stationery,S02,29,2369.98,0,1,1,Friday,December,Q4,0,0,Winter,Cloudy,0,2554.23,103.57,In-Store,Corporate,5730.24,None,73.0,32.0,59.0,39.57142857142857,43.0,45.733333333333334
2025-12-06,P004,Stationery,S02,62,756.5713002958709,14,1,1,Saturday,December,Q4,0,1,Winter,Clear,0,815.0060668906939,109.5570318228747,Wholesale,Retail,4952.931647841094,None,29.0,42.0,68.0,39.142857142857146,40.857142857142854,44.733333333333334
2025-12-06,P003,Furniture,S01,91,1616.23,10,1,1,Saturday,December,Q4,0,1,Winter,Rainy,1,1467.91,102.68,In-Store,Corporate,4785.94,None,5.0,0.0,16.0,34.714285714285715,44.857142857142854,48.0
2025-12-06,P003,Furniture,S04,59,4188.998100541238,4,1,1,Saturday,December,Q4,0,1,Winter,Clear,0,3914.919757315578,103.8062023012872,Wholesale,Wholesale,2114.827708490402,None,1.0,62.0,65.0,55.57142857142857,49.5,45.43333333333333
2025-12-06,P002,Electronics,S04,33,1724.758542714697,0,0,1,Saturday,December,Q4,0,1,Winter,Stormy,1,1585.665696529184,100.2647458917424,In-Store,Retail,410.3106056404191,None,20.0,92.0,100.0,47.857142857142854,49.92857142857143,51.03333333333333
2025-12-07,P007,Sports,S04,53,1964.06,5,1,1,Sunday,December,Q4,0,1,Winter,Cloudy,0,1777.36,101.63,In-Store,Wholesale,1220.94,None,95.0,65.0,21.0,63.285714285714285,56.642857142857146,52.06666666666667
2025-12-08,P002,Electronics,S03,14,4244.5,10,1,0,Monday,December,Q4,0,0,Winter,Sunny,0,4606.65,96.48,Online,Corporate,863.67,None,1.0,81.0,2.0,27.857142857142858,31.357142857142858,30.366666666666667
2025-12-08,P005,Home,S03,82,1238.806202381276,19,1,1,Monday,December,Q4,0,0,Winter,Sunny,0,1248.050277325635,95.72750051017879,Online,Corporate,5567.90263382622,None,35.0,59.0,29.0,35.42857142857143,37.42857142857143,37.63333333333333
2025-12-09,P003,Furniture,S01,1,795.4813346724312,2,0,0,Tuesday,December,Q4,0,0,Winter,Cloudy,0,849.1885424126153,95.62278915150846,In-Store,Corporate,196.9977675791723,None,91.0,43.0,61.0,47.714285714285715,50.214285714285715,50.766666666666666
2025-12-09,P001,Electronics,S02,40,4560.137469598768,6,1,1,Tuesday,December,Q4,0,0,Winter,Cloudy,0,4152.241266116591,104.0655233644545,Wholesale,Corporate,2340.423043669251,None,15.0,50.0,49.0,39.0,44.142857142857146,35.63333333333333
2025-12-09,P004,Stationery,S03,22,1143.9,0,0,1,Tuesday,December,Q4,0,0,Winter,Cloudy,0,1190.95,109.97,Wholesale,Wholesale,271.56,None,4.0,0.0,1.0,18.571428571428573,31.714285714285715,42.56666666666667
2025-12-09,P007,Sports,S02,1,2557.553746955721,6,1,0,Tuesday,December,Q4,0,0,Winter,Clear,0,2770.413748518714,100.6527533704583,Online,Wholesale,8912.454190159213,None,5.0,55.0,61.0,22.0,32.142857142857146,39.266666666666666
2025-12-10,P006,Apparel,S02,18,3341.560113617657,4,0,1,Wednesday,December,Q4,0,0,Winter,Stormy,0,3448.55088188393,101.2362589194487,Online,Wholesale,0.0,None,85.0,88.0,66.0,53.142857142857146,49.714285714285715,47.766666666666666
2025-12-10,P001,Electronics,S02,52,1947.541927662428,0,0,1,Wednesday,December,Q4,0,0,Winter,Cloudy,0,1906.115235527249,107.416095015764,Online,Wholesale,214.348520809403,None,40.0,13.0,44.0,37.57142857142857,43.5,36.56666666666667
2025-12-10,P002,Electronics,S01,66,726.5033257154281,3,0,1,Wednesday,December,Q4,0,0,Winter,Clear,1,739.6986336860907,102.995319805172,In-Store,Wholesale,321.0644496251797,None,31.0,5.0,1.0,44.285714285714285,35.92857142857143,40.333333333333336
2025-12-10,P006,Apparel,S04,28,4467.694542938482,0,1,1,Wednesday,December,Q4,0,0,Winter,Sunny,1,4672.891806506775,100.349231529834,In-Store,Corporate,6273.002382780664,None,36.0,6.0,53.0,34.42857142857143,36.142857142857146,35.63333333333333
2025-12-10,P005,Home,S01,37,3896.37,0,0,1,Wednesday,December,Q4,0,0,Winter,Stormy,1,4097.27,95.18,Wholesale,Wholesale,494.64,None,49.0,50.0,5.0,35.857142857142854,32.357142857142854,33.63333333333333
2025-12-10,P008,Appliances,S03,86,2247.611691790077,23,1,1,Wednesday,December,Q4,0,0,Winter,Cloudy,1,2292.082424422881,104.287011781736,Online,Wholesale,5433.337363194192,None,7.0,31.0,30.0,43.57142857142857,43.785714285714285,41.0
2025-12-10,P001,Electronics,S01,34,2486.885239227127,0,1,1,Wednesday,December,Q4,0,0,Winter,Rainy,0,2617.815640009271,104.4711114613107,Online,Wholesale,1178.298405527898,None,1.0,55.0,79.0,61.714285714285715,60.0,52.7
2025-12-11,P006,Apparel,S03,57,1383.925011917058,9,1,1,Thursday,December,Q4,0,0,Winter,Cloudy,0,1483.310211416786,102.9271655852221,Online,Retail,7509.96235796891,None,57.0,57.0,37.0,45.142857142857146,39.142857142857146,39.6
2025-12-11,P003,Furniture,S03,37,1026.658626894419,0,0,1,Thursday,December,Q4,0,0,Winter,Cloudy,0,1083.604406351027,95.64835007810515,In-Store,Corporate,420.6623489408518,None,31.0,39.0,27.0,19.142857142857142,24.0,24.466666666666665
2025-12-11,P003,Furniture,S04,76,1292.38,15,1,1,Thursday,December,Q4,0,0,Winter,Stormy,0,1296.47,106.79,In-Store,Wholesale,8236.78,None,59.0,55.0,0.0,55.142857142857146,49.07142857142857,46.06666666666667
2025-12-12,P006,Apparel,S01,47,1702.76,0,1,1,Friday,December,Q4,0,0,Winter,Rainy,0,1685.72,103.38,In-Store,Retail,5986.33,None,23.0,23.0,73.0,32.714285714285715,34.785714285714285,42.5
2025-12-13,P003,Furniture,S03,23,4728.1,0,1,1,Saturday,December,Q4,0,1,Winter,Cloudy,0,4651.64,105.29,In-Store,Wholesale,5607.24,None,37.0,0.0,35.0,18.857142857142858,24.714285714285715,25.7
2025-12-13,P005,Home,S02,1,3682.481065911053,0,1,0,Saturday,December,Q4,0,1,Winter,Clear,0,3468.272407646759,101.0268411762276,Online,Retail,2191.838874912768,None,11.0,51.0,64.0,31.857142857142858,38.5,41.166666666666664
2025-12-14,P001,Electronics,S04,84,461.7979092473062,12,1,1,Sunday,December,Q4,0,1,Winter,Sunny,0,470.3519860729502,102.9238793318711,In-Store,Corporate,3998.520581472621,None,50.0,28.0,81.0,49.285714285714285,44.57142857142857,49.766666666666666
2025-12-14,P005,Home,S03,32,3786.656854202961,9,1,1,Sunday,December,Q4,0,1,Winter,Stormy,0,3850.544761729339,110.3919354070443,In-Store,Wholesale,6942.558907078337,None,82.0,78.0,77.0,38.714285714285715,41.214285714285715,40.06666666666667
2025-12-14,P002,Electronics,S01,5,887.1704006083764,0,1,0,Sunday,December,Q4,0,1,Winter,Sunny,0,817.3939618079437,109.7546675232194,In-Store,Retail,6548.463819507488,None,66.0,24.0,66.0,53.0,40.57142857142857,41.0
2025-12-14,P006,Apparel,S01,46,2924.37,0,0,1,Sunday,December,Q4,0,1,Winter,Cloudy,1,3000.31,104.05,Wholesale,Wholesale,433.47,None,47.0,19.0,18.0,36.142857142857146,32.92857142857143,41.266666666666666
2025-12-15,P007,Sports,S02,17,4753.72,0,1,1,Monday,December,Q4,0,0,Winter,Stormy,0,4590.99,109.43,Wholesale,Corporate,1385.79,None,1.0,19.0,0.0,14.285714285714286,27.857142857142858,38.4
2025-12-15,P004,Stationery,S01,63,775.0345990695125,4,1,1,Monday,December,Q4,0,0,Winter,Clear,0,775.4841144934073,103.4944320915365,In-Store,Wholesale,7298.898567385322,None,1.0,1.0,76.0,16.571428571428573,30.428571428571427,25.5
2025-12-16,P002,Electronics,S02,9,353.88,15,1,0,Tuesday,December,Q4,0,0,Winter,Stormy,0,331.71,96.04,In-Store,Corporate,2455.98,None,1.0,46.0,4.0,21.142857142857142,25.785714285714285,32.56666666666667
2025-12-17,P004,Stationery,S02,77,2504.853090132088,23,1,1,Wednesday,December,Q4,0,0,Winter,Stormy,0,2464.938366851335,107.0026999859293,Online,Corporate,178.3211911598841,None,62.0,3.0,25.0,42.0,40.42857142857143,44.333333333333336
2025-12-17,P007,Sports,S04,59,2663.920825500778,0,1,1,Wednesday,December,Q4,0,0,Winter,Sunny,0,2655.647903067858,98.59353830091963,Online,Retail,1673.720953304986,None,53.0,88.0,4.0,61.57142857142857,58.92857142857143,53.666666666666664
2025-12-17,P005,Home,S01,27,2382.39,0,0,1,Wednesday,December,Q4,0,0,Winter,Cloudy,0,2330.5,109.84,Online,Wholesale,209.21,None,37.0,68.0,23.0,34.0,34.642857142857146,32.63333333333333
2025-12-18,P002,Electronics,S04,48,4784.46,20,1,1,Thursday,December,Q4,0,0,Winter,Rainy,0,4602.42,107.27,Wholesale,Corporate,2008.42,None,33.0,20.0,37.0,39.42857142857143,45.142857142857146,50.733333333333334
2025-12-18,P005,Home,S02,30,1742.753001114517,2,0,1,Thursday,December,Q4,0,0,Winter,Clear,0,1836.085557247791,105.2862262994131,In-Store,Retail,0.0,None,1.0,0.0,11.0,24.714285714285715,34.0,40.06666666666667
2025-12-18,P008,Appliances,S01,34,4269.047141349308,10,1,1,Thursday,December,Q4,0,0,Winter,Rainy,0,4304.281575884709,97.17916246758307,Online,Wholesale,9274.45651186149,None,40.0,2.0,5.0,32.0,25.857142857142858,38.46666666666667
2025-12-19,P005,Home,S02,58,2611.88,15,1,1,Friday,December,Q4,0,0,Winter,Cloudy,0,2354.58,97.14,Online,Corporate,6246.06,None,30.0,1.0,99.0,29.0,35.357142857142854,41.0
2025-12-19,P007,Sports,S02,29,4311.933405491128,14,1,1,Friday,December,Q4,0,0,Winter,Rainy,0,4557.026727586117,109.2054110471474,Online,Retail,5422.095675232279,None,17.0,0.0,43.0,14.0,29.071428571428573,38.13333333333333
2025-12-20,P008,Appliances,S01,45,3032.47075426822,7,1,1,Saturday,December,Q4,0,1,Winter,Clear,0,3231.291322396718,97.59055476130777,In-Store,Retail,6160.134328848724,None,34.0,101.0,1.0,36.57142857142857,27.928571428571427,38.2
2025-12-20,P004,Stationery,S03,48,4569.45,5,1,1,Saturday,December,Q4,0,1,Winter,Stormy,1,4148.22,96.37,Wholesale,Corporate,3794.43,None,22.0,1.0,79.0,21.714285714285715,33.214285714285715,40.8
2025-12-21,P005,Home,S04,76,3142.53,20,1,1,Sunday,December,Q4,0,1,Winter,Stormy,0,2941.14,104.27,In-Store,Corporate,4154.32,None,18.0,62.0,20.0,45.0,39.642857142857146,39.233333333333334
2025-12-22,P006,Apparel,S02,100,937.0416489353886,18,1,1,Monday,December,Q4,0,0,Winter,Stormy,1,953.4310146857526,96.43540296908694,In-Store,Corporate,7801.13292026053,None,18.0,5.0,71.0,43.142857142857146,46.285714285714285,47.266666666666666
2025-12-22,P005,Home,S03,60,794.076245446109,2,1,1,Monday,December,Q4,0,0,Winter,Rainy,0,737.6009329646341,102.173411330621,In-Store,Corporate,3078.325294423602,None,32.0,8.0,34.0,32.142857142857146,38.0,41.03333333333333
2025-12-22,P003,Furniture,S01,16,4835.575290998125,9,1,1,Monday,December,Q4,0,0,Winter,Sunny,0,4655.610254801127,99.09746145311921,Online,Corporate,8727.112962430592,None,27.0,36.0,97.0,33.857142857142854,41.642857142857146,46.96666666666667
2025-12-22,P003,Furniture,S01,27,2089.05,0,0,1,Monday,December,Q4,0,0,Winter,Cloudy,1,2002.1,108.74,Wholesale,Wholesale,361.2,None,1.0,82.0,87.0,41.714285714285715,45.92857142857143,49.3
2025-12-23,P004,Stationery,S04,0,2174.14,20,1,0,Tuesday,December,Q4,0,0,Winter,Sunny,0,1990.0,96.58,In-Store,Corporate,4783.89,None,1.0,74.0,1.0,55.285714285714285,40.857142857142854,39.266666666666666
2025-12-24,P004,Stationery,S02,42,1730.78306055143,0,1,1,Wednesday,December,Q4,0,0,Winter,Sunny,0,1702.614625974173,101.378909057978,Wholesale,Wholesale,8346.169226761416,None,77.0,49.0,2.0,52.57142857142857,44.142857142857146,45.93333333333333
2025-12-24,P007,Sports,S02,32,2157.649853538913,0,0,1,Wednesday,December,Q4,0,0,Winter,Cloudy,0,2211.516713283644,108.2745559624549,In-Store,Wholesale,761.8679500780911,None,29.0,64.0,89.0,18.142857142857142,28.071428571428573,38.166666666666664
2025-12-24,P008,Appliances,S03,13,4749.132519213624,13,1,0,Wednesday,December,Q4,0,0,Winter,Rainy,0,5095.67005215549,106.8104714165284,In-Store,Corporate,8221.28997059576,None,86.0,11.0,7.0,51.42857142857143,47.785714285714285,43.7
2025-12-24,P005,Home,S02,52,2629.11,5,1,1,Wednesday,December,Q4,0,0,Winter,Sunny,0,2566.62,106.19,Online,Corporate,858.86,None,58.0,59.0,57.0,37.142857142857146,32.42857142857143,40.1
2025-12-24,P002,Electronics,S04,54,1854.963838133142,0,1,1,Wednesday,December,Q4,0,0,Winter,Sunny,0,1760.222168478135,104.6729891312953,Wholesale,Retail,9529.619273824876,None,48.0,58.0,56.0,43.42857142857143,45.92857142857143,49.46666666666667
2025-12-24,P003,Furniture,S03,1,1221.569296941559,13,1,0,Wednesday,December,Q4,0,0,Winter,Cloudy,1,1188.783475722814,104.4237245972932,Online,Retail,9169.544228874658,None,23.0,34.0,38.0,22.142857142857142,23.857142857142858,25.1
2025-12-25,P006,Apparel,S01,82,973.2829169230015,11,1,1,Thursday,December,Q4,1,0,Winter,Sunny,0,958.3252737302704,104.0526248882075,Online,Retail,3417.148041623323,Christmas,46.0,0.0,10.0,40.0,34.92857142857143,40.4
2025-12-25,P008,Appliances,S03,50,4964.983089980941,16,1,1,Thursday,December,Q4,1,0,Winter,Sunny,1,4728.527686899017,97.72998439503002,Wholesale,Wholesale,6276.066601946784,Christmas,13.0,89.0,43.0,51.714285714285715,48.214285714285715,43.13333333333333
2025-12-25,P005,Home,S01,15,3603.68,0,0,1,Thursday,December,Q4,1,0,Winter,Stormy,0,3292.49,103.23,Online,Wholesale,475.01,Christmas,27.0,2.0,52.0,28.142857142857142,34.92857142857143,31.7
2025-12-26,P003,Furniture,S04,52,4138.05,20,1,1,Friday,December,Q4,0,0,Winter,Rainy,0,4226.59,97.66,Online,Wholesale,7543.74,None,76.0,107.0,53.0,58.142857142857146,54.5,48.6
2025-12-27,P003,Furniture,S01,26,3422.68,0,0,1,Saturday,December,Q4,0,1,Winter,Stormy,0,3202.22,105.72,Wholesale,Wholesale,108.08,None,16.0,48.0,43.0,31.0,35.857142857142854,47.0
2025-12-27,P007,Sports,S03,60,1692.31580812065,8,1,1,Saturday,December,Q4,0,1,Winter,Rainy,0,1632.745419544096,100.6311369311223,In-Store,Retail,5271.756883265953,None,56.0,82.0,62.0,56.0,48.07142857142857,56.233333333333334
2025-12-27,P006,Apparel,S04,88,666.7929190100157,11,1,1,Saturday,December,Q4,0,1,Winter,Stormy,0,616.0592632042332,101.6897155000172,Online,Corporate,2210.487363307003,None,28.0,6.0,58.0,37.57142857142857,34.357142857142854,34.9
2025-12-28,P001,Electronics,S01,57,2074.97,0,1,1,Sunday,December,Q4,0,1,Winter,Clear,0,1887.67,100.66,Online,Retail,4059.12,None,34.0,88.0,67.0,58.714285714285715,56.785714285714285,53.06666666666667
2025-12-28,P007,Sports,S04,5,401.9433526092294,0,0,0,Sunday,December,Q4,0,1,Winter,Rainy,0,446.3686230764025,97.71281456540378,Wholesale,Retail,0.0,None,59.0,9.0,92.0,57.42857142857143,62.857142857142854,54.43333333333333
2025-12-29,P003,Furniture,S04,51,4134.101603733639,15,1,1,Monday,December,Q4,0,0,Winter,Rainy,0,4220.160164363529,98.13038152107931,Online,Wholesale,7496.672157407711,None,52.0,66.0,82.0,50.285714285714285,54.42857142857143,50.266666666666666
2025-12-29,P004,Stationery,S02,62,638.65,5,1,1,Monday,December,Q4,0,0,Winter,Sunny,0,679.59,105.2,Online,Retail,9608.08,None,42.0,37.0,47.0,51.57142857142857,47.0,46.166666666666664
2025-12-30,P002,Electronics,S02,0,3675.26,0,1,0,Tuesday,December,Q4,0,0,Winter,Sunny,0,3544.92,104.4,Wholesale,Retail,9376.11,None,9.0,61.0,40.0,15.857142857142858,26.142857142857142,30.7
2026-01-02,P003,Furniture,S01,54,3058.529719703375,14,1,1,Friday,January,Q1,0,0,Winter,Clear,0,3135.691755764398,106.5420173047894,In-Store,Corporate,221.2269791887756,None,26.0,29.0,37.0,27.857142857142858,34.642857142857146,45.9
2026-01-03,P007,Sports,S01,52,1425.46809348055,0,0,1,Saturday,January,Q1,0,1,Winter,Clear,0,1297.39582768443,104.4555493687919,Online,Retail,430.0639789377531,None,38.0,81.0,58.0,50.285714285714285,52.714285714285715,51.13333333333333
2026-01-03,P007,Sports,S04,54,2663.931985908242,0,1,1,Saturday,January,Q1,0,1,Winter,Sunny,0,2649.865932339363,98.52434809774573,Online,Retail,1356.79434124681,None,5.0,56.0,67.0,56.857142857142854,56.642857142857146,52.63333333333333
2026-01-03,P008,Appliances,S04,100,1012.860153384162,16,1,1,Saturday,January,Q1,0,1,Winter,Rainy,0,1045.487244857083,108.8157000677318,Wholesale,Wholesale,832.3173950297682,None,3.0,18.0,84.0,46.714285714285715,44.5,45.733333333333334
2026-01-03,P005,Home,S03,13,1118.08258811068,20,1,0,Saturday,January,Q1,0,1,Winter,Cloudy,0,1056.142095051872,102.2034891371565,In-Store,Retail,3239.94758064198,None,60.0,10.0,63.0,39.57142857142857,39.857142857142854,42.86666666666667
2026-01-04,P002,Electronics,S03,13,2876.106794944216,0,0,0,Sunday,January,Q1,0,1,Winter,Stormy,0,2921.867627759821,98.76230804066135,Online,Wholesale,171.5378865914785,None,14.0,51.0,10.0,18.285714285714285,32.214285714285715,29.2
2026-01-04,P003,Furniture,S01,38,1860.863149482844,0,0,1,Sunday,January,Q1,0,1,Winter,Rainy,1,1789.807753812715,96.03693873081204,In-Store,Corporate,83.99486968381694,None,54.0,5.0,44.0,31.428571428571427,35.857142857142854,47.1
2026-01-05,P001,Electronics,S01,1,2243.179153731855,0,1,0,Monday,January,Q1,0,0,Winter,Cloudy,0,2181.259567950999,97.892849071415,Wholesale,Wholesale,1486.3258556775,None,57.0,67.0,48.0,54.285714285714285,56.07142857142857,53.63333333333333
2026-01-05,P003,Furniture,S03,18,4737.391619453863,0,1,1,Monday,January,Q1,0,0,Winter,Cloudy,0,4651.846388269956,105.7776481891132,In-Store,Wholesale,5794.143140700564,None,1.0,0.0,40.0,17.428571428571427,21.214285714285715,25.0
2026-01-05,P005,Home,S01,37,3897.900990022883,0,0,1,Monday,January,Q1,0,0,Winter,Stormy,1,4105.09334363771,95.59907786703897,Wholesale,Wholesale,817.9308714023022,None,15.0,51.0,58.0,30.0,32.285714285714285,31.666666666666668
2026-01-05,P006,Apparel,S01,73,3123.029122289698,16,1,1,Monday,January,Q1,0,0,Winter,Stormy,1,3224.230629320632,99.60851849515252,Wholesale,Retail,9615.282258002384,None,82.0,49.0,44.0,51.714285714285715,40.07142857142857,42.36666666666667
2026-01-05,P003,Furniture,S01,1,1526.815176218212,0,0,0,Monday,January,Q1,0,0,Winter,Stormy,0,1610.963807141419,104.3717020996573,In-Store,Wholesale,0.0,None,38.0,91.0,0.0,36.142857142857146,35.42857142857143,46.4
2026-01-08,P008,Appliances,S02,57,4372.971061884306,17,1,1,Thursday,January,Q1,0,0,Winter,Stormy,1,4435.547534129551,107.4739692907847,Online,Retail,1692.036011936292,None,36.0,1.0,72.0,27.285714285714285,40.142857142857146,41.733333333333334
2026-01-09,P001,Electronics,S01,40,1769.575587497197,0,1,1,Friday,January,Q1,0,0,Winter,Stormy,1,1849.350905014954,105.2953109291615,In-Store,Retail,5687.244645625812,None,1.0,75.0,89.0,44.857142857142854,52.714285714285715,53.63333333333333
2026-01-10,P003,Furniture,S01,42,3334.853624905953,5,1,1,Saturday,January,Q1,0,1,Winter,Rainy,0,3494.86839775166,101.453003806282,Online,Retail,5645.196335250503,None,1.0,1.0,43.0,23.285714285714285,35.5,45.5
2026-01-11,P008,Appliances,S03,14,4744.262181002538,19,1,0,Sunday,January,Q1,0,1,Winter,Rainy,0,5097.181144481955,106.6363868161016,In-Store,Corporate,7593.290226038054,None,50.0,55.0,38.0,46.142857142857146,48.714285714285715,43.36666666666667
2026-01-12,P008,Appliances,S01,42,3039.777918109668,5,1,1,Monday,January,Q1,0,0,Winter,Clear,0,3238.721531612397,97.82412292889178,In-Store,Retail,6586.931820984182,None,45.0,35.0,43.0,28.571428571428573,31.071428571428573,37.8
2026-01-12,P003,Furniture,S04,4,696.810933706605,0,1,0,Monday,January,Q1,0,0,Winter,Sunny,0,727.462169610555,102.3745804573017,Online,Retail,3251.982549406334,None,51.0,47.0,2.0,48.142857142857146,52.214285714285715,49.333333333333336
2026-01-12,P001,Electronics,S02,16,3000.314961230039,0,0,1,Monday,January,Q1,0,0,Winter,Sunny,0,3027.429324956235,101.8112342976874,Wholesale,Retail,23.49453786040368,None,52.0,38.0,39.0,43.142857142857146,44.07142857142857,37.03333333333333
2026-01-13,P007,Sports,S03,8,4240.485450693764,0,0,1,Tuesday,January,Q1,0,0,Winter,Rainy,1,4301.115891128709,99.091232483124,In-Store,Wholesale,485.6455369331742,None,60.0,8.0,6.0,52.857142857142854,47.92857142857143,57.266666666666666
2026-01-15,P008,Appliances,S03,81,2246.227886907602,20,1,1,Thursday,January,Q1,0,0,Winter,Cloudy,1,2292.293659737805,104.3358569473936,Online,Wholesale,5417.941402608899,None,14.0,34.0,78.0,40.285714285714285,47.0,42.86666666666667
2026-01-17,P001,Electronics,S02,41,766.1921659277058,0,0,1,Saturday,January,Q1,0,1,Winter,Cloudy,0,692.5084712258094,97.42321767144273,Wholesale,Corporate,128.7133614836521,None,16.0,32.0,43.0,40.0,42.42857142857143,37.53333333333333
2026-01-17,P005,Home,S03,59,2722.516607421411,13,1,1,Saturday,January,Q1,0,1,Winter,Rainy,1,2481.989459541177,103.8498532329896,Wholesale,Wholesale,9892.074533654293,None,13.0,55.0,8.0,40.0,36.285714285714285,40.63333333333333
2026-01-17,P008,Appliances,S02,32,1743.26842899718,1,1,1,Saturday,January,Q1,0,1,Winter,Stormy,0,1772.300349951546,104.5874270048771,Wholesale,Wholesale,1109.028564403719,None,57.0,58.0,60.0,35.285714285714285,39.07142857142857,42.1
2026-01-17,P005,Home,S04,33,1584.989532326224,0,0,1,Saturday,January,Q1,0,1,Winter,Rainy,0,1622.522737248622,98.52120204736947,In-Store,Corporate,754.1068274004083,None,76.0,41.0,45.0,47.0,43.642857142857146,41.666666666666664
2026-01-20,P005,Home,S03,96,878.8935286622575,19,1,1,Tuesday,January,Q1,0,0,Winter,Clear,0,835.6688721600632,96.03155544512896,In-Store,Wholesale,9184.644619339035,None,59.0,3.0,8.0,40.57142857142857,39.92857142857143,40.6
2026-01-21,P008,Appliances,S04,1,2489.964400559723,5,1,0,Wednesday,January,Q1,0,0,Winter,Stormy,0,2617.651240721891,107.2081967725707,Wholesale,Retail,4592.724454571163,None,89.0,49.0,1.0,65.85714285714286,50.42857142857143,51.766666666666666
2026-01-21,P006,Apparel,S01,1,723.3255917058234,0,0,0,Wednesday,January,Q1,0,0,Winter,Stormy,0,732.1264273583693,107.8307295150961,Online,Corporate,0.0,None,73.0,61.0,40.0,55.142857142857146,42.142857142857146,42.166666666666664
2026-01-21,P008,Appliances,S04,89,2780.431373538084,18,1,1,Wednesday,January,Q1,0,0,Winter,Clear,0,3000.464438192256,107.2993186470744,In-Store,Wholesale,1274.407820712125,None,100.0,37.0,22.0,58.42857142857143,45.642857142857146,48.93333333333333
2026-01-22,P005,Home,S02,57,2615.90892415355,10,1,1,Thursday,January,Q1,0,0,Winter,Cloudy,0,2347.486636368128,96.94967573299279,Online,Corporate,5778.836021695183,None,52.0,54.0,1.0,36.142857142857146,32.07142857142857,39.8
2026-01-24,P001,Electronics,S01,70,3566.299584201173,23,1,1,Saturday,January,Q1,0,1,Winter,Sunny,0,3841.952244169612,98.65214270792411,Wholesale,Wholesale,4004.419949096997,None,40.0,74.0,28.0,39.857142857142854,49.214285714285715,53.7
2026-01-25,P006,Apparel,S02,75,665.4637687278686,17,1,1,Sunday,January,Q1,0,1,Winter,Rainy,0,729.0389807095231,95.88982955027765,Wholesale,Corporate,765.0374271292256,None,100.0,53.0,54.0,56.714285714285715,48.357142857142854,49.53333333333333
2026-01-25,P003,Furniture,S01,3,1522.0527706495,0,0,0,Sunday,January,Q1,0,1,Winter,Stormy,0,1621.031304645554,104.0781441653845,In-Store,Wholesale,0.0,None,42.0,27.0,82.0,29.142857142857142,35.42857142857143,45.166666666666664
2026-01-26,P005,Home,S04,63,678.8556242107827,0,1,1,Monday,January,Q1,1,0,Winter,Cloudy,0,724.5551094151479,108.244740857873,Online,Retail,2582.538549516368,Republic Day,33.0,67.0,21.0,45.857142857142854,42.785714285714285,42.766666666666666
2026-01-27,P008,Appliances,S03,9,4361.231380073734,14,1,0,Tuesday,January,Q1,0,0,Winter,Rainy,0,4389.63436135698,101.6236511668261,In-Store,Wholesale,3636.078846990132,None,39.0,7.0,81.0,41.42857142857143,47.785714285714285,44.56666666666667
2026-01-27,P008,Appliances,S03,39,4534.876348290276,9,1,1,Tuesday,January,Q1,0,0,Winter,Cloudy,0,4777.076655063135,101.5633353120851,Wholesale,Corporate,6139.917015493122,None,81.0,78.0,31.0,47.0,47.214285714285715,45.03333333333333
2026-01-28,P006,Apparel,S01,1,727.5912465189122,0,0,0,Wednesday,January,Q1,0,0,Winter,Stormy,0,725.3906653710587,108.2696582960223,Online,Corporate,373.637732459724,None,1.0,54.0,73.0,46.57142857142857,39.357142857142854,42.166666666666664
2026-01-29,P007,Sports,S01,56,388.1497661437692,0,1,1,Thursday,January,Q1,0,0,Winter,Rainy,0,389.1113321688454,104.3814574578014,Online,Corporate,4790.575743729829,None,52.0,76.0,86.0,46.142857142857146,52.285714285714285,50.43333333333333
2026-01-30,P003,Furniture,S01,4,803.9930949821945,0,0,0,Friday,January,Q1,0,0,Winter,Cloudy,0,848.4980359362812,94.9852487434548,In-Store,Corporate,129.6195137934398,None,3.0,16.0,36.0,25.714285714285715,29.785714285714285,42.666666666666664
2026-01-31,P002,Electronics,S03,3,750.1587309080471,0,0,0,Saturday,January,Q1,0,1,Winter,Cloudy,0,741.422196536671,108.4157508210291,Wholesale,Wholesale,607.8933184545162,None,13.0,49.0,51.0,12.857142857142858,32.42857142857143,29.6
2026-01-31,P008,Appliances,S04,96,995.8559465484553,17,1,1,Saturday,January,Q1,0,1,Winter,Rainy,0,1044.007408654028,108.632234349342,Wholesale,Wholesale,1200.933952447519,None,1.0,104.0,1.0,59.0,50.42857142857143,51.766666666666666
2026-02-01,P008,Appliances,S03,7,4369.422655408893,13,1,0,Sunday,February,Q1,0,1,Winter,Rainy,0,4384.742020207409,101.8536863979822,In-Store,Wholesale,3550.294571532583,None,9.0,86.0,31.0,41.714285714285715,42.642857142857146,44.8
2026-02-01,P002,Electronics,S01,69,732.115376363021,0,0,1,Sunday,February,Q1,0,1,Winter,Clear,1,724.7831548394286,103.6577500510771,In-Store,Wholesale,606.3326043786652,None,5.0,32.0,6.0,50.285714285714285,36.214285714285715,41.13333333333333
2026-02-02,P004,Stationery,S04,66,1405.967830657173,10,1,1,Monday,February,Q1,0,0,Winter,Sunny,0,1470.883053309635,108.6840754336726,Online,Retail,8306.234304504993,None,0.0,94.0,63.0,44.714285714285715,40.785714285714285,38.36666666666667
2026-02-02,P007,Sports,S03,78,2582.397445031876,15,1,1,Monday,February,Q1,0,0,Winter,Sunny,0,2738.294134054235,108.5741025114613,Wholesale,Retail,8059.040087007434,None,8.0,92.0,1.0,52.857142857142854,48.07142857142857,56.03333333333333
2026-02-02,P008,Appliances,S03,88,1835.083746511838,23,1,1,Monday,February,Q1,0,0,Winter,Rainy,0,1692.696880958864,109.7130963723039,In-Store,Wholesale,1574.444363403778,None,7.0,13.0,11.0,30.428571428571427,40.92857142857143,43.4
2026-02-03,P003,Furniture,S04,1,703.31904827652,0,1,0,Tuesday,February,Q1,0,0,Winter,Sunny,0,732.8005336370222,102.406511923994,Online,Retail,2779.313500638506,None,4.0,51.0,50.0,42.0,52.357142857142854,47.833333333333336
2026-02-03,P002,Electronics,S02,2,1577.480692929957,4,0,0,Tuesday,February,Q1,0,0,Winter,Stormy,0,1612.648195169441,109.4281404558093,Wholesale,Wholesale,103.7529426064224,None,0.0,0.0,1.0,7.142857142857143,23.285714285714285,29.2
2026-02-03,P006,Apparel,S04,31,1980.330422922329,4,0,1,Tuesday,February,Q1,0,0,Winter,Cloudy,0,2134.996591540971,95.82903270159954,Wholesale,Corporate,170.3477152399594,None,88.0,52.0,14.0,49.285714285714285,36.5,37.1
2026-02-04,P003,Furniture,S02,2,2287.922413897441,15,1,0,Wednesday,February,Q1,0,0,Winter,Rainy,0,2195.142969483706,101.5352402977962,In-Store,Corporate,521.0269762884384,None,2.0,1.0,41.0,29.285714285714285,25.142857142857142,31.5
2026-02-04,P006,Apparel,S02,87,713.0112309352135,17,1,1,Wednesday,February,Q1,0,0,Winter,Stormy,0,758.568790958995,104.5285972859839,Wholesale,Retail,5013.265320794326,None,75.0,0.0,56.0,59.857142857142854,49.857142857142854,50.2
2026-02-04,P001,Electronics,S01,74,598.4844946313076,3,1,1,Wednesday,February,Q1,0,0,Winter,Stormy,0,599.0643299238708,95.92090058618021,Wholesale,Retail,8627.78705680428,None,70.0,72.0,44.0,39.285714285714285,52.214285714285715,53.266666666666666
2026-02-05,P003,Furniture,S04,1,692.79877941289,4,1,0,Thursday,February,Q1,0,0,Winter,Sunny,0,731.7341754450019,102.360762922725,Online,Retail,2511.688971528071,None,1.0,1.0,52.0,34.857142857142854,48.857142857142854,46.3
2026-02-05,P007,Sports,S02,15,4746.667065000121,4,1,1,Thursday,February,Q1,0,0,Winter,Stormy,0,4588.208106309386,109.6009080599324,Wholesale,Corporate,1007.845529376662,None,32.0,7.0,69.0,13.571428571428571,24.0,36.3
2026-02-05,P005,Home,S03,77,1241.982087430301,18,1,1,Thursday,February,Q1,0,0,Winter,Sunny,0,1244.337056423548,95.53329032066199,Online,Corporate,5109.670547054488,None,96.0,35.0,57.0,53.857142857142854,46.214285714285715,40.766666666666666
2026-02-06,P007,Sports,S02,20,4763.6660177906,0,1,1,Friday,February,Q1,0,0,Winter,Stormy,0,4596.882891445915,109.7993804565036,Wholesale,Corporate,1200.140568008639,None,15.0,4.0,3.0,14.714285714285714,20.142857142857142,35.96666666666667
2026-02-07,P006,Apparel,S04,1,4058.783486997862,0,0,1,Saturday,February,Q1,0,1,Winter,Sunny,0,3739.408481093272,95.25740143391914,Online,Retail,289.2162961066325,None,31.0,48.0,6.0,46.285714285714285,37.714285714285715,38.0
2026-02-08,P002,Electronics,S03,16,2864.401518111099,0,0,0,Sunday,February,Q1,0,1,Winter,Stormy,0,2916.784364771635,98.97882882731821,Online,Wholesale,0.0,None,3.0,11.0,0.0,6.285714285714286,29.0,28.066666666666666
2026-02-08,P001,Electronics,S03,1,4922.914289003703,0,0,1,Sunday,February,Q1,0,1,Winter,Stormy,0,4660.700164239025,101.5206034260445,Wholesale,Retail,378.0942916528623,None,66.0,1.0,52.0,41.142857142857146,30.857142857142858,28.766666666666666
2026-02-09,P002,Electronics,S01,4,3752.442230043904,0,0,1,Monday,February,Q1,0,0,Winter,Sunny,0,3893.760313526956,97.11512634921459,In-Store,Corporate,0.0,None,69.0,104.0,44.0,55.57142857142857,40.714285714285715,42.766666666666666
2026-02-09,P005,Home,S01,48,4532.803314455747,14,1,1,Monday,February,Q1,0,0,Winter,Stormy,0,4558.206556549876,102.1435338681212,Wholesale,Corporate,4713.718340418452,None,37.0,29.0,54.0,28.0,30.785714285714285,32.4
2026-02-09,P003,Furniture,S03,34,1018.706638657997,0,0,1,Monday,February,Q1,0,0,Winter,Cloudy,0,1084.75401432125,95.6836765165492,In-Store,Corporate,577.1953446208844,None,18.0,9.0,13.0,20.0,19.642857142857142,25.566666666666666
2026-02-10,P003,Furniture,S01,1,1527.032630947161,3,0,0,Tuesday,February,Q1,0,0,Winter,Stormy,0,1608.489569128614,104.1591077999247,In-Store,Wholesale,0.0,None,4.0,26.0,48.0,24.0,27.5,40.56666666666667
2026-02-10,P002,Electronics,S01,72,752.5302725657194,9,1,1,Tuesday,February,Q1,0,0,Winter,Sunny,1,787.8987855773734,105.7605133530217,Wholesale,Wholesale,9768.172800805101,None,4.0,44.0,52.0,41.285714285714285,37.857142857142854,40.53333333333333
2026-02-10,P003,Furniture,S02,18,3616.539251442943,2,0,1,Tuesday,February,Q1,0,0,Winter,Rainy,0,3426.052358974857,95.66683833890225,In-Store,Wholesale,503.3541238611606,None,2.0,15.0,64.0,29.428571428571427,22.357142857142858,28.333333333333332
2026-02-10,P007,Sports,S03,72,2572.358865972518,15,1,1,Tuesday,February,Q1,0,0,Winter,Sunny,0,2727.137081006362,108.1355494965938,Wholesale,Retail,8033.015243592521,None,78.0,82.0,62.0,50.857142857142854,53.57142857142857,55.5
2026-02-13,P007,Sports,S03,7,4251.108646855823,4,0,1,Friday,February,Q1,0,0,Winter,Rainy,1,4296.194367118434,99.20084747616477,In-Store,Wholesale,0.0,None,72.0,8.0,7.0,49.42857142857143,54.285714285714285,56.4
2026-02-14,P006,Apparel,S04,22,1999.115188696298,0,0,1,Saturday,February,Q1,0,1,Winter,Cloudy,0,2134.905233439986,95.97373733857577,Wholesale,Corporate,675.0446180689356,None,1.0,2.0,50.0,39.57142857142857,37.357142857142854,37.1
2026-02-15,P001,Electronics,S02,80,2017.397074707419,19,1,1,Sunday,February,Q1,0,1,Winter,Cloudy,0,1946.242567739545,98.39428771750008,In-Store,Wholesale,2236.019665686646,None,41.0,42.0,49.0,41.285714285714285,42.285714285714285,38.4
2026-02-17,P007,Sports,S04,1,411.1382111709877,0,0,0,Tuesday,February,Q1,0,0,Winter,Rainy,0,445.3334619501693,97.22178715543508,Wholesale,Retail,174.2845565621134,None,54.0,73.0,59.0,56.57142857142857,55.714285714285715,53.2
2026-02-17,P001,Electronics,S04,84,464.853499403585,9,1,1,Tuesday,February,Q1,0,0,Winter,Sunny,0,486.9462517186353,103.6105496791876,In-Store,Corporate,4517.05192965343,None,84.0,49.0,5.0,57.285714285714285,44.785714285714285,50.53333333333333
2026-02-18,P005,Home,S03,5,1119.677994226327,18,1,0,Wednesday,February,Q1,0,0,Winter,Cloudy,0,1060.306112192347,102.3294013610625,In-Store,Retail,2885.535488276742,None,77.0,82.0,59.0,59.857142857142854,47.642857142857146,40.166666666666664
2026-02-18,P001,Electronics,S03,61,2274.186568174355,9,1,1,Wednesday,February,Q1,0,0,Winter,Sunny,1,2258.770478356877,100.6368200722673,Online,Wholesale,2990.694267607524,None,1.0,69.0,0.0,41.142857142857146,27.214285714285715,27.766666666666666
2026-02-18,P007,Sports,S03,1,4542.252384915689,3,0,0,Wednesday,February,Q1,0,0,Winter,Cloudy,0,4897.04399612171,99.8897517079094,In-Store,Retail,358.4780680884438,None,7.0,64.0,63.0,49.285714285714285,54.285714285714285,56.4
2026-02-19,P002,Electronics,S01,64,4134.221255823773,18,1,1,Thursday,February,Q1,0,0,Winter,Clear,0,4312.241281680051,109.4513169241319,Online,Wholesale,602.5716351577945,None,72.0,70.0,23.0,45.285714285714285,39.285714285714285,40.56666666666667
2026-02-19,P008,Appliances,S03,85,2252.875450120259,18,1,1,Thursday,February,Q1,0,0,Winter,Cloudy,1,2288.03542761467,103.9124749318319,Online,Wholesale,5702.334516090114,None,88.0,50.0,89.0,41.142857142857146,46.42857142857143,43.6
2026-02-19,P005,Home,S02,54,2630.273245584258,1,1,1,Thursday,February,Q1,0,0,Winter,Sunny,0,2557.572138287453,106.27277081965,Online,Corporate,736.0190783033624,None,57.0,47.0,83.0,36.57142857142857,36.07142857142857,40.06666666666667
2026-02-20,P006,Apparel,S04,28,4470.174468168769,4,1,1,Friday,February,Q1,0,0,Winter,Sunny,1,4660.816178570757,100.7329426225298,In-Store,Corporate,6450.630155431346,None,22.0,91.0,22.0,42.42857142857143,35.357142857142854,37.333333333333336
2026-02-20,P002,Electronics,S02,2,3676.172095618587,0,1,0,Friday,February,Q1,0,0,Winter,Sunny,0,3537.57039526139,104.8372218430223,Wholesale,Retail,9315.84247041725,None,2.0,0.0,62.0,7.428571428571429,23.357142857142858,27.1
2026-02-23,P008,Appliances,S01,4,2323.062920740781,13,1,0,Monday,February,Q1,0,0,Winter,Stormy,0,2320.685892123901,107.2596428473988,Online,Retail,3367.718068073478,None,42.0,0.0,39.0,29.571428571428573,31.0,37.6
2026-02-24,P007,Sports,S04,63,1233.111223546484,0,1,1,Tuesday,February,Q1,0,0,Winter,Cloudy,0,1213.074410850019,102.8387559826304,In-Store,Corporate,7608.00930470094,None,1.0,57.0,58.0,46.285714285714285,51.57142857142857,51.86666666666667
2026-02-24,P008,Appliances,S04,1,1914.488640423069,0,1,0,Tuesday,February,Q1,0,0,Winter,Sunny,1,1900.613457978351,105.5806704507294,Wholesale,Wholesale,2759.042600546338,None,96.0,25.0,97.0,57.857142857142854,57.214285714285715,54.93333333333333
2026-02-25,P005,Home,S04,88,298.2847991493977,1,1,1,Wednesday,February,Q1,0,0,Winter,Sunny,0,297.9196613460377,98.85865836202456,Wholesale,Corporate,8792.341466743352,None,63.0,71.0,72.0,45.285714285714285,45.785714285714285,44.63333333333333
2026-02-26,P008,Appliances,S03,1,4358.559774342924,8,1,0,Thursday,February,Q1,0,0,Winter,Rainy,0,4396.398475974668,101.3076459989851,In-Store,Wholesale,3753.153334225498,None,85.0,14.0,55.0,46.142857142857146,46.142857142857146,43.8
2026-02-26,P003,Furniture,S01,30,2089.030429748996,0,0,1,Thursday,February,Q1,0,0,Winter,Cloudy,1,2007.198603948342,108.3943414404232,Wholesale,Wholesale,535.7165505804035,None,1.0,54.0,29.0,20.428571428571427,24.142857142857142,39.733333333333334
2026-02-27,P006,Apparel,S01,45,2923.587082646815,4,0,1,Friday,February,Q1,0,0,Winter,Cloudy,1,3003.738710328197,103.7004522845778,Wholesale,Wholesale,389.8071020182018,None,1.0,23.0,0.0,39.0,34.214285714285715,40.03333333333333
2026-02-27,P001,Electronics,S02,38,765.562035456585,0,0,1,Friday,February,Q1,0,0,Winter,Cloudy,0,694.1645563415634,96.6990442809583,Wholesale,Corporate,0.0,None,80.0,83.0,83.0,46.714285714285715,44.5,39.5
2026-02-28,P006,Apparel,S01,89,672.1036209416507,5,1,1,Saturday,February,Q1,0,1,Winter,Stormy,1,718.5984203730551,107.3864014048012,In-Store,Corporate,2919.394693120509,None,45.0,47.0,23.0,42.142857142857146,37.42857142857143,41.5
2026-02-28,P006,Apparel,S04,27,4458.356298410893,4,1,1,Saturday,February,Q1,0,1,Winter,Sunny,1,4670.006219870604,100.3699148367831,In-Store,Corporate,6376.211771637262,None,28.0,36.0,62.0,33.42857142857143,35.785714285714285,37.56666666666667
2026-03-01,P005,Home,S01,55,3541.182459872309,11,1,1,Sunday,March,Q1,0,1,Spring,Cloudy,0,3599.216123718352,99.94368804274274,Online,Corporate,1337.47294036859,None,48.0,2.0,8.0,30.714285714285715,30.357142857142858,31.7
2026-03-02,P002,Electronics,S03,47,2826.027283323136,9,1,1,Monday,March,Q1,0,0,Spring,Cloudy,0,2740.020656781948,105.407717192136,In-Store,Retail,6741.253134573626,None,16.0,0.0,83.0,7.0,30.142857142857142,28.566666666666666
2026-03-03,P006,Apparel,S01,63,739.0291907614636,1,0,1,Tuesday,March,Q1,1,0,Spring,Clear,1,818.1107090870611,107.3073593186372,Online,Corporate,774.6249909589321,Holi,89.0,46.0,19.0,48.142857142857146,42.142857142857146,42.4
2026-03-05,P005,Home,S04,23,4446.592062976893,0,0,1,Thursday,March,Q1,0,0,Spring,Cloudy,1,4658.86900450934,107.5870809527804,Wholesale,Retail,658.4840865238475,None,88.0,33.0,2.0,47.714285714285715,46.92857142857143,45.56666666666667
2026-03-06,P003,Furniture,S01,39,1863.249344979526,2,0,1,Friday,March,Q1,0,0,Spring,Rainy,1,1779.485044442056,95.48384698887445,In-Store,Corporate,0.0,None,30.0,38.0,5.0,17.0,24.214285714285715,39.56666666666667
2026-03-08,P004,Stationery,S04,77,2640.918937309852,13,1,1,Sunday,March,Q1,0,1,Spring,Sunny,0,2409.874868185967,102.2820577825542,In-Store,Retail,4901.942973419986,None,66.0,73.0,27.0,40.714285714285715,41.0,37.4
2026-03-08,P006,Apparel,S01,73,3425.670931158216,20,1,1,Sunday,March,Q1,0,1,Spring,Sunny,0,3162.365923677055,97.0382071472904,In-Store,Corporate,2630.674067451487,None,63.0,82.0,0.0,50.57142857142857,45.285714285714285,42.766666666666666
2026-03-08,P008,Appliances,S02,3,878.5946309329229,0,0,0,Sunday,March,Q1,0,1,Spring,Rainy,0,852.1913444994741,107.2978975435836,Wholesale,Corporate,522.496183615144,None,32.0,2.0,43.0,31.571428571428573,37.07142857142857,41.7
2026-03-09,P008,Appliances,S01,30,4254.541169894124,7,1,1,Monday,March,Q1,0,0,Spring,Rainy,0,4299.075764099623,97.28933427053208,Online,Wholesale,9957.64195384519,None,4.0,1.0,43.0,30.142857142857142,28.5,36.1
2026-03-09,P004,Stationery,S04,1,2167.018072556911,19,1,0,Monday,March,Q1,0,0,Spring,Sunny,0,1988.550687476291,96.27507282884734,In-Store,Corporate,5243.083903278695,None,77.0,67.0,63.0,41.285714285714285,44.57142857142857,37.36666666666667
2026-03-09,P002,Electronics,S02,1,1146.71049580748,8,1,0,Monday,March,Q1,0,0,Spring,Sunny,0,1101.617937590523,102.7114317559045,In-Store,Corporate,4736.396042706685,None,2.0,1.0,4.0,7.714285714285714,19.071428571428573,26.0
2026-03-10,P004,Stationery,S01,3,844.2068426234898,18,1,0,Tuesday,March,Q1,0,0,Spring,Stormy,0,768.506330559466,102.2703586995217,Online,Retail,1732.977107235698,None,63.0,19.0,64.0,25.428571428571427,29.5,27.433333333333334
2026-03-10,P003,Furniture,S02,1,1811.181343297942,0,1,0,Tuesday,March,Q1,0,0,Spring,Sunny,1,1778.913413761996,96.44571564532883,Wholesale,Corporate,8249.88545886375,None,18.0,4.0,2.0,29.857142857142858,19.071428571428573,26.9
2026-03-11,P006,Apparel,S04,36,4467.326821976538,2,1,1,Wednesday,March,Q1,0,0,Spring,Sunny,1,4676.24784274699,100.2459890634117,In-Store,Corporate,5940.271284294167,None,27.0,28.0,6.0,32.142857142857146,33.285714285714285,35.4
2026-03-11,P001,Electronics,S01,38,1769.102223453318,0,1,1,Wednesday,March,Q1,0,0,Spring,Stormy,1,1867.953455055354,104.8703029352932,In-Store,Retail,5431.167150750733,None,74.0,1.0,53.0,39.57142857142857,54.357142857142854,54.36666666666667
2026-03-11,P008,Appliances,S01,42,1099.332756349827,3,0,1,Wednesday,March,Q1,0,0,Spring,Sunny,0,1051.302447344832,105.2623539643012,In-Store,Retail,521.4695416434132,None,30.0,45.0,2.0,34.285714285714285,27.571428571428573,35.333333333333336
2026-03-12,P002,Electronics,S02,10,348.7089899795741,11,1,0,Thursday,March,Q1,0,0,Spring,Stormy,0,332.8418661983314,96.31508997028311,In-Store,Corporate,2546.048015889903,None,1.0,39.0,65.0,7.714285714285714,18.857142857142858,24.8
2026-03-18,P002,Electronics,S04,47,3184.479511107653,14,1,1,Wednesday,March,Q1,0,0,Spring,Stormy,0,2881.002630601929,99.04671993225965,Online,Corporate,3732.366855457581,None,54.0,28.0,44.0,42.857142857142854,45.785714285714285,48.1
2026-03-20,P005,Home,S02,55,443.3027330284999,0,0,1,Friday,March,Q1,0,0,Spring,Sunny,0,468.4488777135223,105.4789363650579,Wholesale,Corporate,488.498224653774,None,54.0,11.0,1.0,37.57142857142857,34.0,39.5
2026-03-20,P005,Home,S04,71,3147.479822323146,15,1,1,Friday,March,Q1,0,0,Spring,Stormy,0,2934.044756300922,103.9244237278189,In-Store,Corporate,4426.823570099178,None,23.0,23.0,65.0,46.285714285714285,48.42857142857143,43.53333333333333
2026-03-20,P001,Electronics,S04,53,2490.478195415282,7,1,1,Friday,March,Q1,0,0,Spring,Clear,0,2240.06579138172,109.3831009821568,In-Store,Retail,6266.644076941082,None,84.0,58.0,50.0,62.285714285714285,50.42857142857143,51.333333333333336
2026-03-20,P004,Stationery,S01,68,778.756895776086,0,1,1,Friday,March,Q1,0,0,Spring,Clear,0,782.636662879149,103.7966705037416,In-Store,Wholesale,6673.505819060128,None,3.0,3.0,20.0,23.142857142857142,25.142857142857142,27.366666666666667
2026-03-21,P006,Apparel,S04,1,2141.731210366526,2,1,0,Saturday,March,Q1,0,1,Spring,Rainy,0,2135.040569732502,98.10593429940958,In-Store,Corporate,8119.419295210247,None,36.0,88.0,6.0,33.285714285714285,35.42857142857143,36.03333333333333
2026-03-21,P008,Appliances,S02,3,4367.008125066508,2,0,0,Saturday,March,Q1,0,1,Spring,Clear,0,4256.14528064596,108.1764084837556,In-Store,Wholesale,0.0,None,3.0,42.0,63.0,31.714285714285715,34.214285714285715,40.333333333333336
2026-03-22,P001,Electronics,S01,56,2068.091914768906,0,1,1,Sunday,March,Q1,0,1,Spring,Clear,0,1897.410289980343,100.5730567186502,Online,Retail,3943.495857772049,None,38.0,34.0,55.0,44.857142857142854,53.285714285714285,55.13333333333333
2026-03-23,P006,Apparel,S02,2,1038.434119380835,19,1,0,Monday,March,Q1,0,0,Spring,Sunny,0,1004.928873004789,96.63124379904447,Online,Retail,6090.083402530238,None,87.0,83.0,24.0,72.28571428571429,52.07142857142857,51.03333333333333
2026-03-23,P006,Apparel,S04,55,3537.047815455103,16,1,1,Monday,March,Q1,0,0,Spring,Rainy,0,3742.288371192856,96.56000856517063,In-Store,Retail,6476.475919304851,None,1.0,31.0,52.0,20.857142857142858,35.07142857142857,35.166666666666664
2026-03-23,P008,Appliances,S02,68,3044.076852248684,19,1,1,Monday,March,Q1,0,0,Spring,Cloudy,0,3176.73263421814,106.2682849129047,Online,Retail,3373.943287366552,None,3.0,0.0,33.0,26.142857142857142,29.928571428571427,39.233333333333334
2026-03-23,P002,Electronics,S04,57,1851.544386660912,0,1,1,Monday,March,Q1,0,0,Spring,Sunny,0,1758.069499396764,104.9214922685128,Wholesale,Retail,9080.688232212626,None,47.0,89.0,39.0,45.57142857142857,46.0,46.36666666666667
2026-03-23,P005,Home,S02,47,2629.422286159523,8,1,1,Monday,March,Q1,0,0,Spring,Sunny,0,2559.917175147766,105.9891924155087,Online,Corporate,1094.050970798338,None,55.0,1.0,51.0,43.857142857142854,37.857142857142854,40.266666666666666
2026-03-25,P006,Apparel,S01,2,4578.8632565782,0,0,0,Wednesday,March,Q1,0,0,Spring,Stormy,0,4961.597214854008,104.9517410580795,In-Store,Wholesale,451.8164082220032,None,73.0,73.0,49.0,49.285714285714285,50.5,44.36666666666667
2026-03-25,P008,Appliances,S04,52,3717.873036109211,3,1,1,Wednesday,March,Q1,0,0,Spring,Rainy,1,3433.723035600545,105.3709171976511,Online,Wholesale,5314.605388448712,None,1.0,91.0,91.0,54.42857142857143,50.357142857142854,51.53333333333333
2026-03-26,P008,Appliances,S01,47,379.9891115385408,0,0,1,Thursday,March,Q1,0,0,Spring,Stormy,0,365.4808800822802,105.2121365102574,Wholesale,Corporate,523.3385980891803,None,42.0,40.0,5.0,33.857142857142854,30.428571428571427,34.666666666666664
2026-03-28,P003,Furniture,S04,2,3354.981774789958,10,1,0,Saturday,March,Q1,0,1,Spring,Rainy,0,3478.585264499841,98.3335430476562,In-Store,Wholesale,9014.784649085776,None,1.0,59.0,62.0,34.857142857142854,45.214285714285715,42.8
2026-03-29,P001,Electronics,S03,14,2220.474720720872,11,1,0,Sunday,March,Q1,0,1,Spring,Cloudy,0,2396.448825703348,94.83837218377016,In-Store,Wholesale,6614.15090487818,None,61.0,45.0,33.0,40.0,31.571428571428573,29.766666666666666
2026-03-30,P007,Sports,S04,58,1234.111307715171,4,1,1,Monday,March,Q1,0,0,Spring,Cloudy,0,1215.368935551413,103.1605749891675,In-Store,Corporate,6838.312955709227,None,63.0,95.0,49.0,47.142857142857146,51.92857142857143,52.1
2026-03-30,P006,Apparel,S03,55,1387.779073472859,4,1,1,Monday,March,Q1,0,0,Spring,Cloudy,0,1468.037660054274,102.9273054743267,Online,Retail,8342.215110721969,None,57.0,1.0,53.0,45.142857142857146,40.57142857142857,38.46666666666667
2026-03-30,P008,Appliances,S04,89,2785.609386353889,20,1,1,Monday,March,Q1,0,0,Spring,Clear,0,2994.005060681518,107.4889740105008,In-Store,Wholesale,1351.064319401932,None,52.0,3.0,0.0,48.857142857142854,47.57142857142857,52.56666666666667
2026-03-31,P008,Appliances,S03,41,3886.344947763666,15,1,1,Tuesday,March,Q1,0,0,Spring,Cloudy,0,4114.788929069126,99.44348763536298,Online,Corporate,4170.561795735131,None,1.0,81.0,34.0,44.285714285714285,42.285714285714285,42.46666666666667
2026-03-31,P001,Electronics,S01,76,613.6216500161252,0,1,1,Tuesday,March,Q1,0,0,Spring,Stormy,0,595.799324539217,95.22276939194286,Wholesale,Retail,9455.421257204709,None,56.0,57.0,88.0,48.0,53.357142857142854,54.8
2026-03-31,P002,Electronics,S04,50,1865.702495631256,3,1,1,Tuesday,March,Q1,0,0,Spring,Sunny,0,1771.562129395004,104.9291335896614,Wholesale,Retail,9499.920440525408,None,57.0,28.0,45.0,41.0,47.285714285714285,47.03333333333333
2026-03-31,P008,Appliances,S03,35,1573.843662101283,0,0,1,Tuesday,March,Q1,0,0,Spring,Cloudy,0,1531.279396734132,105.351415268209,Online,Wholesale,413.5144388923007,None,41.0,39.0,78.0,38.57142857142857,42.785714285714285,43.6
2026-04-02,P005,Home,S02,1,3996.642756789166,18,1,0,Thursday,April,Q2,0,0,Spring,Rainy,1,4367.294449800784,107.9549942137739,Online,Corporate,8616.976417773129,None,47.0,30.0,0.0,50.42857142857143,37.57142857142857,41.833333333333336
2026-04-04,P002,Electronics,S01,5,898.081884281016,0,1,0,Saturday,April,Q2,0,1,Spring,Sunny,0,808.5487708956673,109.7840082714151,In-Store,Retail,6282.760204851204,None,64.0,31.0,1.0,44.42857142857143,42.214285714285715,41.9
2026-04-06,P003,Furniture,S03,9,1914.616159887042,2,1,0,Monday,April,Q2,0,0,Spring,Stormy,0,1799.030391969407,106.641639172079,Online,Retail,3491.315546399259,None,34.0,21.0,23.0,23.571428571428573,21.142857142857142,25.5
2026-04-06,P005,Home,S03,1,1002.761075291975,16,1,0,Monday,April,Q2,0,0,Spring,Cloudy,1,960.6773680311155,104.096225305697,Wholesale,Retail,5891.559023502448,None,5.0,32.0,78.0,48.857142857142854,43.785714285714285,37.6
2026-04-08,P008,Appliances,S01,34,251.0519799328382,2,0,1,Wednesday,April,Q2,0,0,Spring,Rainy,0,255.5575041855015,106.2861863068606,In-Store,Retail,0.0,None,47.0,34.0,2.0,34.857142857142854,33.42857142857143,34.833333333333336
2026-04-10,P007,Sports,S03,54,4149.866098982709,12,1,1,Friday,April,Q2,0,0,Spring,Cloudy,1,3928.605721463546,98.40694690225095,Online,Retail,522.5522308294089,None,1.0,56.0,80.0,40.285714285714285,49.857142857142854,53.9
2026-04-11,P002,Electronics,S01,2,4791.491590991488,10,1,0,Saturday,April,Q2,0,1,Spring,Sunny,0,4835.049062332477,103.3350363480432,In-Store,Retail,9622.661722104338,None,5.0,66.0,5.0,40.714285714285715,42.5,41.06666666666667
2026-04-12,P004,Stationery,S02,40,4591.748167940413,1,1,1,Sunday,April,Q2,0,1,Spring,Sunny,0,4803.663484837193,102.3330982995843,In-Store,Wholesale,4669.186476422288,None,62.0,41.0,47.0,55.142857142857146,48.07142857142857,45.7
2026-04-13,P004,Stationery,S02,49,3116.66909097766,0,1,1,Monday,April,Q2,0,0,Spring,Cloudy,0,2922.096524863265,95.27769645373094,Online,Corporate,9360.18612664795,None,40.0,73.0,77.0,55.0,47.57142857142857,45.46666666666667
2026-04-15,P005,Home,S02,4,3583.628967513805,23,1,0,Wednesday,April,Q2,0,0,Spring,Clear,0,3926.479329054536,102.1328734840692,Online,Wholesale,4667.814025724231,None,1.0,58.0,1.0,46.285714285714285,37.642857142857146,41.63333333333333
2026-04-16,P003,Furniture,S04,48,1855.075636645775,0,1,1,Thursday,April,Q2,0,0,Spring,Cloudy,0,1692.585884620787,107.6754086692128,Online,Wholesale,6363.107363999568,None,2.0,76.0,55.0,26.714285714285715,40.92857142857143,41.13333333333333
2026-04-18,P004,Stationery,S03,21,1135.039567444173,0,0,1,Saturday,April,Q2,0,1,Spring,Cloudy,0,1200.703864756388,110.3882777064947,Wholesale,Wholesale,287.3330216276836,None,48.0,75.0,25.0,28.428571428571427,31.0,40.56666666666667
2026-04-19,P003,Furniture,S04,55,4145.450131869139,23,1,1,Sunday,April,Q2,0,1,Spring,Rainy,0,4230.028806816889,98.11671049376756,Online,Wholesale,7306.027547137533,None,48.0,52.0,107.0,22.714285714285715,40.42857142857143,40.86666666666667
2026-04-19,P003,Furniture,S01,24,3428.490514684483,0,0,1,Sunday,April,Q2,0,1,Spring,Stormy,0,3208.31125668227,105.5353596206117,Wholesale,Wholesale,0.0,None,39.0,1.0,91.0,17.142857142857142,26.642857142857142,38.266666666666666
2026-04-20,P005,Home,S01,24,2386.533144661746,4,0,1,Monday,April,Q2,0,0,Spring,Cloudy,0,2336.944601310816,109.5304808483232,Online,Wholesale,287.9840269063949,None,55.0,49.0,2.0,38.285714285714285,33.714285714285715,30.833333333333332
2026-04-22,P004,Stationery,S02,63,715.6831686666327,0,0,1,Wednesday,April,Q2,0,0,Spring,Stormy,0,755.4162698419663,95.55872931430197,Wholesale,Corporate,409.8441415611089,None,49.0,29.0,32.0,51.57142857142857,45.57142857142857,46.06666666666667
2026-04-23,P004,Stationery,S02,62,709.4807565650224,0,0,1,Thursday,April,Q2,0,0,Spring,Stormy,0,766.2718351795992,96.2672478846324,Wholesale,Corporate,761.0757957813848,None,63.0,62.0,42.0,56.42857142857143,47.785714285714285,45.86666666666667
2026-04-24,P005,Home,S02,2,1021.037884916218,0,0,0,Friday,April,Q2,0,0,Spring,Stormy,0,948.9734841674639,102.1988412603699,Wholesale,Retail,141.7693035811972,None,4.0,52.0,59.0,38.57142857142857,37.857142857142854,39.8
2026-04-25,P007,Sports,S02,33,2161.097525028187,2,0,1,Saturday,April,Q2,0,1,Spring,Cloudy,0,2220.811606188798,109.0548354530207,In-Store,Wholesale,621.7386425424651,None,20.0,5.0,31.0,17.0,21.357142857142858,34.4
2026-04-26,P002,Electronics,S04,53,1856.788044939669,0,1,1,Sunday,April,Q2,0,1,Spring,Sunny,0,1770.119054918514,105.1041753999412,Wholesale,Retail,8908.353063266512,None,50.0,20.0,43.0,44.142857142857146,47.642857142857146,48.4
2026-04-27,P004,Stationery,S02,61,718.3565306067342,1,0,1,Monday,April,Q2,0,0,Spring,Stormy,0,762.4535366530401,95.76582668395888,Wholesale,Corporate,606.0220510134372,None,62.0,77.0,3.0,56.42857142857143,49.214285714285715,45.766666666666666
2026-04-28,P007,Sports,S04,54,1230.747112298262,0,1,1,Tuesday,April,Q2,0,0,Spring,Cloudy,0,1223.125524573917,102.753399212147,In-Store,Corporate,7567.246846803786,None,58.0,53.0,65.0,41.857142857142854,52.57142857142857,53.06666666666667
2026-04-28,P008,Appliances,S04,24,2892.22793485729,4,0,1,Tuesday,April,Q2,0,0,Spring,Cloudy,0,2958.870159298982,100.8632698427086,Wholesale,Corporate,338.2949556327791,None,89.0,100.0,18.0,61.142857142857146,53.92857142857143,53.2
2026-04-28,P005,Home,S01,34,3890.083538145389,0,0,1,Tuesday,April,Q2,0,0,Spring,Stormy,1,4092.652009291245,95.42150434435142,Wholesale,Wholesale,888.1799467044494,None,24.0,37.0,50.0,34.714285714285715,35.285714285714285,30.133333333333333
2026-04-30,P008,Appliances,S02,40,3976.019856902299,20,1,1,Thursday,April,Q2,0,0,Spring,Sunny,0,3910.189398339728,106.0376475518699,In-Store,Wholesale,7443.837281278275,None,68.0,52.0,45.0,35.857142857142854,32.42857142857143,41.46666666666667
2026-05-01,P004,Stationery,S03,4,1630.693865627517,15,1,0,Friday,May,Q2,0,0,Spring,Rainy,0,1640.039477800431,98.5098916698571,In-Store,Wholesale,6104.476352757459,None,21.0,49.0,61.0,20.714285714285715,30.714285714285715,39.3
2026-05-02,P003,Furniture,S01,14,4834.50801618363,8,1,1,Saturday,May,Q2,0,1,Spring,Sunny,0,4654.833125371012,99.82153487032078,Online,Corporate,9346.268963594357,None,24.0,42.0,1.0,20.428571428571427,21.857142857142858,36.03333333333333
2026-05-02,P007,Sports,S03,4,4243.954758630319,2,0,1,Saturday,May,Q2,0,1,Spring,Rainy,1,4287.362760271488,99.25785254577367,In-Store,Wholesale,3.364552267361596,None,54.0,60.0,82.0,40.0,48.0,53.0
2026-05-04,P008,Appliances,S01,1,541.1961459543912,0,1,0,Monday,May,Q2,0,0,Spring,Clear,0,539.7274433481736,106.1411599965384,In-Store,Retail,7996.86156617081,None,42.0,42.0,35.0,34.42857142857143,31.5,34.5
2026-05-04,P008,Appliances,S01,42,253.6364556489336,0,0,1,Monday,May,Q2,0,0,Spring,Rainy,0,263.0517608205415,106.0672910808215,In-Store,Retail,78.53227288952077,None,34.0,45.0,101.0,34.857142857142854,35.714285714285715,34.5
2026-05-05,P005,Home,S03,2,1009.618335571204,14,1,0,Tuesday,May,Q2,0,0,Spring,Cloudy,1,958.0692656927009,104.5761779479908,Wholesale,Retail,5956.639771378653,None,1.0,60.0,8.0,44.42857142857143,38.285714285714285,37.6
2026-05-06,P001,Electronics,S02,39,4553.310387599994,5,1,1,Wednesday,May,Q2,0,0,Spring,Cloudy,0,4152.009138363302,103.7824622045214,Wholesale,Corporate,1712.934711089673,None,38.0,15.0,38.0,40.285714285714285,41.285714285714285,40.2
2026-05-07,P004,Stationery,S03,58,462.1980142902587,0,0,1,Thursday,May,Q2,0,0,Spring,Stormy,0,428.1582124271404,108.3955002035362,Online,Wholesale,0.0,None,4.0,0.0,70.0,14.285714285714286,26.642857142857142,37.46666666666667
2026-05-07,P007,Sports,S04,56,1230.046877216763,0,1,1,Thursday,May,Q2,0,0,Spring,Cloudy,0,1219.228323433556,103.1529328818871,In-Store,Corporate,6794.017589857328,None,54.0,59.0,88.0,42.0,51.785714285714285,52.733333333333334
2026-05-07,P005,Home,S04,46,2522.736228876821,4,1,1,Thursday,May,Q2,0,0,Spring,Sunny,0,2353.195991725823,96.57767675668599,In-Store,Corporate,7228.532663427867,None,71.0,18.0,15.0,53.142857142857146,48.857142857142854,44.46666666666667
2026-05-07,P005,Home,S02,58,2621.075869865359,19,1,1,Thursday,May,Q2,0,0,Spring,Cloudy,0,2351.262509755835,97.52617690599018,Online,Corporate,5800.751654362142,None,2.0,57.0,54.0,31.428571428571427,33.785714285714285,39.733333333333334
2026-05-10,P007,Sports,S03,89,2066.107406596426,20,1,1,Sunday,May,Q2,0,1,Spring,Sunny,0,2005.526810814921,97.56103713981926,Online,Retail,7124.863478189031,None,4.0,8.0,8.0,32.0,42.42857142857143,51.3
2026-05-12,P001,Electronics,S02,79,2025.522869286938,23,1,1,Tuesday,May,Q2,0,0,Spring,Cloudy,0,1944.738942710379,98.76726015814741,In-Store,Wholesale,2400.70534838099,None,39.0,40.0,50.0,43.714285714285715,41.357142857142854,39.86666666666667
2026-05-15,P003,Furniture,S04,47,2336.999436333344,0,1,1,Friday,May,Q2,0,0,Spring,Stormy,0,2526.135667288916,96.31468702478837,Wholesale,Corporate,4530.872308550016,None,55.0,51.0,66.0,23.142857142857142,36.714285714285715,42.63333333333333
2026-05-15,P003,Furniture,S01,24,3081.204134732037,0,0,1,Friday,May,Q2,0,0,Spring,Cloudy,0,3181.281815443538,105.8161271877075,Online,Wholesale,242.60137457103,None,14.0,3.0,27.0,16.428571428571427,22.785714285714285,34.63333333333333
2026-05-18,P008,Appliances,S02,73,3035.017296589348,21,1,1,Monday,May,Q2,0,0,Spring,Cloudy,0,3181.127591924861,105.6629658562857,Online,Retail,3281.669152624447,None,40.0,36.0,55.0,34.142857142857146,32.07142857142857,40.2
2026-05-18,P007,Sports,S01,35,778.2162773808973,0,0,1,Monday,May,Q2,0,0,Spring,Clear,0,791.3102521973182,99.68272471788477,In-Store,Wholesale,9.904014850857223,None,56.0,4.0,59.0,43.285714285714285,50.142857142857146,51.2
2026-05-18,P005,Home,S01,24,2390.681859273348,1,0,1,Monday,May,Q2,0,0,Spring,Cloudy,0,2339.463230622302,109.9294083358234,Online,Wholesale,505.9522283487731,None,34.0,27.0,68.0,34.285714285714285,34.142857142857146,31.0
2026-05-18,P006,Apparel,S04,68,4414.230254165978,16,1,1,Monday,May,Q2,0,0,Spring,Rainy,0,4418.827104554824,100.6575117561993,Wholesale,Wholesale,8085.031484943933,None,55.0,1.0,48.0,24.285714285714285,35.285714285714285,36.43333333333333
2026-05-18,P001,Electronics,S04,47,2692.498605890732,6,1,1,Monday,May,Q2,0,0,Spring,Sunny,0,2426.132046208,105.5798243060388,Wholesale,Retail,9318.533957890162,None,53.0,27.0,4.0,61.57142857142857,50.642857142857146,50.86666666666667
2026-05-19,P008,Appliances,S02,2,4350.272488734405,0,0,0,Tuesday,May,Q2,0,0,Spring,Clear,0,4251.589021749741,108.982253284633,In-Store,Wholesale,473.0996169973989,None,73.0,57.0,1.0,39.42857142857143,33.357142857142854,41.03333333333333
2026-05-20,P006,Apparel,S01,89,661.3145264973168,5,1,1,Wednesday,May,Q2,0,0,Spring,Stormy,1,720.3118642627928,107.6161532400217,In-Store,Corporate,2924.683305388999,None,2.0,1.0,61.0,39.142857142857146,47.142857142857146,42.86666666666667
2026-05-23,P004,Stationery,S02,54,713.3098852750144,2,0,1,Saturday,May,Q2,0,1,Spring,Stormy,0,762.1103626306759,95.86817254461464,Wholesale,Corporate,757.5466404359404,None,61.0,42.0,49.0,54.142857142857146,53.357142857142854,46.56666666666667
2026-05-25,P008,Appliances,S02,70,3044.438862861081,24,1,1,Monday,May,Q2,0,0,Spring,Cloudy,0,3185.42951125518,106.1238744154098,Online,Retail,3700.500543489884,None,2.0,32.0,58.0,31.571428571428573,33.42857142857143,41.06666666666667
2026-05-26,P006,Apparel,S04,65,4406.758976970683,20,1,1,Tuesday,May,Q2,0,0,Spring,Rainy,0,4408.387056953423,100.3002299058613,Wholesale,Wholesale,7878.301001457977,None,68.0,22.0,2.0,33.857142857142854,36.714285714285715,38.666666666666664
2026-05-29,P001,Electronics,S01,78,3508.770474341591,18,1,1,Friday,May,Q2,0,0,Spring,Cloudy,1,3444.165824441458,104.1571176893022,Wholesale,Corporate,9382.206959663763,None,76.0,1.0,67.0,50.714285714285715,52.5,54.43333333333333
2026-05-30,P008,Appliances,S03,28,2359.82668214132,0,0,1,Saturday,May,Q2,0,1,Spring,Stormy,0,2167.044655454034,108.6929782451567,In-Store,Retail,0.0,None,35.0,9.0,7.0,38.0,39.714285714285715,44.333333333333336
2026-05-30,P008,Appliances,S01,48,375.3111023522758,0,0,1,Saturday,May,Q2,0,1,Spring,Stormy,0,363.0329309296337,104.9021442245807,Wholesale,Corporate,385.9173037852236,None,1.0,4.0,0.0,28.571428571428573,29.071428571428573,32.833333333333336
2026-05-30,P008,Appliances,S02,37,3976.282967449612,21,1,1,Saturday,May,Q2,0,1,Spring,Sunny,0,3897.944796971963,105.8832476845247,In-Store,Wholesale,7135.220380845531,None,70.0,3.0,2.0,37.0,34.285714285714285,40.7
2026-05-31,P002,Electronics,S02,1,4792.75250612942,9,1,0,Sunday,May,Q2,0,1,Spring,Sunny,1,4800.403652174888,106.1005189901622,Wholesale,Retail,1482.913977396443,None,10.0,1.0,37.0,3.5714285714285716,14.928571428571429,25.1
2026-06-01,P007,Sports,S01,89,582.4146059178216,24,1,1,Monday,June,Q2,0,0,Summer,Stormy,0,545.013813687703,95.298280547455,Wholesale,Wholesale,6485.598855353674,None,35.0,77.0,2.0,47.714285714285715,48.42857142857143,50.03333333333333
2026-06-01,P008,Appliances,S02,3,4354.555624689935,1,0,0,Monday,June,Q2,0,0,Summer,Clear,0,4258.451915081183,108.7439634366909,In-Store,Wholesale,0.0,None,37.0,3.0,42.0,41.857142857142854,36.785714285714285,40.03333333333333
2026-06-02,P004,Stationery,S02,67,771.2851702161556,7,1,1,Tuesday,June,Q2,0,0,Summer,Clear,0,824.6276816908512,109.4072007062438,Wholesale,Retail,4967.688379792266,None,54.0,62.0,37.0,55.857142857142854,53.714285714285715,47.1
2026-06-02,P006,Apparel,S02,53,3407.915353593534,19,1,1,Tuesday,June,Q2,0,0,Summer,Clear,0,3643.982840788543,103.2843809808122,In-Store,Wholesale,3692.744432691592,None,2.0,58.0,0.0,60.714285714285715,50.5,49.56666666666667
2026-06-04,P001,Electronics,S02,18,4310.236344626454,2,0,1,Thursday,June,Q2,0,0,Summer,Rainy,0,4411.223885502418,98.77839534017667,Online,Wholesale,471.7656515207499,None,79.0,52.0,13.0,49.285714285714285,43.42857142857143,42.46666666666667
2026-06-05,P002,Electronics,S03,55,2669.531376898473,8,1,1,Friday,June,Q2,0,0,Summer,Cloudy,0,2703.555758678251,97.34649630352394,In-Store,Wholesale,2269.861581224631,None,47.0,2.0,47.0,13.714285714285714,27.571428571428573,27.433333333333334
2026-06-06,P007,Sports,S04,88,1579.240756290403,20,1,1,Saturday,June,Q2,0,1,Summer,Stormy,0,1683.632065594345,104.3583346267788,Online,Retail,3790.199042940716,None,56.0,5.0,9.0,41.57142857142857,49.5,51.46666666666667
2026-06-06,P008,Appliances,S01,1,201.882928814345,3,1,0,Saturday,June,Q2,0,1,Summer,Cloudy,0,180.931430824016,109.4990042352298,In-Store,Corporate,5706.467451671206,None,48.0,30.0,1.0,34.857142857142854,32.5,32.93333333333333
2026-06-08,P006,Apparel,S04,55,833.2445321934424,3,1,1,Monday,June,Q2,0,0,Summer,Cloudy,0,801.9459339974478,109.9571380565476,In-Store,Corporate,7651.111355798625,None,65.0,28.0,91.0,40.0,41.214285714285715,39.06666666666667
2026-06-08,P003,Furniture,S01,31,2093.055290310448,0,0,1,Monday,June,Q2,0,0,Summer,Cloudy,1,1995.310382904176,108.3124664815285,Wholesale,Wholesale,736.091659541351,None,24.0,4.0,16.0,19.428571428571427,22.571428571428573,34.9
2026-06-12,P003,Furniture,S01,48,3017.718965849351,14,1,1,Friday,June,Q2,0,0,Summer,Rainy,0,3291.577871450966,107.8520082130154,Wholesale,Wholesale,7756.458851253189,None,31.0,1.0,26.0,23.285714285714285,23.642857142857142,33.9
2026-06-14,P002,Electronics,S04,17,2567.54380523614,3,0,1,Sunday,June,Q2,0,1,Summer,Rainy,0,2514.214406678575,98.98483958489153,Online,Retail,29.94546502654475,None,53.0,33.0,92.0,48.857142857142854,48.357142857142854,50.03333333333333
2026-06-19,P006,Apparel,S04,49,4036.219865416967,18,1,1,Friday,June,Q2,0,0,Summer,Clear,0,3868.577064948675,105.7916318677696,Wholesale,Corporate,1328.169344610104,None,55.0,27.0,36.0,43.857142857142854,38.642857142857146,39.13333333333333
2026-06-20,P005,Home,S01,54,3541.150236033601,9,1,1,Saturday,June,Q2,0,1,Summer,Cloudy,0,3596.565008423281,99.808119848861,Online,Corporate,1391.091213404123,None,24.0,15.0,2.0,33.857142857142854,31.0,31.533333333333335
2026-06-20,P001,Electronics,S02,13,2993.553142886187,0,0,1,Saturday,June,Q2,0,1,Summer,Sunny,0,3022.127011280051,101.3098417448222,Wholesale,Retail,969.8408438126874,None,18.0,16.0,38.0,44.42857142857143,43.785714285714285,42.03333333333333
2026-06-20,P007,Sports,S02,13,4754.766794537204,4,1,1,Saturday,June,Q2,0,1,Summer,Stormy,0,4600.399699417556,109.6882804265855,Wholesale,Corporate,1694.049275505949,None,33.0,1.0,55.0,21.0,21.5,33.4
2026-06-22,P003,Furniture,S01,51,3021.08245623741,14,1,1,Monday,June,Q2,0,0,Summer,Rainy,0,3293.317580665735,107.3445763369102,Wholesale,Wholesale,7680.340044651993,None,48.0,30.0,54.0,30.0,25.214285714285715,32.6
2026-06-24,P003,Furniture,S01,80,2897.17215491897,23,1,1,Wednesday,June,Q2,0,0,Summer,Rainy,0,2745.056289908185,96.74798459351169,In-Store,Wholesale,9301.241499154341,None,51.0,39.0,38.0,33.0,25.0,31.066666666666666
2026-06-25,P004,Stationery,S01,6,3173.984031518303,2,0,0,Thursday,June,Q2,0,0,Summer,Cloudy,0,2939.526507920456,100.113596938173,Wholesale,Retail,446.8271415524689,None,68.0,3.0,4.0,32.42857142857143,28.571428571428573,26.766666666666666
2026-06-25,P003,Furniture,S02,27,3754.66786887046,0,1,1,Thursday,June,Q2,0,0,Summer,Stormy,0,4014.650709501219,104.1175203702735,Online,Corporate,5798.519536803366,None,1.0,35.0,3.0,29.428571428571427,19.0,24.433333333333334
2026-06-26,P005,Home,S01,55,3542.479013072927,3,1,1,Friday,June,Q2,0,0,Summer,Rainy,1,3865.792813263967,95.38974231689392,In-Store,Wholesale,5519.739129177669,None,54.0,37.0,51.0,39.42857142857143,34.714285714285715,32.2
2026-06-27,P008,Appliances,S01,4,2317.164066070457,13,1,0,Saturday,June,Q2,0,1,Summer,Stormy,0,2310.67194968824,107.8163776925197,Online,Retail,4203.952713896701,None,1.0,42.0,45.0,30.714285714285715,32.5,32.96666666666667
2026-06-30,P004,Stationery,S02,42,3015.128917651283,10,1,1,Tuesday,June,Q2,0,0,Summer,Clear,0,2802.735667020816,99.07075084336455,Wholesale,Corporate,9890.676963944066,None,67.0,40.0,41.0,56.57142857142857,55.857142857142854,48.1
2026-07-01,P006,Apparel,S01,42,1700.967543188541,0,1,1,Wednesday,July,Q3,0,0,Summer,Rainy,0,1682.076258515872,103.3676630362595,In-Store,Retail,5574.992053142133,None,89.0,1.0,54.0,51.714285714285715,49.142857142857146,44.4
2026-07-07,P001,Electronics,S02,47,1955.967874011323,0,0,1,Tuesday,July,Q3,0,0,Summer,Cloudy,0,1917.233337188167,107.8140294892658,Online,Wholesale,1.334228125763815,None,13.0,41.0,32.0,44.0,42.0,41.6
2026-07-08,P002,Electronics,S03,1,3451.953108720226,5,1,0,Wednesday,July,Q3,0,0,Summer,Clear,1,3648.252840455402,107.8406342291303,Wholesale,Corporate,6513.982463998394,None,55.0,1.0,51.0,21.285714285714285,28.142857142857142,29.133333333333333
2026-07-11,P004,Stationery,S04,73,2643.5062739736,11,1,1,Saturday,July,Q3,0,1,Summer,Sunny,0,2414.993739176589,101.9790269560671,In-Store,Retail,5052.787661977351,None,1.0,4.0,28.0,31.857142857142858,40.142857142857146,37.36666666666667
2026-07-13,P005,Home,S02,58,2615.031986583647,18,1,1,Monday,July,Q3,0,0,Summer,Cloudy,0,2350.48616929507,97.28847087354276,Online,Corporate,6521.220385857427,None,58.0,54.0,47.0,31.571428571428573,34.07142857142857,39.53333333333333
2026-07-23,P008,Appliances,S04,80,1171.897652450166,15,1,1,Thursday,July,Q3,0,0,Summer,Stormy,1,1119.139765273548,100.3998182784258,Wholesale,Wholesale,576.9986720817594,None,24.0,89.0,37.0,50.285714285714285,54.357142857142854,50.733333333333334
2026-07-25,P003,Furniture,S01,92,1625.254171740688,11,1,1,Saturday,July,Q3,0,1,Summer,Rainy,1,1467.027327784332,102.920406133821,In-Store,Corporate,4794.281318305848,None,80.0,24.0,1.0,38.857142857142854,28.0,32.3
2026-07-26,P002,Electronics,S01,7,879.101804149884,9,1,0,Sunday,July,Q3,0,1,Summer,Sunny,0,812.8674062929149,109.3396323940156,In-Store,Retail,6524.406371541289,None,2.0,5.0,24.0,31.571428571428573,42.285714285714285,40.06666666666667
2026-07-28,P008,Appliances,S01,42,257.8366831577241,0,0,1,Tuesday,July,Q3,0,0,Summer,Rainy,0,258.4049923393687,106.4574779105037,In-Store,Retail,0.0,None,4.0,47.0,40.0,25.285714285714285,29.571428571428573,31.733333333333334
2026-07-29,P008,Appliances,S04,34,1315.890887332582,0,0,1,Wednesday,July,Q3,0,0,Summer,Clear,0,1332.018126702249,99.51289498948735,Wholesale,Corporate,655.6717716549097,None,80.0,1.0,49.0,49.0,57.42857142857143,50.833333333333336
2026-08-01,P007,Sports,S01,61,396.7239231421187,0,1,1,Saturday,August,Q3,0,1,Summer,Rainy,0,398.5383940669306,104.4519328667397,Online,Corporate,5404.577809242563,None,89.0,20.0,62.0,49.42857142857143,54.642857142857146,50.2
2026-08-02,P006,Apparel,S01,1,724.8153618159797,3,0,0,Sunday,August,Q3,0,1,Summer,Stormy,0,723.0769845563035,108.1145904554924,Online,Corporate,571.439117887124,None,42.0,45.0,23.0,57.57142857142857,48.285714285714285,43.43333333333333
2026-08-06,P005,Home,S02,1,4191.385658677937,3,1,0,Thursday,August,Q3,0,0,Summer,Sunny,0,4488.953420555289,98.93003543600786,Wholesale,Corporate,1650.769658891558,None,58.0,55.0,11.0,32.142857142857146,34.857142857142854,38.6
2026-08-06,P006,Apparel,S03,61,1376.587916851464,5,1,1,Thursday,August,Q3,0,0,Summer,Cloudy,0,1475.401215436214,102.6877456713085,Online,Retail,7837.514884239443,None,55.0,53.0,55.0,52.857142857142854,40.714285714285715,39.1
2026-08-08,P001,Electronics,S01,82,3521.162569416695,24,1,1,Saturday,August,Q3,0,1,Summer,Cloudy,1,3431.509326866549,104.5182083333261,Wholesale,Corporate,8668.884954391868,None,78.0,40.0,75.0,61.714285714285715,53.285714285714285,54.63333333333333
2026-08-10,P003,Furniture,S03,22,4735.970177849306,3,1,1,Monday,August,Q3,0,0,Summer,Cloudy,0,4642.226969962595,105.3342065198371,In-Store,Wholesale,6046.873162010777,None,9.0,31.0,26.0,21.857142857142858,20.142857142857142,24.533333333333335
2026-08-12,P003,Furniture,S01,49,3017.992206821709,16,1,1,Wednesday,August,Q3,0,0,Summer,Rainy,0,3280.122391667187,107.5270102244753,Wholesale,Wholesale,7926.029268482089,None,92.0,14.0,42.0,48.57142857142857,34.5,34.13333333333333
2026-08-13,P005,Home,S03,74,1228.217710682004,22,1,1,Thursday,August,Q3,0,0,Summer,Sunny,0,1255.558131690878,95.84941383581206,Online,Corporate,4924.525955905455,None,2.0,13.0,10.0,36.142857142857146,37.857142857142854,37.666666666666664
2026-08-15,P004,Stationery,S02,41,4048.050814744344,5,1,1,Saturday,August,Q3,1,1,Summer,Stormy,1,4279.750192543925,100.4870143088125,Online,Corporate,1877.250740163698,Independence Day,42.0,49.0,73.0,56.857142857142854,55.92857142857143,47.4
2026-08-24,P002,Electronics,S01,19,4645.671890538613,6,1,1,Monday,August,Q3,0,0,Summer,Sunny,0,4919.162523295443,104.1106675262505,Online,Wholesale,1261.258780016794,None,7.0,69.0,32.0,31.857142857142858,41.07142857142857,40.3
2026-08-25,P006,Apparel,S04,66,4406.387162605972,23,1,1,Tuesday,August,Q3,0,0,Summer,Rainy,0,4418.842272932205,100.7516151200577,Wholesale,Wholesale,8434.46398406231,None,49.0,36.0,28.0,47.0,39.57142857142857,39.0
2026-08-26,P003,Furniture,S03,10,1903.934919044624,8,1,0,Wednesday,August,Q3,0,0,Summer,Stormy,0,1798.918430038804,107.3409547936068,Online,Retail,3321.039958970649,None,22.0,37.0,39.0,20.571428571428573,19.857142857142858,25.233333333333334
2026-08-27,P008,Appliances,S04,95,2791.607917837755,15,1,1,Thursday,August,Q3,0,0,Summer,Clear,0,3010.983583845351,107.6168825095259,In-Store,Wholesale,1987.494345105048,None,34.0,96.0,104.0,53.714285714285715,56.357142857142854,51.96666666666667
2026-08-28,P005,Home,S04,70,677.8453872039983,1,1,1,Friday,August,Q3,0,0,Summer,Cloudy,0,733.0862456739758,108.0510959242582,Online,Retail,2899.864040909789,None,46.0,76.0,62.0,57.142857142857146,51.07142857142857,43.13333333333333
2026-08-29,P004,Stationery,S01,3,4962.085887042173,10,1,0,Saturday,August,Q3,0,1,Summer,Clear,0,5140.309939835595,108.2874047835625,Online,Corporate,7019.790341775291,None,6.0,89.0,85.0,32.857142857142854,28.714285714285715,26.933333333333334
2026-08-31,P008,Appliances,S04,1,2482.274650849492,6,1,0,Monday,August,Q3,0,0,Summer,Stormy,0,2615.246084186633,106.7554350810432,Wholesale,Retail,4938.908171878647,None,95.0,1.0,25.0,53.57142857142857,55.714285714285715,54.666666666666664
2026-09-02,P007,Sports,S03,4,4523.458311641027,3,0,0,Wednesday,September,Q3,0,0,Autumn,Cloudy,0,4896.48061786874,99.57744770905356,In-Store,Retail,727.4350393952227,None,89.0,78.0,92.0,43.57142857142857,48.214285714285715,53.06666666666667
2026-09-04,P001,Electronics,S01,85,1804.220106102603,3,1,1,Friday,September,Q3,0,0,Autumn,Clear,1,1867.168324940956,106.7931329606106,Online,Corporate,5540.832260999399,None,82.0,70.0,74.0,67.71428571428571,53.785714285714285,55.96666666666667
2026-09-05,P008,Appliances,S02,42,3968.126661394796,23,1,1,Saturday,September,Q3,0,1,Autumn,Sunny,0,3902.991392016795,105.7528011328758,In-Store,Wholesale,7072.551177775535,None,3.0,68.0,0.0,41.857142857142854,34.0,37.56666666666667
2026-09-08,P003,Furniture,S01,1,1527.198399516968,0,0,0,Tuesday,September,Q3,0,0,Autumn,Stormy,0,1622.802699843425,104.5281604067433,In-Store,Wholesale,485.4069151389864,None,49.0,24.0,3.0,53.57142857142857,35.0,34.3
2026-09-09,P001,Electronics,S02,83,2013.424268216722,21,1,1,Wednesday,September,Q3,0,0,Autumn,Cloudy,0,1938.179407480825,98.54139559857936,In-Store,Wholesale,2561.806689221719,None,47.0,80.0,42.0,44.857142857142854,43.07142857142857,41.766666666666666
2026-09-10,P006,Apparel,S02,56,3410.674948527948,15,1,1,Thursday,September,Q3,0,0,Autumn,Clear,0,3648.241728484752,103.3159255050658,In-Store,Wholesale,2919.229285242563,None,53.0,85.0,53.0,60.0,54.285714285714285,49.63333333333333
2026-09-14,P005,Home,S03,77,1227.631710156431,20,1,1,Monday,September,Q3,0,0,Autumn,Sunny,0,1248.360784307309,95.64659325299019,Online,Corporate,4737.267285148053,None,74.0,59.0,55.0,44.857142857142854,42.42857142857143,39.4
2026-09-16,P007,Sports,S01,58,392.4850253895219,0,1,1,Wednesday,September,Q3,0,0,Autumn,Rainy,0,404.5708609643011,104.2719354820816,Online,Corporate,4762.010387494443,None,61.0,56.0,59.0,55.285714285714285,54.57142857142857,50.3
2026-09-17,P007,Sports,S02,20,4760.445690691035,2,1,1,Thursday,September,Q3,0,0,Autumn,Stormy,0,4598.98976426513,109.2284692958346,Wholesale,Corporate,1622.796916075323,None,13.0,17.0,19.0,22.714285714285715,18.5,31.733333333333334
2026-09-18,P005,Home,S04,26,2756.521396850422,0,0,1,Friday,September,Q3,0,0,Autumn,Rainy,0,2528.478692119525,103.3781693195924,Online,Wholesale,603.8276578323391,None,70.0,33.0,41.0,56.285714285714285,51.642857142857146,44.36666666666667
2026-09-19,P004,Stationery,S01,1,4957.647021036882,19,1,0,Saturday,September,Q3,0,1,Autumn,Clear,0,5144.867229204112,108.4993881247595,Online,Corporate,6387.547701960601,None,3.0,0.0,60.0,20.571428571428573,22.857142857142858,27.033333333333335
2026-09-19,P004,Stationery,S03,44,4564.074952160188,1,1,1,Saturday,September,Q3,0,1,Autumn,Stormy,1,4145.255054751517,96.84056209175999,Wholesale,Corporate,3902.607513123249,None,58.0,1.0,4.0,22.571428571428573,25.785714285714285,37.5
2026-09-21,P006,Apparel,S01,44,1711.639289968155,3,1,1,Monday,September,Q3,0,0,Autumn,Rainy,0,1689.233921871235,103.7241701902379,In-Store,Retail,6380.590077089809,None,1.0,89.0,47.0,51.285714285714285,46.714285714285715,42.8
2026-09-28,P004,Stationery,S01,86,1150.185172718693,15,1,1,Monday,September,Q3,0,0,Autumn,Sunny,0,1163.216868064677,102.4038039263346,Wholesale,Retail,7177.804500284889,None,1.0,1.0,1.0,20.714285714285715,18.642857142857142,26.5
2026-09-28,P001,Electronics,S02,14,4302.454870511116,0,0,1,Monday,September,Q3,0,0,Autumn,Rainy,0,4404.902868616801,99.65750283842861,Online,Wholesale,48.69512413242239,None,83.0,38.0,83.0,45.285714285714285,46.0,43.46666666666667
2026-09-30,P006,Apparel,S01,1,4578.595294255535,3,0,0,Wednesday,September,Q3,0,0,Autumn,Stormy,0,4963.278266064667,104.802392338728,In-Store,Wholesale,132.7097884586761,None,44.0,63.0,46.0,44.857142857142854,46.5,42.36666666666667
2026-10-03,P006,Apparel,S02,56,3399.273485976761,11,1,1,Saturday,October,Q4,0,1,Autumn,Clear,0,3643.37111011299,103.2861027203586,In-Store,Wholesale,3662.094704551498,None,56.0,18.0,88.0,55.857142857142854,54.5,51.46666666666667
2026-10-09,P008,Appliances,S02,33,1744.022625989047,0,1,1,Friday,October,Q4,0,0,Autumn,Stormy,0,1765.951864782537,104.941936391287,Wholesale,Wholesale,405.4439474218802,None,42.0,40.0,52.0,38.142857142857146,37.0,36.7
2026-10-11,P007,Sports,S02,16,4759.780387645988,3,1,1,Sunday,October,Q4,0,1,Autumn,Stormy,0,4596.980250079242,109.4355411497733,Wholesale,Corporate,1263.117774302219,None,20.0,29.0,0.0,23.142857142857142,18.571428571428573,30.433333333333334
2026-10-13,P005,Home,S03,12,1121.43395040208,21,1,0,Tuesday,October,Q4,0,0,Autumn,Cloudy,0,1058.530697341206,102.1336499155104,In-Store,Retail,3604.189388271478,None,77.0,96.0,3.0,47.42857142857143,44.0,40.7
2026-10-15,P004,Stationery,S03,1,1643.888352099897,14,1,0,Thursday,October,Q4,0,0,Autumn,Rainy,0,1640.250692022946,98.64315102477333,In-Store,Wholesale,5954.509665330232,None,44.0,4.0,74.0,28.714285714285715,28.642857142857142,38.56666666666667
2026-10-19,P003,Furniture,S02,68,4445.380886143663,12,1,1,Monday,October,Q4,0,0,Autumn,Cloudy,1,4220.360249401221,98.10344101192285,Online,Corporate,9191.818144519875,None,27.0,76.0,0.0,28.285714285714285,20.714285714285715,22.633333333333333
2026-11-07,P005,Home,S02,59,2621.113264034825,19,1,1,Saturday,November,Q4,0,1,Autumn,Cloudy,0,2350.698111670402,97.04118184157552,Online,Corporate,5956.971703480164,None,1.0,47.0,1.0,24.428571428571427,34.142857142857146,37.2
2026-11-19,P004,Stationery,S03,44,4571.088281859936,7,1,1,Thursday,November,Q4,0,0,Autumn,Stormy,1,4140.519385631248,96.09430574840397,Wholesale,Corporate,3493.38167911305,None,1.0,22.0,0.0,28.285714285714285,23.428571428571427,38.53333333333333
2026-11-19,P002,Electronics,S04,43,4791.564735552194,20,1,1,Thursday,November,Q4,0,0,Autumn,Rainy,0,4600.608787299327,106.9918988647484,Wholesale,Corporate,2348.0807264842,None,17.0,48.0,20.0,46.57142857142857,43.0,49.03333333333333
2026-11-21,P003,Furniture,S01,29,2082.164245773377,1,0,1,Saturday,November,Q4,0,1,Autumn,Cloudy,1,1995.322800707543,108.8032428253044,Wholesale,Wholesale,317.2589138498866,None,1.0,31.0,4.0,50.285714285714285,34.857142857142854,34.333333333333336
2026-11-21,P004,Stationery,S03,17,1145.408382026621,0,0,1,Saturday,November,Q4,0,1,Autumn,Cloudy,0,1189.247091683803,110.1703819189329,Wholesale,Wholesale,340.7630049111257,None,44.0,48.0,1.0,31.428571428571427,26.571428571428573,39.7
2026-12-12,P004,Stationery,S04,1,2181.012825273991,19,1,0,Saturday,December,Q4,0,1,Winter,Sunny,0,1994.45042660709,96.6678988793345,In-Store,Corporate,4763.565532463864,None,73.0,74.0,1.0,41.714285714285715,43.357142857142854,37.3
2026-12-25,P003,Furniture,S04,53,4144.118169425964,18,1,1,Friday,December,Q4,1,0,Winter,Rainy,0,4226.482688743812,97.66466710187125,Online,Wholesale,7096.556548634648,Christmas,47.0,4.0,47.0,22.571428571428573,35.357142857142854,41.53333333333333
